2026-04-07 13:24:19,214 [INFO] redscanner: Starting scan 20260407_132419 against sec-test.skycloud.tw
2026-04-07 13:24:19,214 [INFO] redscanner: Modules: recon, nuclei, xss, sqli, api_leak
2026-04-07 13:24:19,214 [INFO] redscanner: Output: output/sec-test.skycloud.tw/20260407_132419
2026-04-07 13:24:19,215 [INFO] redscanner: ============================================================
2026-04-07 13:24:19,215 [INFO] redscanner: PHASE 1: Reconnaissance
2026-04-07 13:24:19,215 [INFO] redscanner: ============================================================
2026-04-07 13:24:19,215 [INFO] redscanner.runner: Running: subfinder -d sec-test.skycloud.tw -silent -all
2026-04-07 13:24:31,977 [INFO] redscanner: subfinder found 0 subdomains
2026-04-07 13:24:31,979 [INFO] redscanner.runner: Running: httpx -l /tmp/tmpooloxjx6.txt -json -status-code -title -tech-detect -silent
2026-04-07 13:24:50,819 [INFO] redscanner: Discovered 0 assets
2026-04-07 13:24:50,819 [INFO] redscanner: ============================================================
2026-04-07 13:24:50,819 [INFO] redscanner: PHASE 2: Vulnerability Scanning (Nuclei)
2026-04-07 13:24:50,819 [INFO] redscanner: ============================================================
2026-04-07 13:24:50,821 [INFO] redscanner.runner: Running: nuclei -l /tmp/tmpdhudv7e5.txt -json -silent -severity critical,high,medium,low -rate-limit 50 -c 10
2026-04-07 13:24:51,405 [INFO] redscanner: Found 0 potential vulnerabilities
2026-04-07 13:24:51,406 [INFO] redscanner: ============================================================
2026-04-07 13:24:51,406 [INFO] redscanner: PHASE 3: XSS Scanning (Dalfox)
2026-04-07 13:24:51,406 [INFO] redscanner: ============================================================
2026-04-07 13:24:51,406 [INFO] redscanner.runner: Running: dalfox url http://sec-test.skycloud.tw --format json --silence --timeout 30 --worker 10
2026-04-07 13:25:01,215 [INFO] redscanner: Found 0 XSS vulnerabilities
2026-04-07 13:25:01,215 [INFO] redscanner: ============================================================
2026-04-07 13:25:01,216 [INFO] redscanner: PHASE 4: SQL Injection Scanning (sqlmap)
2026-04-07 13:25:01,216 [INFO] redscanner: ============================================================
2026-04-07 13:25:01,217 [WARNING] redscanner.runner: Tool not found: sqlmap. Skipping.
2026-04-07 13:25:01,217 [INFO] redscanner: Found 0 SQLi vulnerabilities
2026-04-07 13:25:01,217 [INFO] redscanner: ============================================================
2026-04-07 13:25:01,217 [INFO] redscanner: PHASE 5: API Key Leak Scanning
2026-04-07 13:25:01,217 [INFO] redscanner: ============================================================
2026-04-07 13:25:01,218 [WARNING] redscanner.runner: Tool not found: xcrawl3r. Skipping.
2026-04-07 13:25:01,218 [INFO] redscanner: Found 0 API key leaks
2026-04-07 13:25:01,219 [INFO] redscanner: ============================================================
2026-04-07 13:25:01,219 [INFO] redscanner: Generating Reports
2026-04-07 13:25:01,219 [INFO] redscanner: ============================================================
2026-04-07 13:25:01,220 [INFO] redscanner.report: JSON report: output/sec-test.skycloud.tw/20260407_132419/report.json
2026-04-07 13:25:01,221 [INFO] redscanner.report: Markdown report: output/sec-test.skycloud.tw/20260407_132419/report.md
2026-04-07 13:25:01,221 [INFO] redscanner.report: HTML report: output/sec-test.skycloud.tw/20260407_132419/report.html
2026-04-07 13:25:01,221 [INFO] redscanner.report: Reports written to output/sec-test.skycloud.tw/20260407_132419
2026-04-07 13:25:01,222 [INFO] redscanner: 
2026-04-07 13:25:01,222 [INFO] redscanner: ============================================================
2026-04-07 13:25:01,222 [INFO] redscanner: SCAN COMPLETE — 20260407_132419
2026-04-07 13:25:01,222 [INFO] redscanner: Target: sec-test.skycloud.tw
2026-04-07 13:25:01,222 [INFO] redscanner: Duration: 42.0s
2026-04-07 13:25:01,223 [INFO] redscanner: Assets discovered: 0
2026-04-07 13:25:01,223 [INFO] redscanner: Total vulnerabilities: 0
2026-04-07 13:25:01,223 [INFO] redscanner:   Critical: 0  High: 0  Medium: 0  Low: 0  Info: 0
2026-04-07 13:25:01,223 [INFO] redscanner: Reports saved to: output/sec-test.skycloud.tw/20260407_132419
2026-04-07 13:25:01,223 [INFO] redscanner: ============================================================
2026-04-07 13:25:33,226 [INFO] redscanner: Starting scan 20260407_132533 against sec-test.skycloud.tw
2026-04-07 13:25:33,226 [INFO] redscanner: Modules: recon, nuclei, xss, sqli, api_leak
2026-04-07 13:25:33,226 [INFO] redscanner: Output: output/sec-test.skycloud.tw/20260407_132533
2026-04-07 13:25:33,226 [INFO] redscanner: ============================================================
2026-04-07 13:25:33,226 [INFO] redscanner: PHASE 1: Reconnaissance
2026-04-07 13:25:33,226 [INFO] redscanner: ============================================================
2026-04-07 13:25:33,227 [INFO] redscanner.runner: Running: subfinder -d sec-test.skycloud.tw -silent -all
2026-04-07 13:25:46,192 [INFO] redscanner: subfinder found 0 subdomains
2026-04-07 13:25:46,194 [INFO] redscanner.runner: Running: httpx -l /tmp/tmpb7x2qjh_.txt -json -status-code -title -tech-detect -silent
2026-04-07 13:25:52,528 [WARNING] redscanner.runner: Tool not found: xcrawl3r. Skipping.
2026-04-07 13:25:52,528 [INFO] redscanner: Crawled 0 URLs from alive hosts
2026-04-07 13:25:52,531 [INFO] redscanner: Discovered 1 assets
2026-04-07 13:25:52,531 [INFO] redscanner: ============================================================
2026-04-07 13:25:52,532 [INFO] redscanner: PHASE 2: Vulnerability Scanning (Nuclei)
2026-04-07 13:25:52,532 [INFO] redscanner: ============================================================
2026-04-07 13:25:52,532 [INFO] redscanner.runner: Running: nuclei -l /tmp/tmp6buyq2c_.txt -json -silent -severity critical,high,medium,low -rate-limit 50 -c 10
2026-04-07 13:25:52,829 [INFO] redscanner: Found 0 potential vulnerabilities
2026-04-07 13:25:52,829 [INFO] redscanner: ============================================================
2026-04-07 13:25:52,829 [INFO] redscanner: PHASE 3: XSS Scanning (Dalfox)
2026-04-07 13:25:52,830 [INFO] redscanner: ============================================================
2026-04-07 13:25:52,830 [INFO] redscanner.runner: Running: dalfox url http://sec-test.skycloud.tw --format json --silence --timeout 30 --worker 10
2026-04-07 13:26:23,670 [INFO] redscanner: Found 0 XSS vulnerabilities
2026-04-07 13:26:23,670 [INFO] redscanner: ============================================================
2026-04-07 13:26:23,671 [INFO] redscanner: PHASE 4: SQL Injection Scanning (sqlmap)
2026-04-07 13:26:23,671 [INFO] redscanner: ============================================================
2026-04-07 13:26:23,672 [WARNING] redscanner.runner: Tool not found: sqlmap. Skipping.
2026-04-07 13:26:23,672 [INFO] redscanner: Found 0 SQLi vulnerabilities
2026-04-07 13:26:23,672 [INFO] redscanner: ============================================================
2026-04-07 13:26:23,672 [INFO] redscanner: PHASE 5: API Key Leak Scanning
2026-04-07 13:26:23,672 [INFO] redscanner: ============================================================
2026-04-07 13:26:23,673 [WARNING] redscanner.runner: Tool not found: xcrawl3r. Skipping.
2026-04-07 13:26:23,673 [INFO] redscanner: Found 0 API key leaks
2026-04-07 13:26:23,674 [INFO] redscanner: ============================================================
2026-04-07 13:26:23,674 [INFO] redscanner: Generating Reports
2026-04-07 13:26:23,674 [INFO] redscanner: ============================================================
2026-04-07 13:26:23,675 [INFO] redscanner.report: JSON report: output/sec-test.skycloud.tw/20260407_132533/report.json
2026-04-07 13:26:23,675 [INFO] redscanner.report: Markdown report: output/sec-test.skycloud.tw/20260407_132533/report.md
2026-04-07 13:26:23,676 [INFO] redscanner.report: HTML report: output/sec-test.skycloud.tw/20260407_132533/report.html
2026-04-07 13:26:23,676 [INFO] redscanner.report: Reports written to output/sec-test.skycloud.tw/20260407_132533
2026-04-07 13:26:23,676 [INFO] redscanner: 
2026-04-07 13:26:23,676 [INFO] redscanner: ============================================================
2026-04-07 13:26:23,677 [INFO] redscanner: SCAN COMPLETE — 20260407_132533
2026-04-07 13:26:23,677 [INFO] redscanner: Target: sec-test.skycloud.tw
2026-04-07 13:26:23,677 [INFO] redscanner: Duration: 50.4s
2026-04-07 13:26:23,677 [INFO] redscanner: Assets discovered: 1
2026-04-07 13:26:23,677 [INFO] redscanner: Total vulnerabilities: 0
2026-04-07 13:26:23,677 [INFO] redscanner:   Critical: 0  High: 0  Medium: 0  Low: 0  Info: 0
2026-04-07 13:26:23,678 [INFO] redscanner: Reports saved to: output/sec-test.skycloud.tw/20260407_132533
2026-04-07 13:26:23,678 [INFO] redscanner: ============================================================
2026-04-07 13:29:30,172 [INFO] redscanner: Starting scan 20260407_132930 against sec-test.skycloud.tw
2026-04-07 13:29:30,172 [INFO] redscanner: Modules: recon, nuclei, xss, sqli, api_leak
2026-04-07 13:29:30,173 [INFO] redscanner: Output: output/sec-test.skycloud.tw/20260407_132930
2026-04-07 13:29:30,173 [INFO] redscanner: ============================================================
2026-04-07 13:29:30,173 [INFO] redscanner: PHASE 1: Reconnaissance
2026-04-07 13:29:30,173 [INFO] redscanner: ============================================================
2026-04-07 13:29:30,173 [INFO] redscanner.runner: Running: subfinder -d sec-test.skycloud.tw -silent -all
2026-04-07 13:29:43,171 [INFO] redscanner: subfinder found 0 subdomains
2026-04-07 13:29:43,173 [INFO] redscanner.runner: Running: httpx -l /tmp/tmp5yjxb9lk.txt -json -status-code -title -tech-detect -silent
2026-04-07 13:29:50,979 [INFO] redscanner: xcrawl3r not in PATH; using curl + HTML link extraction (single-hop, limited coverage)
2026-04-07 13:29:50,980 [INFO] redscanner.runner: Running: curl -s -L --max-time 15 -A Mozilla/5.0 http://sec-test.skycloud.tw
2026-04-07 13:29:52,954 [INFO] redscanner: Crawled 70 URLs from alive hosts
2026-04-07 13:29:52,957 [INFO] redscanner: Discovered 1 assets
2026-04-07 13:29:52,957 [INFO] redscanner: ============================================================
2026-04-07 13:29:52,957 [INFO] redscanner: PHASE 2: Vulnerability Scanning (Nuclei)
2026-04-07 13:29:52,957 [INFO] redscanner: ============================================================
2026-04-07 13:29:52,957 [INFO] redscanner.runner: Running: nuclei -l /tmp/tmpitmsd4ew.txt -json -silent -severity critical,high,medium,low -rate-limit 50 -c 10
2026-04-07 13:29:53,249 [INFO] redscanner: Found 0 potential vulnerabilities
2026-04-07 13:29:53,250 [INFO] redscanner: ============================================================
2026-04-07 13:29:53,250 [INFO] redscanner: PHASE 3: XSS Scanning (Dalfox)
2026-04-07 13:29:53,250 [INFO] redscanner: ============================================================
2026-04-07 13:29:53,251 [INFO] redscanner.runner: Running: dalfox url http://sec-test.skycloud.tw --format json --silence --timeout 30 --worker 10
2026-04-07 13:30:45,935 [INFO] redscanner: Found 0 XSS vulnerabilities
2026-04-07 13:30:45,936 [INFO] redscanner: ============================================================
2026-04-07 13:30:45,936 [INFO] redscanner: PHASE 4: SQL Injection Scanning (sqlmap)
2026-04-07 13:30:45,936 [INFO] redscanner: ============================================================
2026-04-07 13:30:45,936 [INFO] redscanner.runner: Running: sqlmap -u http://sec-test.skycloud.tw --batch --smart --level 2 --risk 1 --output-dir output/sec-test.skycloud.tw/20260407_132930/sqlmap --forms --crawl=2
2026-04-07 13:32:58,986 [INFO] redscanner: Found 10 SQLi vulnerabilities
2026-04-07 13:32:58,986 [INFO] redscanner: ============================================================
2026-04-07 13:32:58,986 [INFO] redscanner: PHASE 5: API Key Leak Scanning
2026-04-07 13:32:58,986 [INFO] redscanner: ============================================================
2026-04-07 13:32:58,987 [INFO] redscanner: xcrawl3r not in PATH; scanning .js URLs from landing page HTML only
2026-04-07 13:32:58,987 [INFO] redscanner.runner: Running: curl -s -L --max-time 15 -A Mozilla/5.0 http://sec-test.skycloud.tw
2026-04-07 13:33:01,389 [INFO] redscanner.runner: Running: curl -s -L --max-time 10 https://code.jquery.com/jquery-3.6.0.js
2026-04-07 13:33:01,612 [INFO] redscanner.runner: Running: curl -s -L --max-time 10 http://sec-test.skycloud.tw/front/js/jquery.cookie.js
2026-04-07 13:33:03,915 [INFO] redscanner.runner: Running: curl -s -L --max-time 10 http://sec-test.skycloud.tw/front/js/bootstrap4.6/bootstrap.bundle.min.js
2026-04-07 13:33:05,977 [INFO] redscanner.runner: Running: curl -s -L --max-time 10 http://sec-test.skycloud.tw/front/js/swiper/swiper-bundle.js
2026-04-07 13:33:10,112 [INFO] redscanner.runner: Running: curl -s -L --max-time 10 http://sec-test.skycloud.tw/front/js/sweetalert2/sweetalert2.min.js
2026-04-07 13:33:10,867 [INFO] redscanner.runner: Running: curl -s -L --max-time 10 https://plugin-code.salesmartly.com/js/project_250465_257157_1740113218.js
2026-04-07 13:33:11,232 [INFO] redscanner: Found 0 API key leaks
2026-04-07 13:33:11,235 [INFO] redscanner: ============================================================
2026-04-07 13:33:11,235 [INFO] redscanner: Generating Reports
2026-04-07 13:33:11,235 [INFO] redscanner: ============================================================
2026-04-07 13:33:11,236 [INFO] redscanner.report: JSON report: output/sec-test.skycloud.tw/20260407_132930/report.json
2026-04-07 13:33:11,236 [INFO] redscanner.report: Markdown report: output/sec-test.skycloud.tw/20260407_132930/report.md
2026-04-07 13:33:11,236 [INFO] redscanner.report: HTML report: output/sec-test.skycloud.tw/20260407_132930/report.html
2026-04-07 13:33:11,237 [INFO] redscanner.report: Reports written to output/sec-test.skycloud.tw/20260407_132930
2026-04-07 13:33:11,237 [INFO] redscanner: 
2026-04-07 13:33:11,237 [INFO] redscanner: ============================================================
2026-04-07 13:33:11,237 [INFO] redscanner: SCAN COMPLETE — 20260407_132930
2026-04-07 13:33:11,237 [INFO] redscanner: Target: sec-test.skycloud.tw
2026-04-07 13:33:11,237 [INFO] redscanner: Duration: 221.1s
2026-04-07 13:33:11,237 [INFO] redscanner: Assets discovered: 1
2026-04-07 13:33:11,237 [INFO] redscanner: Total vulnerabilities: 7
2026-04-07 13:33:11,237 [INFO] redscanner:   Critical: 7  High: 0  Medium: 0  Low: 0  Info: 0
2026-04-07 13:33:11,237 [INFO] redscanner: Reports saved to: output/sec-test.skycloud.tw/20260407_132930
2026-04-07 13:33:11,237 [INFO] redscanner: ============================================================
2026-04-07 13:54:41,157 [INFO] redscanner: Starting scan 20260407_135441 against sec-test.skycloud.tw
2026-04-07 13:54:41,157 [INFO] redscanner: Modules (ordered): recon, wayback, naabu, nuclei, xss, sqli, api_leak, nikto
2026-04-07 13:54:41,157 [INFO] redscanner: Output: output/sec-test.skycloud.tw/20260407_135441
2026-04-07 13:54:41,157 [INFO] redscanner: ============================================================
2026-04-07 13:54:41,157 [INFO] redscanner: PHASE: Reconnaissance (subfinder, assetfinder, httpx, xcrawl3r)
2026-04-07 13:54:41,157 [INFO] redscanner: ============================================================
2026-04-07 13:54:41,158 [INFO] redscanner.runner: Running: subfinder -d sec-test.skycloud.tw -silent -all
2026-04-07 13:55:01,488 [INFO] redscanner: subfinder found 0 subdomains
2026-04-07 13:55:01,490 [INFO] redscanner: Merged 24 seed hostnames from red plan
2026-04-07 13:55:01,491 [INFO] redscanner.runner: Running: httpx -l /tmp/tmp8rqqbum4.txt -json -status-code -title -tech-detect -silent
2026-04-07 13:55:10,770 [INFO] redscanner: xcrawl3r not in PATH; using curl + HTML link extraction (single-hop, limited coverage)
2026-04-07 13:55:10,770 [INFO] redscanner.runner: Running: curl -s -L --max-time 15 -A Mozilla/5.0 http://sec-test.skycloud.tw
2026-04-07 13:55:11,526 [INFO] redscanner: Crawled 70 URLs from alive hosts
2026-04-07 13:55:11,528 [INFO] redscanner: Discovered 1 HTTP assets
2026-04-07 13:55:11,528 [INFO] redscanner: ============================================================
2026-04-07 13:55:11,528 [INFO] redscanner: PHASE: Historical URLs (waybackurls, gau)
2026-04-07 13:55:11,529 [INFO] redscanner: ============================================================
2026-04-07 13:55:11,529 [INFO] redscanner.runner: Running: waybackurls
2026-04-07 13:55:20,151 [WARNING] asyncio: Loop <_UnixSelectorEventLoop running=False closed=True debug=False> that handles pid 339324 is closed
2026-04-07 13:56:05,547 [INFO] redscanner: Starting scan 20260407_135605 against sec-test.skycloud.tw
2026-04-07 13:56:05,548 [INFO] redscanner: Modules (ordered): recon, nuclei, xss, sqli, api_leak
2026-04-07 13:56:05,548 [INFO] redscanner: Output: output/sec-test.skycloud.tw/20260407_135605
2026-04-07 13:56:05,548 [INFO] redscanner: ============================================================
2026-04-07 13:56:05,548 [INFO] redscanner: PHASE: Reconnaissance (subfinder, assetfinder, httpx, xcrawl3r)
2026-04-07 13:56:05,548 [INFO] redscanner: ============================================================
2026-04-07 13:56:05,548 [INFO] redscanner.runner: Running: subfinder -d sec-test.skycloud.tw -silent -all
2026-04-07 13:56:20,241 [INFO] redscanner: subfinder found 0 subdomains
2026-04-07 13:56:20,242 [INFO] redscanner: Merged 24 seed hostnames from red plan
2026-04-07 13:56:20,244 [INFO] redscanner.runner: Running: httpx -l /tmp/tmpxqa5abjj.txt -json -status-code -title -tech-detect -silent
2026-04-07 13:56:29,303 [INFO] redscanner: xcrawl3r not in PATH; using curl + HTML link extraction (single-hop, limited coverage)
2026-04-07 13:56:29,304 [INFO] redscanner.runner: Running: curl -s -L --max-time 15 -A Mozilla/5.0 http://sec-test.skycloud.tw
2026-04-07 13:56:29,976 [INFO] redscanner: Crawled 70 URLs from alive hosts
2026-04-07 13:56:29,978 [INFO] redscanner: Discovered 1 HTTP assets
2026-04-07 13:56:29,978 [INFO] redscanner: ============================================================
2026-04-07 13:56:29,978 [INFO] redscanner: PHASE: Nuclei
2026-04-07 13:56:29,978 [INFO] redscanner: ============================================================
2026-04-07 13:56:29,979 [INFO] redscanner.runner: Running: nuclei -l /tmp/tmpaq6evqo3.txt -json -silent -severity critical,high,medium,low -rate-limit 50 -c 10
2026-04-07 13:56:30,264 [INFO] redscanner: Nuclei reported 0 findings
2026-04-07 13:56:30,264 [INFO] redscanner: ============================================================
2026-04-07 13:56:30,264 [INFO] redscanner: PHASE: XSS (dalfox)
2026-04-07 13:56:30,265 [INFO] redscanner: ============================================================
2026-04-07 13:56:30,265 [INFO] redscanner.runner: Running: dalfox url http://sec-test.skycloud.tw --format json --silence --timeout 30 --worker 10
2026-04-07 13:56:50,995 [INFO] redscanner: Dalfox reported 0 findings
2026-04-07 13:56:50,995 [INFO] redscanner: ============================================================
2026-04-07 13:56:50,995 [INFO] redscanner: PHASE: SQLi (sqlmap)
2026-04-07 13:56:50,995 [INFO] redscanner: ============================================================
2026-04-07 13:56:50,996 [INFO] redscanner.runner: Running: sqlmap -u http://sec-test.skycloud.tw --batch --smart --level 2 --risk 1 --output-dir output/sec-test.skycloud.tw/20260407_135605/sqlmap --forms --crawl=2
2026-04-07 13:57:30,031 [INFO] redscanner: SQLmap reported 10 findings
2026-04-07 13:57:30,031 [INFO] redscanner: ============================================================
2026-04-07 13:57:30,031 [INFO] redscanner: PHASE: API / secret patterns in JS
2026-04-07 13:57:30,031 [INFO] redscanner: ============================================================
2026-04-07 13:57:30,032 [INFO] redscanner: xcrawl3r not in PATH; scanning .js URLs from landing page HTML only
2026-04-07 13:57:30,032 [INFO] redscanner.runner: Running: curl -s -L --max-time 15 -A Mozilla/5.0 http://sec-test.skycloud.tw
2026-04-07 13:57:31,623 [INFO] redscanner.runner: Running: curl -s -L --max-time 10 https://code.jquery.com/jquery-3.6.0.js
2026-04-07 13:57:31,839 [INFO] redscanner.runner: Running: curl -s -L --max-time 10 http://sec-test.skycloud.tw/front/js/jquery.cookie.js
2026-04-07 13:57:32,184 [INFO] redscanner.runner: Running: curl -s -L --max-time 10 http://sec-test.skycloud.tw/front/js/bootstrap4.6/bootstrap.bundle.min.js
2026-04-07 13:57:37,670 [INFO] redscanner.runner: Running: curl -s -L --max-time 10 http://sec-test.skycloud.tw/front/js/swiper/swiper-bundle.js
2026-04-07 13:57:38,096 [INFO] redscanner.runner: Running: curl -s -L --max-time 10 http://sec-test.skycloud.tw/front/js/sweetalert2/sweetalert2.min.js
2026-04-07 13:57:38,315 [INFO] redscanner.runner: Running: curl -s -L --max-time 10 https://plugin-code.salesmartly.com/js/project_250465_257157_1740113218.js
2026-04-07 13:57:38,425 [INFO] redscanner: API leak scan reported 0 findings
2026-04-07 13:57:38,428 [INFO] redscanner: ============================================================
2026-04-07 13:57:38,428 [INFO] redscanner: Generating Reports
2026-04-07 13:57:38,428 [INFO] redscanner: ============================================================
2026-04-07 13:57:38,429 [INFO] redscanner.report: JSON report: output/sec-test.skycloud.tw/20260407_135605/report.json
2026-04-07 13:57:38,429 [INFO] redscanner.report: Markdown report: output/sec-test.skycloud.tw/20260407_135605/report.md
2026-04-07 13:58:45,957 [INFO] redscanner: Starting scan 20260407_135845 against sec-test.skycloud.tw
2026-04-07 13:58:45,957 [INFO] redscanner: Modules (ordered): recon, nuclei, xss, sqli, api_leak
2026-04-07 13:58:45,957 [INFO] redscanner: Output: output/sec-test.skycloud.tw/20260407_135845
2026-04-07 13:58:45,957 [INFO] redscanner: ============================================================
2026-04-07 13:58:45,957 [INFO] redscanner: PHASE: Reconnaissance (subfinder, assetfinder, httpx, xcrawl3r)
2026-04-07 13:58:45,957 [INFO] redscanner: ============================================================
2026-04-07 13:58:45,957 [INFO] redscanner.runner: Running: subfinder -d sec-test.skycloud.tw -silent -all
2026-04-07 13:58:59,012 [INFO] redscanner: subfinder found 0 subdomains
2026-04-07 13:58:59,013 [INFO] redscanner: Merged 24 seed hostnames from red plan
2026-04-07 13:58:59,015 [INFO] redscanner.runner: Running: httpx -l /tmp/tmplvnvo_2m.txt -json -status-code -title -tech-detect -silent
2026-04-07 13:59:11,247 [INFO] redscanner: xcrawl3r not in PATH; using curl + HTML link extraction (single-hop, limited coverage)
2026-04-07 13:59:11,248 [INFO] redscanner.runner: Running: curl -s -L --max-time 15 -A Mozilla/5.0 http://sec-test.skycloud.tw
2026-04-07 13:59:17,761 [INFO] redscanner: Crawled 70 URLs from alive hosts
2026-04-07 13:59:17,764 [INFO] redscanner: Discovered 1 HTTP assets
2026-04-07 13:59:17,764 [INFO] redscanner: ============================================================
2026-04-07 13:59:17,764 [INFO] redscanner: PHASE: Nuclei
2026-04-07 13:59:17,764 [INFO] redscanner: ============================================================
2026-04-07 13:59:17,765 [INFO] redscanner.runner: Running: nuclei -l /tmp/tmpr0ui9suh.txt -json -silent -severity critical,high,medium,low -rate-limit 50 -c 10
2026-04-07 13:59:18,070 [INFO] redscanner: Nuclei reported 0 findings
2026-04-07 13:59:18,071 [INFO] redscanner: ============================================================
2026-04-07 13:59:18,071 [INFO] redscanner: PHASE: XSS (dalfox)
2026-04-07 13:59:18,071 [INFO] redscanner: ============================================================
2026-04-07 13:59:18,072 [INFO] redscanner.runner: Running: dalfox url http://sec-test.skycloud.tw --format json --silence --timeout 30 --worker 10
2026-04-07 13:59:47,644 [INFO] redscanner: Dalfox reported 0 findings
2026-04-07 13:59:47,644 [INFO] redscanner: ============================================================
2026-04-07 13:59:47,644 [INFO] redscanner: PHASE: SQLi (sqlmap)
2026-04-07 13:59:47,644 [INFO] redscanner: ============================================================
2026-04-07 13:59:47,645 [INFO] redscanner.runner: Running: sqlmap -u http://sec-test.skycloud.tw --batch --smart --level 2 --risk 1 --output-dir output/sec-test.skycloud.tw/20260407_135845/sqlmap --forms --crawl=2
2026-04-07 14:00:31,557 [INFO] redscanner: SQLmap reported 10 findings
2026-04-07 14:00:31,558 [INFO] redscanner: ============================================================
2026-04-07 14:00:31,558 [INFO] redscanner: PHASE: API / secret patterns in JS
2026-04-07 14:00:31,558 [INFO] redscanner: ============================================================
2026-04-07 14:00:31,559 [INFO] redscanner: xcrawl3r not in PATH; scanning .js URLs from landing page HTML only
2026-04-07 14:00:31,559 [INFO] redscanner.runner: Running: curl -s -L --max-time 15 -A Mozilla/5.0 http://sec-test.skycloud.tw
2026-04-07 14:00:31,834 [INFO] redscanner.runner: Running: curl -s -L --max-time 10 https://code.jquery.com/jquery-3.6.0.js
2026-04-07 14:00:32,057 [INFO] redscanner.runner: Running: curl -s -L --max-time 10 http://sec-test.skycloud.tw/front/js/jquery.cookie.js
2026-04-07 14:00:37,168 [INFO] redscanner.runner: Running: curl -s -L --max-time 10 http://sec-test.skycloud.tw/front/js/bootstrap4.6/bootstrap.bundle.min.js
2026-04-07 14:00:37,642 [INFO] redscanner.runner: Running: curl -s -L --max-time 10 http://sec-test.skycloud.tw/front/js/swiper/swiper-bundle.js
2026-04-07 14:00:38,060 [INFO] redscanner.runner: Running: curl -s -L --max-time 10 http://sec-test.skycloud.tw/front/js/sweetalert2/sweetalert2.min.js
2026-04-07 14:00:38,529 [INFO] redscanner.runner: Running: curl -s -L --max-time 10 https://plugin-code.salesmartly.com/js/project_250465_257157_1740113218.js
2026-04-07 14:00:38,624 [INFO] redscanner: API leak scan reported 0 findings
2026-04-07 14:00:38,628 [INFO] redscanner: ============================================================
2026-04-07 14:00:38,628 [INFO] redscanner: Generating Reports
2026-04-07 14:00:38,628 [INFO] redscanner: ============================================================
2026-04-07 14:00:38,629 [INFO] redscanner.report: JSON report: output/sec-test.skycloud.tw/20260407_135845/report.json
2026-04-07 14:00:38,629 [INFO] redscanner.report: Markdown report: output/sec-test.skycloud.tw/20260407_135845/report.md
2026-04-07 14:00:38,630 [INFO] redscanner.report: HTML report: output/sec-test.skycloud.tw/20260407_135845/report.html
2026-04-07 14:00:38,630 [INFO] redscanner.report: Reports written to output/sec-test.skycloud.tw/20260407_135845
2026-04-07 14:00:38,630 [INFO] redscanner: 
2026-04-07 14:00:38,630 [INFO] redscanner: ============================================================
2026-04-07 14:00:38,630 [INFO] redscanner: SCAN COMPLETE — 20260407_135845
2026-04-07 14:00:38,630 [INFO] redscanner: Target: sec-test.skycloud.tw
2026-04-07 14:00:38,630 [INFO] redscanner: Duration: 112.7s
2026-04-07 14:00:38,630 [INFO] redscanner: Assets discovered: 1
2026-04-07 14:00:38,630 [INFO] redscanner: Total findings: 7
2026-04-07 14:00:38,630 [INFO] redscanner:   Critical: 7  High: 0  Medium: 0  Low: 0  Info: 0
2026-04-07 14:00:38,630 [INFO] redscanner: Reports saved to: output/sec-test.skycloud.tw/20260407_135845
2026-04-07 14:00:38,631 [INFO] redscanner: ============================================================
2026-04-07 14:04:14,382 [INFO] redscanner: Starting scan 20260407_140414 against sec-test.skycloud.tw
2026-04-07 14:04:14,382 [INFO] redscanner: Modules (ordered): recon, nuclei, xss, sqli, api_leak
2026-04-07 14:04:14,382 [INFO] redscanner: Output: output/sec-test.skycloud.tw/20260407_140414
2026-04-07 14:04:14,382 [INFO] redscanner: ============================================================
2026-04-07 14:04:14,382 [INFO] redscanner: PHASE: Reconnaissance (subfinder, assetfinder, httpx, xcrawl3r)
2026-04-07 14:04:14,382 [INFO] redscanner: ============================================================
2026-04-07 14:04:14,383 [INFO] redscanner.runner: Running: subfinder -d sec-test.skycloud.tw -silent -all
2026-04-07 14:04:41,014 [INFO] redscanner: subfinder found 0 subdomains
2026-04-07 14:04:41,015 [INFO] redscanner: Merged 24 seed hostnames from red plan
2026-04-07 14:04:41,017 [INFO] redscanner.runner: Running: httpx -l /tmp/tmpjvf8a1cd.txt -json -status-code -title -tech-detect -silent
2026-04-07 14:04:48,734 [INFO] redscanner.runner: Running: xcrawl3r -u http://sec-test.skycloud.tw -d 2
2026-04-07 14:04:49,031 [INFO] redscanner: Crawled 0 URLs from alive hosts
2026-04-07 14:04:49,034 [INFO] redscanner: Discovered 1 HTTP assets
2026-04-07 14:04:49,034 [INFO] redscanner: ============================================================
2026-04-07 14:04:49,034 [INFO] redscanner: PHASE: Nuclei
2026-04-07 14:04:49,034 [INFO] redscanner: ============================================================
2026-04-07 14:04:49,035 [INFO] redscanner.runner: Running: nuclei -l /tmp/tmp9xvqg1dp.txt -json -silent -severity critical,high,medium,low -rate-limit 50 -c 10
2026-04-07 14:04:49,354 [INFO] redscanner: Nuclei reported 0 findings
2026-04-07 14:04:49,355 [INFO] redscanner: ============================================================
2026-04-07 14:04:49,355 [INFO] redscanner: PHASE: XSS (dalfox)
2026-04-07 14:04:49,355 [INFO] redscanner: ============================================================
2026-04-07 14:04:49,356 [INFO] redscanner.runner: Running: dalfox url http://sec-test.skycloud.tw --format json --silence --timeout 30 --worker 10
2026-04-07 14:05:38,736 [INFO] redscanner: Dalfox reported 0 findings
2026-04-07 14:05:38,737 [INFO] redscanner: ============================================================
2026-04-07 14:05:38,737 [INFO] redscanner: PHASE: SQLi (sqlmap)
2026-04-07 14:05:38,737 [INFO] redscanner: ============================================================
2026-04-07 14:05:38,738 [INFO] redscanner.runner: Running: sqlmap -u http://sec-test.skycloud.tw --batch --smart --level 2 --risk 1 --output-dir output/sec-test.skycloud.tw/20260407_140414/sqlmap --forms --crawl=2
2026-04-07 14:06:08,934 [INFO] redscanner: SQLmap reported 10 findings
2026-04-07 14:06:08,934 [INFO] redscanner: ============================================================
2026-04-07 14:06:08,934 [INFO] redscanner: PHASE: API / secret patterns in JS
2026-04-07 14:06:08,935 [INFO] redscanner: ============================================================
2026-04-07 14:06:08,935 [INFO] redscanner.runner: Running: xcrawl3r -u http://sec-test.skycloud.tw -d 1
2026-04-07 14:06:09,254 [INFO] redscanner: API leak scan reported 0 findings
2026-04-07 14:06:09,257 [INFO] redscanner: ============================================================
2026-04-07 14:06:09,257 [INFO] redscanner: Generating Reports
2026-04-07 14:06:09,257 [INFO] redscanner: ============================================================
2026-04-07 14:06:09,258 [INFO] redscanner.report: JSON report: output/sec-test.skycloud.tw/20260407_140414/report.json
2026-04-07 14:06:09,258 [INFO] redscanner.report: Markdown report: output/sec-test.skycloud.tw/20260407_140414/report.md
2026-04-07 14:06:09,258 [INFO] redscanner.report: HTML report: output/sec-test.skycloud.tw/20260407_140414/report.html
2026-04-07 14:06:09,258 [INFO] redscanner.report: Reports written to output/sec-test.skycloud.tw/20260407_140414
2026-04-07 14:06:09,259 [INFO] redscanner: 
2026-04-07 14:06:09,259 [INFO] redscanner: ============================================================
2026-04-07 14:06:09,259 [INFO] redscanner: SCAN COMPLETE — 20260407_140414
2026-04-07 14:06:09,259 [INFO] redscanner: Target: sec-test.skycloud.tw
2026-04-07 14:06:09,259 [INFO] redscanner: Duration: 114.9s
2026-04-07 14:06:09,259 [INFO] redscanner: Assets discovered: 1
2026-04-07 14:06:09,259 [INFO] redscanner: Total findings: 7
2026-04-07 14:06:09,259 [INFO] redscanner:   Critical: 7  High: 0  Medium: 0  Low: 0  Info: 0
2026-04-07 14:06:09,259 [INFO] redscanner: Reports saved to: output/sec-test.skycloud.tw/20260407_140414
2026-04-07 14:06:09,259 [INFO] redscanner: ============================================================
2026-04-07 14:09:50,311 [INFO] redscanner: Starting scan 20260407_140950 against sec-test.skycloud.tw
2026-04-07 14:09:50,312 [INFO] redscanner: Modules (ordered): recon, wayback, naabu, nuclei, xss, sqli, api_leak, nikto
2026-04-07 14:09:50,312 [INFO] redscanner: Output: output/sec-test.skycloud.tw/20260407_140950
2026-04-07 14:09:50,314 [INFO] redscanner: External tools on PATH: subfinder, httpx, xcrawl3r, waybackurls, gau, naabu, nuclei, dalfox, sqlmap, nikto
2026-04-07 14:09:50,314 [WARNING] redscanner: Not installed or not on PATH (those phases will skip or use fallbacks): assetfinder
2026-04-07 14:09:50,315 [INFO] redscanner: ============================================================
2026-04-07 14:09:50,315 [INFO] redscanner: PHASE: Reconnaissance (subfinder, assetfinder, httpx, xcrawl3r)
2026-04-07 14:09:50,315 [INFO] redscanner: ============================================================
2026-04-07 14:09:50,315 [INFO] redscanner.runner: Running: subfinder -d sec-test.skycloud.tw -silent -all
2026-04-07 14:10:02,362 [INFO] redscanner: subfinder found 0 subdomains
2026-04-07 14:10:02,363 [INFO] redscanner: assetfinder not on PATH — install https://github.com/tomnomnom/assetfinder to merge passive subdomain hints (optional).
2026-04-07 14:10:02,364 [INFO] redscanner: Merged 24 seed hostnames from red plan
2026-04-07 14:10:02,365 [INFO] redscanner.runner: Running: httpx -l /tmp/tmpixj8m6f1.txt -json -status-code -title -tech-detect -silent
2026-04-07 14:10:09,743 [INFO] redscanner.runner: Running: xcrawl3r -u http://sec-test.skycloud.tw -d 2
2026-04-07 14:10:10,063 [INFO] redscanner: Crawled 0 URLs from alive hosts
2026-04-07 14:10:10,065 [INFO] redscanner: Discovered 1 HTTP assets
2026-04-07 14:10:10,066 [INFO] redscanner: ============================================================
2026-04-07 14:10:10,066 [INFO] redscanner: PHASE: Historical URLs (waybackurls, gau)
2026-04-07 14:10:10,066 [INFO] redscanner: ============================================================
2026-04-07 14:10:10,066 [INFO] redscanner.runner: Running: waybackurls
2026-04-07 14:11:10,366 [INFO] redscanner.runner: Running: gau admin-sec-test.skycloud.tw
2026-04-07 14:11:33,079 [INFO] redscanner.runner: Running: waybackurls
2026-04-07 14:11:46,848 [INFO] redscanner.runner: Running: gau admin.sec-test.skycloud.tw
2026-04-07 14:12:23,501 [INFO] redscanner.runner: Running: waybackurls
2026-04-07 14:12:31,261 [INFO] redscanner.runner: Running: gau adminsec-test.skycloud.tw
2026-04-07 14:12:51,659 [INFO] redscanner.runner: Running: waybackurls
2026-04-07 14:12:53,945 [INFO] redscanner.runner: Running: gau dev-sec-test.skycloud.tw
2026-04-07 14:14:11,728 [INFO] redscanner.runner: Running: waybackurls
2026-04-07 14:14:36,412 [INFO] redscanner.runner: Running: gau dev.sec-test.skycloud.tw
2026-04-07 14:15:12,562 [INFO] redscanner.runner: Running: waybackurls
2026-04-07 14:16:05,697 [INFO] redscanner.runner: Running: gau devsec-test.skycloud.tw
2026-04-07 14:16:57,707 [INFO] redscanner.runner: Running: waybackurls
2026-04-07 14:17:08,080 [INFO] redscanner.runner: Running: gau qa-sec-test.skycloud.tw
2026-04-07 14:17:38,711 [INFO] redscanner.runner: Running: waybackurls
2026-04-07 14:18:06,578 [INFO] redscanner.runner: Running: gau qa.sec-test.skycloud.tw
2026-04-07 14:18:45,757 [INFO] redscanner.runner: Running: waybackurls
2026-04-07 14:19:00,281 [INFO] redscanner.runner: Running: gau qasec-test.skycloud.tw
2026-04-07 14:19:40,639 [INFO] redscanner.runner: Running: waybackurls
2026-04-07 14:19:41,766 [INFO] redscanner.runner: Running: gau sec-test-admin.skycloud.tw
2026-04-07 14:20:49,969 [INFO] redscanner.runner: Running: waybackurls
2026-04-07 14:20:51,399 [INFO] redscanner.runner: Running: gau sec-test-dev.skycloud.tw
2026-04-07 14:21:45,033 [INFO] redscanner.runner: Running: waybackurls
2026-04-07 14:22:09,745 [INFO] redscanner.runner: Running: gau sec-test-qa.skycloud.tw
2026-04-07 14:22:28,006 [WARNING] asyncio: Loop <_UnixSelectorEventLoop running=False closed=True debug=False> that handles pid 356365 is closed
2026-04-07 14:29:01,992 [INFO] redscanner: Starting scan 20260407_142901 against sec-test.skycloud.tw
2026-04-07 14:29:01,992 [INFO] redscanner: Engagement plan: Red team engagement plan
2026-04-07 14:29:01,993 [INFO] redscanner: Frameworks: MITRE ATT&CK (Enterprise + Cloud + Recon); PTES — Penetration Testing Execution Standard; OWASP Web Security Testing Guide (WSTG); NIST SP 800-115 — Technical Guide for Security Testing
2026-04-07 14:29:01,993 [INFO] redscanner: Modules (ordered): recon, wayback, naabu, nuclei, xss, sqli, api_leak, nikto
2026-04-07 14:29:01,993 [INFO] redscanner: Output: output/sec-test.skycloud.tw/20260407_142901
2026-04-07 14:29:01,995 [INFO] redscanner: External tools on PATH: subfinder, httpx, xcrawl3r, waybackurls, gau, naabu, nuclei, dalfox, sqlmap, nikto
2026-04-07 14:29:01,995 [WARNING] redscanner: Not installed or not on PATH (those phases will skip or use fallbacks): assetfinder
2026-04-07 14:29:01,995 [INFO] redscanner: ============================================================
2026-04-07 14:29:01,996 [INFO] redscanner: PHASE: Reconnaissance (subfinder, assetfinder, httpx, xcrawl3r)
2026-04-07 14:29:01,996 [INFO] redscanner: ============================================================
2026-04-07 14:29:01,996 [INFO] redscanner.runner: Running: subfinder -d sec-test.skycloud.tw -silent -all
2026-04-07 14:29:18,589 [INFO] redscanner: subfinder found 0 subdomains
2026-04-07 14:29:18,590 [INFO] redscanner: assetfinder not on PATH — install https://github.com/tomnomnom/assetfinder to merge passive subdomain hints (optional).
2026-04-07 14:29:18,592 [INFO] redscanner.runner: Running: httpx -l /tmp/tmpdxnvdrho.txt -json -status-code -title -tech-detect -silent
2026-04-07 14:29:25,558 [INFO] redscanner.runner: Running: xcrawl3r -u http://sec-test.skycloud.tw -d 2
2026-04-07 14:29:25,913 [INFO] redscanner: Crawled 0 URLs from alive hosts
2026-04-07 14:29:25,916 [INFO] redscanner: Discovered 1 HTTP assets
2026-04-07 14:29:25,916 [INFO] redscanner: ============================================================
2026-04-07 14:29:25,916 [INFO] redscanner: PHASE: Historical URLs (waybackurls, gau)
2026-04-07 14:29:25,916 [INFO] redscanner: ============================================================
2026-04-07 14:29:25,917 [INFO] redscanner.runner: Running: waybackurls
2026-04-07 14:29:59,660 [INFO] redscanner.runner: Running: gau sec-test.skycloud.tw
2026-04-07 14:31:15,353 [INFO] redscanner: Wayback/gau collected 0 URLs (cap 500)
2026-04-07 14:31:15,354 [INFO] redscanner: Collected 0 historical URLs for downstream scanners
2026-04-07 14:31:15,354 [INFO] redscanner: ============================================================
2026-04-07 14:31:15,354 [INFO] redscanner: PHASE: Port scan (naabu)
2026-04-07 14:31:15,354 [INFO] redscanner: ============================================================
2026-04-07 14:31:15,356 [INFO] redscanner.runner: Running: naabu -l output/sec-test.skycloud.tw/20260407_142901/recon/naabu_hosts.txt -silent -top-ports 1000 -rate 500
2026-04-07 14:31:30,091 [INFO] redscanner: naabu reported 0 open ports (info findings)
2026-04-07 14:31:30,091 [INFO] redscanner: ============================================================
2026-04-07 14:31:30,091 [INFO] redscanner: PHASE: Nuclei
2026-04-07 14:31:30,092 [INFO] redscanner: ============================================================
2026-04-07 14:31:30,093 [INFO] redscanner.runner: Running: nuclei -l /tmp/tmpw6u6gjcs.txt -json -silent -severity critical,high,medium,low -rate-limit 50 -c 10
2026-04-07 14:31:30,394 [INFO] redscanner: Nuclei reported 0 findings
2026-04-07 14:31:30,394 [INFO] redscanner: ============================================================
2026-04-07 14:31:30,395 [INFO] redscanner: PHASE: XSS (dalfox)
2026-04-07 14:31:30,395 [INFO] redscanner: ============================================================
2026-04-07 14:31:30,395 [INFO] redscanner.runner: Running: dalfox url http://sec-test.skycloud.tw --format json --silence --timeout 30 --worker 10
2026-04-07 14:32:05,875 [INFO] redscanner: Dalfox reported 0 findings
2026-04-07 14:32:05,875 [INFO] redscanner: ============================================================
2026-04-07 14:32:05,875 [INFO] redscanner: PHASE: SQLi (sqlmap)
2026-04-07 14:32:05,875 [INFO] redscanner: ============================================================
2026-04-07 14:32:05,876 [INFO] redscanner.runner: Running: sqlmap -u http://sec-test.skycloud.tw --batch --smart --level 2 --risk 1 --output-dir output/sec-test.skycloud.tw/20260407_142901/sqlmap --forms --crawl=2
2026-04-07 14:32:47,132 [INFO] redscanner: SQLmap reported 10 findings
2026-04-07 14:32:47,133 [INFO] redscanner: ============================================================
2026-04-07 14:32:47,133 [INFO] redscanner: PHASE: API / secret patterns in JS
2026-04-07 14:32:47,133 [INFO] redscanner: ============================================================
2026-04-07 14:32:47,134 [INFO] redscanner.runner: Running: xcrawl3r -u http://sec-test.skycloud.tw -d 1
2026-04-07 14:32:47,446 [INFO] redscanner: API leak scan reported 0 findings
2026-04-07 14:32:47,446 [INFO] redscanner: ============================================================
2026-04-07 14:32:47,446 [INFO] redscanner: PHASE: Nikto
2026-04-07 14:32:47,446 [INFO] redscanner: ============================================================
2026-04-07 14:32:47,448 [INFO] redscanner.runner: Running: nikto -h http://sec-test.skycloud.tw -maxtime 120s -useragent Mozilla/5.0
2026-04-07 14:32:47,583 [INFO] redscanner: nikto pass complete (1 hosts), parsed 0 lines
2026-04-07 14:32:47,584 [INFO] redscanner: Nikto parsed 0 notable lines
2026-04-07 14:32:47,592 [INFO] redscanner: ============================================================
2026-04-07 14:32:47,592 [INFO] redscanner: Generating Reports
2026-04-07 14:32:47,592 [INFO] redscanner: ============================================================
2026-04-07 14:32:47,593 [INFO] redscanner.report: JSON report: output/sec-test.skycloud.tw/20260407_142901/report.json
2026-04-07 14:32:47,593 [INFO] redscanner.report: Markdown report: output/sec-test.skycloud.tw/20260407_142901/report.md
2026-04-07 14:32:47,593 [INFO] redscanner.report: HTML report: output/sec-test.skycloud.tw/20260407_142901/report.html
2026-04-07 14:32:47,593 [INFO] redscanner.report: Reports written to output/sec-test.skycloud.tw/20260407_142901
2026-04-07 14:32:47,593 [INFO] redscanner: 
2026-04-07 14:32:47,593 [INFO] redscanner: ============================================================
2026-04-07 14:32:47,594 [INFO] redscanner: SCAN COMPLETE — 20260407_142901
2026-04-07 14:32:47,594 [INFO] redscanner: Target: sec-test.skycloud.tw
2026-04-07 14:32:47,594 [INFO] redscanner: Duration: 225.6s
2026-04-07 14:32:47,594 [INFO] redscanner: Assets discovered: 1
2026-04-07 14:32:47,594 [INFO] redscanner: Total findings: 7
2026-04-07 14:32:47,594 [INFO] redscanner:   Critical: 7  High: 0  Medium: 0  Low: 0  Info: 0
2026-04-07 14:32:47,594 [INFO] redscanner: Reports saved to: output/sec-test.skycloud.tw/20260407_142901
2026-04-07 14:32:47,594 [INFO] redscanner: ============================================================
2026-04-07 14:42:32,736 [INFO] redscanner: Starting scan 20260407_144232 against sec-test.skycloud.tw
2026-04-07 14:42:32,736 [INFO] redscanner: Engagement plan: Red team engagement plan
2026-04-07 14:42:32,736 [INFO] redscanner: Frameworks: MITRE ATT&CK (Enterprise + Cloud + Recon); PTES — Penetration Testing Execution Standard; OWASP Web Security Testing Guide (WSTG); NIST SP 800-115 — Technical Guide for Security Testing
2026-04-07 14:42:32,736 [INFO] redscanner: Modules (ordered): recon, wayback, naabu, nuclei, xss, sqli, api_leak, nikto
2026-04-07 14:42:32,736 [INFO] redscanner: Output: output/sec-test.skycloud.tw/20260407_144232
2026-04-07 14:42:32,739 [INFO] redscanner: External tools on PATH: subfinder, httpx, assetfinder, xcrawl3r, waybackurls, gau, naabu, nuclei, dalfox, sqlmap, nikto
2026-04-07 14:42:32,739 [INFO] redscanner: ============================================================
2026-04-07 14:42:32,739 [INFO] redscanner: PHASE: Reconnaissance (subfinder, assetfinder, httpx, xcrawl3r)
2026-04-07 14:42:32,739 [INFO] redscanner: ============================================================
2026-04-07 14:42:32,739 [INFO] redscanner.runner: Running: subfinder -d sec-test.skycloud.tw -silent -all
2026-04-07 14:42:42,928 [INFO] redscanner: subfinder found 0 subdomains
2026-04-07 14:42:42,929 [INFO] redscanner.runner: Running: assetfinder sec-test.skycloud.tw
2026-04-07 14:42:43,996 [INFO] redscanner: assetfinder added 1 hostnames
2026-04-07 14:42:43,998 [INFO] redscanner.runner: Running: httpx -l /tmp/tmpypbo4hzv.txt -json -status-code -title -tech-detect -silent
2026-04-07 14:43:52,688 [INFO] redscanner: Starting scan 20260407_144352 against sec-test.skycloud.tw
2026-04-07 14:43:52,688 [INFO] redscanner: Engagement plan: Red team engagement plan
2026-04-07 14:43:52,688 [INFO] redscanner: Frameworks: MITRE ATT&CK (Enterprise + Cloud + Recon); PTES — Penetration Testing Execution Standard; OWASP Web Security Testing Guide (WSTG); NIST SP 800-115 — Technical Guide for Security Testing
2026-04-07 14:43:52,688 [INFO] redscanner: Modules (ordered): recon, wayback, naabu, nuclei, xss, sqli, api_leak, nikto
2026-04-07 14:43:52,688 [INFO] redscanner: Output: output/sec-test.skycloud.tw/20260407_144352
2026-04-07 14:43:52,691 [INFO] redscanner: External tools on PATH: subfinder, httpx, assetfinder, xcrawl3r, waybackurls, gau, naabu, nuclei, dalfox, sqlmap, nikto
2026-04-07 14:43:52,691 [INFO] redscanner: ============================================================
2026-04-07 14:43:52,691 [INFO] redscanner: PHASE: Reconnaissance (subfinder, assetfinder, httpx, xcrawl3r)
2026-04-07 14:43:52,691 [INFO] redscanner: ============================================================
2026-04-07 14:43:52,691 [INFO] redscanner.runner: Running: subfinder -d sec-test.skycloud.tw -silent -all
2026-04-07 14:44:04,973 [INFO] redscanner: subfinder found 0 subdomains
2026-04-07 14:44:04,975 [INFO] redscanner.runner: Running: assetfinder sec-test.skycloud.tw
2026-04-07 14:44:34,538 [INFO] redscanner: assetfinder added 1 hostnames
2026-04-07 14:44:34,540 [INFO] redscanner.runner: Running: httpx -l /tmp/tmp1lis7r3b.txt -json -status-code -title -tech-detect -silent
2026-04-07 14:44:40,497 [INFO] redscanner.runner: Running: xcrawl3r -u http://sec-test.skycloud.tw -d 2
2026-04-07 14:44:40,807 [INFO] redscanner: Crawled 0 URLs from alive hosts
2026-04-07 14:44:40,810 [INFO] redscanner: Discovered 1 HTTP assets
2026-04-07 14:44:40,811 [INFO] redscanner: ============================================================
2026-04-07 14:44:40,811 [INFO] redscanner: PHASE: Historical URLs (waybackurls, gau)
2026-04-07 14:44:40,811 [INFO] redscanner: ============================================================
2026-04-07 14:44:40,811 [INFO] redscanner.runner: Running: waybackurls
2026-04-07 14:45:25,144 [INFO] redscanner.runner: Running: gau sec-test.skycloud.tw
2026-04-07 14:45:58,644 [INFO] redscanner: Wayback/gau collected 0 URLs (cap 500)
2026-04-07 14:45:58,645 [INFO] redscanner: Collected 0 historical URLs for downstream scanners
2026-04-07 14:45:58,645 [INFO] redscanner: ============================================================
2026-04-07 14:45:58,645 [INFO] redscanner: PHASE: Port scan (naabu)
2026-04-07 14:45:58,645 [INFO] redscanner: ============================================================
2026-04-07 14:45:58,647 [INFO] redscanner.runner: Running: naabu -l output/sec-test.skycloud.tw/20260407_144352/recon/naabu_hosts.txt -silent -top-ports 1000 -rate 500
2026-04-07 14:46:12,116 [INFO] redscanner: naabu reported 3 open ports (info findings)
2026-04-07 14:46:12,117 [INFO] redscanner: ============================================================
2026-04-07 14:46:12,117 [INFO] redscanner: PHASE: Nuclei
2026-04-07 14:46:12,117 [INFO] redscanner: ============================================================
2026-04-07 14:46:12,118 [INFO] redscanner.runner: Running: nuclei -l /tmp/tmp890jh2k2.txt -json -silent -severity critical,high,medium,low -rate-limit 50 -c 10
2026-04-07 14:46:12,428 [INFO] redscanner: Nuclei reported 0 findings
2026-04-07 14:46:12,428 [INFO] redscanner: ============================================================
2026-04-07 14:46:12,428 [INFO] redscanner: PHASE: XSS (dalfox)
2026-04-07 14:46:12,428 [INFO] redscanner: ============================================================
2026-04-07 14:46:12,429 [INFO] redscanner.runner: Running: dalfox url http://sec-test.skycloud.tw --format json --silence --timeout 30 --worker 10
2026-04-07 14:46:34,339 [INFO] redscanner: Dalfox reported 0 findings
2026-04-07 14:46:34,340 [INFO] redscanner: ============================================================
2026-04-07 14:46:34,340 [INFO] redscanner: PHASE: SQLi (sqlmap)
2026-04-07 14:46:34,340 [INFO] redscanner: ============================================================
2026-04-07 14:46:34,340 [INFO] redscanner.runner: Running: sqlmap -u http://sec-test.skycloud.tw --batch --smart --level 2 --risk 1 --output-dir output/sec-test.skycloud.tw/20260407_144352/sqlmap --forms --crawl=2
2026-04-07 14:46:59,883 [INFO] redscanner: SQLmap reported 10 findings
2026-04-07 14:46:59,883 [INFO] redscanner: ============================================================
2026-04-07 14:46:59,883 [INFO] redscanner: PHASE: API / secret patterns in JS
2026-04-07 14:46:59,883 [INFO] redscanner: ============================================================
2026-04-07 14:46:59,884 [INFO] redscanner.runner: Running: xcrawl3r -u http://sec-test.skycloud.tw -d 1
2026-04-07 14:47:00,228 [INFO] redscanner: API leak scan reported 0 findings
2026-04-07 14:47:00,229 [INFO] redscanner: ============================================================
2026-04-07 14:47:00,229 [INFO] redscanner: PHASE: Nikto
2026-04-07 14:47:00,229 [INFO] redscanner: ============================================================
2026-04-07 14:47:00,230 [INFO] redscanner.runner: Running: nikto -h http://sec-test.skycloud.tw -maxtime 120s -useragent Mozilla/5.0
2026-04-07 14:47:00,360 [INFO] redscanner: nikto pass complete (1 hosts), parsed 0 lines
2026-04-07 14:47:00,360 [INFO] redscanner: Nikto parsed 0 notable lines
2026-04-07 14:47:00,364 [INFO] redscanner: ============================================================
2026-04-07 14:47:00,364 [INFO] redscanner: Generating Reports
2026-04-07 14:47:00,364 [INFO] redscanner: ============================================================
2026-04-07 14:47:00,365 [INFO] redscanner.report: JSON report: output/sec-test.skycloud.tw/20260407_144352/report.json
2026-04-07 14:47:00,365 [INFO] redscanner.report: Markdown report: output/sec-test.skycloud.tw/20260407_144352/report.md
2026-04-07 14:47:00,365 [INFO] redscanner.report: HTML report: output/sec-test.skycloud.tw/20260407_144352/report.html
2026-04-07 14:47:00,365 [INFO] redscanner.report: Reports written to output/sec-test.skycloud.tw/20260407_144352
2026-04-07 14:47:00,365 [INFO] redscanner: 
2026-04-07 14:47:00,365 [INFO] redscanner: ============================================================
2026-04-07 14:47:00,365 [INFO] redscanner: SCAN COMPLETE — 20260407_144352
2026-04-07 14:47:00,366 [INFO] redscanner: Target: sec-test.skycloud.tw
2026-04-07 14:47:00,366 [INFO] redscanner: Duration: 187.7s
2026-04-07 14:47:00,366 [INFO] redscanner: Assets discovered: 1
2026-04-07 14:47:00,366 [INFO] redscanner: Total findings: 10
2026-04-07 14:47:00,366 [INFO] redscanner:   Critical: 7  High: 0  Medium: 0  Low: 0  Info: 3
2026-04-07 14:47:00,366 [INFO] redscanner: Reports saved to: output/sec-test.skycloud.tw/20260407_144352
2026-04-07 14:47:00,366 [INFO] redscanner: ============================================================
2026-04-07 14:58:41,522 [INFO] redscanner: Starting scan 20260407_145841 against sec-test.skycloud.tw
2026-04-07 14:58:41,522 [INFO] redscanner: Engagement plan: Red team engagement plan
2026-04-07 14:58:41,522 [INFO] redscanner: Frameworks: MITRE ATT&CK (Enterprise + Cloud + Recon); PTES — Penetration Testing Execution Standard; OWASP Web Security Testing Guide (WSTG); NIST SP 800-115 — Technical Guide for Security Testing
2026-04-07 14:58:41,522 [INFO] redscanner: Modules (ordered): recon, wayback, naabu, nuclei, xss, sqli, api_leak, nikto
2026-04-07 14:58:41,522 [INFO] redscanner: Output: output/sec-test.skycloud.tw/20260407_145841
2026-04-07 14:58:41,525 [INFO] redscanner: External tools on PATH: subfinder, httpx, assetfinder, xcrawl3r, waybackurls, gau, naabu, nuclei, dalfox, sqlmap, nikto
2026-04-07 14:58:41,525 [INFO] redscanner: ============================================================
2026-04-07 14:58:41,525 [INFO] redscanner: PHASE: Reconnaissance (subfinder, assetfinder, httpx, xcrawl3r)
2026-04-07 14:58:41,525 [INFO] redscanner: ============================================================
2026-04-07 14:58:41,525 [INFO] redscanner.runner: Running: subfinder -d sec-test.skycloud.tw -silent -all
2026-04-07 14:59:11,939 [INFO] redscanner: subfinder found 0 subdomains
2026-04-07 14:59:11,940 [INFO] redscanner.runner: Running: assetfinder sec-test.skycloud.tw
2026-04-07 14:59:14,220 [INFO] redscanner: assetfinder added 1 hostnames
2026-04-07 14:59:14,223 [INFO] redscanner.runner: Running: httpx -l /tmp/tmpy4yfrphm.txt -json -status-code -title -tech-detect -silent
2026-04-07 14:59:20,025 [INFO] redscanner.runner: Running: xcrawl3r -u http://sec-test.skycloud.tw -d 2
2026-04-07 14:59:20,337 [INFO] redscanner: Crawled 0 URLs from alive hosts
2026-04-07 14:59:20,340 [INFO] redscanner: Discovered 1 HTTP assets
2026-04-07 14:59:20,340 [INFO] redscanner: ============================================================
2026-04-07 14:59:20,341 [INFO] redscanner: PHASE: Historical URLs (waybackurls, gau)
2026-04-07 14:59:20,341 [INFO] redscanner: ============================================================
2026-04-07 14:59:20,341 [INFO] redscanner.runner: Running: waybackurls
2026-04-07 15:00:20,635 [INFO] redscanner.runner: Running: gau sec-test.skycloud.tw
2026-04-07 15:01:10,280 [WARNING] asyncio: Loop <_UnixSelectorEventLoop running=False closed=True debug=False> that handles pid 371085 is closed
2026-04-07 15:03:07,491 [INFO] redscanner: Starting scan 20260407_150307 against sec-test.skycloud.tw
2026-04-07 15:03:07,491 [INFO] redscanner: Engagement plan: Red team engagement plan
2026-04-07 15:03:07,492 [INFO] redscanner: Frameworks: MITRE ATT&CK (Enterprise + Cloud + Recon); PTES — Penetration Testing Execution Standard; OWASP Web Security Testing Guide (WSTG); NIST SP 800-115 — Technical Guide for Security Testing
2026-04-07 15:03:07,492 [INFO] redscanner: Modules (ordered): recon, wayback, naabu, nuclei, xss, sqli, api_leak, nikto
2026-04-07 15:03:07,492 [INFO] redscanner: Output: output/sec-test.skycloud.tw/20260407_150307
2026-04-07 15:03:07,494 [INFO] redscanner: External tools on PATH: subfinder, httpx, assetfinder, xcrawl3r, waybackurls, gau, naabu, nuclei, dalfox, sqlmap, nikto
2026-04-07 15:03:07,494 [INFO] redscanner: ============================================================
2026-04-07 15:03:07,495 [INFO] redscanner: PHASE: Reconnaissance (subfinder, assetfinder, httpx, xcrawl3r)
2026-04-07 15:03:07,495 [INFO] redscanner: ============================================================
2026-04-07 15:03:07,495 [INFO] redscanner.runner: Running: subfinder -d sec-test.skycloud.tw -silent -all
2026-04-07 15:03:37,917 [INFO] redscanner: subfinder found 0 subdomains
2026-04-07 15:03:37,919 [INFO] redscanner.runner: Running: assetfinder sec-test.skycloud.tw
2026-04-07 15:03:38,296 [INFO] redscanner: assetfinder added 1 hostnames
2026-04-07 15:03:38,298 [INFO] redscanner.runner: Running: httpx -l /tmp/tmpbjhebmda.txt -json -status-code -title -tech-detect -silent
2026-04-07 15:03:51,145 [INFO] redscanner.runner: Running: xcrawl3r -u http://sec-test.skycloud.tw
2026-04-07 15:04:02,688 [INFO] redscanner: Crawled 618 URLs from alive hosts
2026-04-07 15:04:02,691 [INFO] redscanner: Discovered 1 HTTP assets
2026-04-07 15:04:02,691 [INFO] redscanner: ============================================================
2026-04-07 15:04:02,691 [INFO] redscanner: PHASE: Historical URLs (waybackurls, gau)
2026-04-07 15:04:02,691 [INFO] redscanner: ============================================================
2026-04-07 15:04:02,692 [INFO] redscanner.runner: Running: waybackurls
2026-04-07 15:04:46,991 [INFO] redscanner.runner: Running: gau sec-test.skycloud.tw
2026-04-07 15:06:47,091 [ERROR] redscanner.runner: Tool timed out after 120s: gau
2026-04-07 15:06:47,092 [INFO] redscanner: Wayback/gau collected 0 URLs (cap 500)
2026-04-07 15:06:47,092 [INFO] redscanner: Collected 0 historical URLs for downstream scanners
2026-04-07 15:06:47,092 [INFO] redscanner: ============================================================
2026-04-07 15:06:47,092 [INFO] redscanner: PHASE: Port scan (naabu)
2026-04-07 15:06:47,093 [INFO] redscanner: ============================================================
2026-04-07 15:06:47,094 [INFO] redscanner.runner: Running: naabu -l output/sec-test.skycloud.tw/20260407_150307/recon/naabu_hosts.txt -silent -top-ports 1000 -rate 500
2026-04-07 15:07:00,689 [INFO] redscanner: naabu reported 3 open ports (info findings)
2026-04-07 15:07:00,690 [INFO] redscanner: ============================================================
2026-04-07 15:07:00,690 [INFO] redscanner: PHASE: Nuclei
2026-04-07 15:07:00,690 [INFO] redscanner: ============================================================
2026-04-07 15:07:00,691 [INFO] redscanner.runner: Running: nuclei -l /tmp/tmpfs71n4bq.txt -json -silent -severity critical,high,medium,low -rate-limit 50 -c 10
2026-04-07 15:07:00,971 [INFO] redscanner: Nuclei reported 0 findings
2026-04-07 15:07:00,971 [INFO] redscanner: ============================================================
2026-04-07 15:07:00,971 [INFO] redscanner: PHASE: XSS (dalfox)
2026-04-07 15:07:00,972 [INFO] redscanner: ============================================================
2026-04-07 15:07:00,972 [INFO] redscanner.runner: Running: dalfox url http://sec-test.skycloud.tw --format json --silence --timeout 30 --worker 10
2026-04-07 15:07:59,438 [INFO] redscanner: Dalfox reported 0 findings
2026-04-07 15:07:59,439 [INFO] redscanner: ============================================================
2026-04-07 15:07:59,439 [INFO] redscanner: PHASE: SQLi (sqlmap)
2026-04-07 15:07:59,439 [INFO] redscanner: ============================================================
2026-04-07 15:07:59,440 [INFO] redscanner.runner: Running: sqlmap -u http://sec-test.skycloud.tw --batch --smart --level 2 --risk 1 --output-dir output/sec-test.skycloud.tw/20260407_150307/sqlmap --forms --crawl=2
2026-04-07 15:08:33,007 [INFO] redscanner: SQLmap reported 10 findings
2026-04-07 15:08:33,007 [INFO] redscanner: ============================================================
2026-04-07 15:08:33,008 [INFO] redscanner: PHASE: API / secret patterns in JS
2026-04-07 15:08:33,008 [INFO] redscanner: ============================================================
2026-04-07 15:08:33,008 [INFO] redscanner.runner: Running: xcrawl3r -u http://sec-test.skycloud.tw
2026-04-07 15:08:34,122 [INFO] redscanner.runner: Running: curl -s -L --max-time 10 https://code.jquery.com/jquery-3.6.0.js
2026-04-07 15:08:34,338 [INFO] redscanner.runner: Running: curl -s -L --max-time 10 http://sec-test.skycloud.tw/front/js/jquery.cookie.js
2026-04-07 15:08:34,444 [INFO] redscanner.runner: Running: curl -s -L --max-time 10 http://sec-test.skycloud.tw/front/js/bootstrap4.6/bootstrap.bundle.min.js
2026-04-07 15:08:34,687 [INFO] redscanner.runner: Running: curl -s -L --max-time 10 http://sec-test.skycloud.tw/front/js/swiper/swiper-bundle.js
2026-04-07 15:08:44,701 [INFO] redscanner.runner: Running: curl -s -L --max-time 10 http://sec-test.skycloud.tw/front/js/sweetalert2/sweetalert2.min.js
2026-04-07 15:08:45,158 [INFO] redscanner: API leak scan reported 0 findings
2026-04-07 15:08:45,158 [INFO] redscanner: ============================================================
2026-04-07 15:08:45,159 [INFO] redscanner: PHASE: Nikto
2026-04-07 15:08:45,159 [INFO] redscanner: ============================================================
2026-04-07 15:08:45,159 [INFO] redscanner.runner: Running: nikto -h http://sec-test.skycloud.tw -maxtime 120s -useragent Mozilla/5.0
2026-04-07 15:08:45,291 [INFO] redscanner: nikto pass complete (1 hosts), parsed 0 lines
2026-04-07 15:08:45,291 [INFO] redscanner: Nikto parsed 0 notable lines
2026-04-07 15:08:45,294 [INFO] redscanner: ============================================================
2026-04-07 15:08:45,294 [INFO] redscanner: Generating Reports
2026-04-07 15:08:45,294 [INFO] redscanner: ============================================================
2026-04-07 15:08:45,296 [INFO] redscanner.report: JSON report: output/sec-test.skycloud.tw/20260407_150307/report.json
2026-04-07 15:08:45,297 [INFO] redscanner.report: Surface JSON: output/sec-test.skycloud.tw/20260407_150307/surface.json
2026-04-07 15:08:45,298 [INFO] redscanner.report: Markdown report: output/sec-test.skycloud.tw/20260407_150307/report.md
2026-04-07 15:08:45,299 [INFO] redscanner.report: HTML report: output/sec-test.skycloud.tw/20260407_150307/report.html
2026-04-07 15:08:45,299 [INFO] redscanner.report: Reports written to output/sec-test.skycloud.tw/20260407_150307
2026-04-07 15:08:45,299 [INFO] redscanner: 
2026-04-07 15:08:45,299 [INFO] redscanner: ============================================================
2026-04-07 15:08:45,299 [INFO] redscanner: SCAN COMPLETE — 20260407_150307
2026-04-07 15:08:45,299 [INFO] redscanner: Target: sec-test.skycloud.tw
2026-04-07 15:08:45,299 [INFO] redscanner: Duration: 337.8s
2026-04-07 15:08:45,300 [INFO] redscanner: Assets discovered: 1
2026-04-07 15:08:45,300 [INFO] redscanner: Total findings: 10
2026-04-07 15:08:45,300 [INFO] redscanner:   Critical: 7  High: 0  Medium: 0  Low: 0  Info: 3
2026-04-07 15:08:45,300 [INFO] redscanner: Reports saved to: output/sec-test.skycloud.tw/20260407_150307
2026-04-07 15:08:45,300 [INFO] redscanner: ============================================================
2026-04-07 15:27:26,111 [INFO] redscanner: Starting scan 20260407_152726 against sec-test.skycloud.tw
2026-04-07 15:27:26,111 [INFO] redscanner: Engagement plan: Red team engagement plan
2026-04-07 15:27:26,111 [INFO] redscanner: Frameworks: MITRE ATT&CK (Enterprise + Cloud + Recon); PTES — Penetration Testing Execution Standard; OWASP Web Security Testing Guide (WSTG); NIST SP 800-115 — Technical Guide for Security Testing
2026-04-07 15:27:26,111 [INFO] redscanner: Modules (ordered): recon, wayback, naabu, nuclei, xss, sqli, api_leak, nikto
2026-04-07 15:27:26,111 [INFO] redscanner: Output: output/sec-test.skycloud.tw/20260407_152726
2026-04-07 15:27:26,114 [INFO] redscanner: External tools on PATH: subfinder, httpx, assetfinder, xcrawl3r, waybackurls, gau, naabu, nuclei, dalfox, sqlmap, nikto
2026-04-07 15:27:26,114 [INFO] redscanner: ============================================================
2026-04-07 15:27:26,114 [INFO] redscanner: PHASE: Reconnaissance (subfinder, assetfinder, httpx, xcrawl3r)
2026-04-07 15:27:26,114 [INFO] redscanner: ============================================================
2026-04-07 15:27:26,115 [INFO] redscanner.runner: Running: subfinder -d sec-test.skycloud.tw -silent -all
2026-04-07 15:27:56,523 [INFO] redscanner: subfinder found 0 subdomains
2026-04-07 15:27:56,524 [INFO] redscanner.runner: Running: assetfinder sec-test.skycloud.tw
2026-04-07 15:27:58,800 [INFO] redscanner: assetfinder added 1 hostnames
2026-04-07 15:27:58,802 [INFO] redscanner.runner: Running: httpx -l /tmp/tmp67nj14vp.txt -json -status-code -title -tech-detect -silent
2026-04-07 15:28:06,877 [INFO] redscanner.runner: Running: xcrawl3r -u http://sec-test.skycloud.tw
2026-04-07 15:28:30,384 [INFO] redscanner: Crawled 0 URLs from alive hosts
2026-04-07 15:28:30,386 [INFO] redscanner: Discovered 1 HTTP assets
2026-04-07 15:28:30,387 [INFO] redscanner: ============================================================
2026-04-07 15:28:30,387 [INFO] redscanner: PHASE: Historical URLs (waybackurls, gau)
2026-04-07 15:28:30,387 [INFO] redscanner: ============================================================
2026-04-07 15:28:30,387 [INFO] redscanner.runner: Running: waybackurls
2026-04-07 15:28:46,918 [INFO] redscanner.runner: Running: gau sec-test.skycloud.tw
2026-04-07 15:30:42,136 [INFO] redscanner: Wayback/gau collected 0 URLs (cap 500)
2026-04-07 15:30:42,137 [INFO] redscanner: Collected 0 historical URLs for downstream scanners
2026-04-07 15:30:42,137 [INFO] redscanner: ============================================================
2026-04-07 15:30:42,137 [INFO] redscanner: PHASE: Port scan (naabu)
2026-04-07 15:30:42,137 [INFO] redscanner: ============================================================
2026-04-07 15:30:42,139 [INFO] redscanner.runner: Running: naabu -l output/sec-test.skycloud.tw/20260407_152726/recon/naabu_hosts.txt -silent -top-ports 1000 -rate 500
2026-04-07 15:30:56,289 [INFO] redscanner: naabu reported 3 open ports (info findings)
2026-04-07 15:30:56,289 [INFO] redscanner: ============================================================
2026-04-07 15:30:56,289 [INFO] redscanner: PHASE: Nuclei
2026-04-07 15:30:56,289 [INFO] redscanner: ============================================================
2026-04-07 15:30:56,290 [INFO] redscanner.runner: Running: nuclei -l /tmp/tmpgux3e7sf.txt -json -silent -severity critical,high,medium,low -rate-limit 50 -c 10
2026-04-07 15:30:56,589 [INFO] redscanner: Nuclei reported 0 findings
2026-04-07 15:30:56,589 [INFO] redscanner: ============================================================
2026-04-07 15:30:56,589 [INFO] redscanner: PHASE: XSS (dalfox)
2026-04-07 15:30:56,589 [INFO] redscanner: ============================================================
2026-04-07 15:30:56,590 [INFO] redscanner.runner: Running: dalfox url http://sec-test.skycloud.tw --format json --silence --timeout 30 --worker 10
2026-04-07 15:31:22,146 [INFO] redscanner: Dalfox reported 0 findings
2026-04-07 15:31:22,146 [INFO] redscanner: ============================================================
2026-04-07 15:31:22,146 [INFO] redscanner: PHASE: SQLi (sqlmap)
2026-04-07 15:31:22,146 [INFO] redscanner: ============================================================
2026-04-07 15:31:22,147 [INFO] redscanner.runner: Running: sqlmap -u http://sec-test.skycloud.tw --batch --smart --level 2 --risk 1 --output-dir output/sec-test.skycloud.tw/20260407_152726/sqlmap --forms --crawl=2
2026-04-07 15:31:55,113 [INFO] redscanner: SQLmap reported 10 findings
2026-04-07 15:31:55,113 [INFO] redscanner: ============================================================
2026-04-07 15:31:55,113 [INFO] redscanner: PHASE: API / secret patterns in JS
2026-04-07 15:31:55,113 [INFO] redscanner: ============================================================
2026-04-07 15:31:55,114 [INFO] redscanner.runner: Running: xcrawl3r -u http://sec-test.skycloud.tw
2026-04-07 15:31:56,687 [INFO] redscanner.runner: Running: curl -s -L --max-time 10 https://code.jquery.com/jquery-3.6.0.js
2026-04-07 15:31:56,905 [INFO] redscanner.runner: Running: curl -s -L --max-time 10 http://sec-test.skycloud.tw/front/js/jquery.cookie.js
2026-04-07 15:31:57,024 [INFO] redscanner.runner: Running: curl -s -L --max-time 10 http://sec-test.skycloud.tw/front/js/bootstrap4.6/bootstrap.bundle.min.js
2026-04-07 15:31:57,269 [INFO] redscanner.runner: Running: curl -s -L --max-time 10 http://sec-test.skycloud.tw/front/js/swiper/swiper-bundle.js
2026-04-07 15:31:57,697 [INFO] redscanner.runner: Running: curl -s -L --max-time 10 http://sec-test.skycloud.tw/front/js/sweetalert2/sweetalert2.min.js
2026-04-07 15:31:57,948 [INFO] redscanner: API leak scan reported 0 findings
2026-04-07 15:31:57,948 [INFO] redscanner: ============================================================
2026-04-07 15:31:57,948 [INFO] redscanner: PHASE: Nikto
2026-04-07 15:31:57,948 [INFO] redscanner: ============================================================
2026-04-07 15:31:57,949 [INFO] redscanner.runner: Running: nikto -h http://sec-test.skycloud.tw -maxtime 120s -useragent Mozilla/5.0
2026-04-07 15:31:58,083 [INFO] redscanner: nikto pass complete (1 hosts), parsed 0 lines
2026-04-07 15:31:58,083 [INFO] redscanner: Nikto parsed 0 notable lines
2026-04-07 15:31:58,087 [INFO] redscanner: ============================================================
2026-04-07 15:31:58,087 [INFO] redscanner: Generating Reports
2026-04-07 15:31:58,087 [INFO] redscanner: ============================================================
2026-04-07 15:31:58,088 [INFO] redscanner.report: JSON report: output/sec-test.skycloud.tw/20260407_152726/report.json
2026-04-07 15:31:58,089 [INFO] redscanner.report: Surface JSON: output/sec-test.skycloud.tw/20260407_152726/surface.json
2026-04-07 15:31:58,089 [INFO] redscanner.report: Markdown report: output/sec-test.skycloud.tw/20260407_152726/report.md
2026-04-07 15:31:58,090 [INFO] redscanner.report: HTML report: output/sec-test.skycloud.tw/20260407_152726/report.html
2026-04-07 15:31:58,090 [INFO] redscanner.report: Reports written to output/sec-test.skycloud.tw/20260407_152726
2026-04-07 15:31:58,090 [INFO] redscanner: 
2026-04-07 15:31:58,090 [INFO] redscanner: ============================================================
2026-04-07 15:31:58,090 [INFO] redscanner: SCAN COMPLETE — 20260407_152726
2026-04-07 15:31:58,090 [INFO] redscanner: Target: sec-test.skycloud.tw
2026-04-07 15:31:58,091 [INFO] redscanner: Duration: 272.0s
2026-04-07 15:31:58,091 [INFO] redscanner: Assets discovered: 1
2026-04-07 15:31:58,091 [INFO] redscanner: Total findings: 10
2026-04-07 15:31:58,091 [INFO] redscanner:   Critical: 7  High: 0  Medium: 0  Low: 0  Info: 3
2026-04-07 15:31:58,091 [INFO] redscanner: Reports saved to: output/sec-test.skycloud.tw/20260407_152726
2026-04-07 15:31:58,091 [INFO] redscanner: ============================================================
2026-04-07 15:33:48,603 [INFO] redscanner: Starting scan 20260407_153348 against sec-test.skycloud.tw
2026-04-07 15:33:48,603 [INFO] redscanner: Engagement plan: Red team engagement plan
2026-04-07 15:33:48,603 [INFO] redscanner: Frameworks: MITRE ATT&CK (Enterprise + Cloud + Recon); PTES — Penetration Testing Execution Standard; OWASP Web Security Testing Guide (WSTG); NIST SP 800-115 — Technical Guide for Security Testing
2026-04-07 15:33:48,603 [INFO] redscanner: Modules (ordered): recon, wayback, naabu, nuclei, xss, sqli, api_leak, nikto
2026-04-07 15:33:48,603 [INFO] redscanner: Output: output/sec-test.skycloud.tw/20260407_153348
2026-04-07 15:33:48,606 [INFO] redscanner: External tools on PATH: subfinder, httpx, assetfinder, xcrawl3r, waybackurls, gau, naabu, nuclei, dalfox, sqlmap, nikto
2026-04-07 15:33:48,606 [INFO] redscanner: ============================================================
2026-04-07 15:33:48,606 [INFO] redscanner: PHASE: Reconnaissance (subfinder, assetfinder, httpx, xcrawl3r)
2026-04-07 15:33:48,606 [INFO] redscanner: ============================================================
2026-04-07 15:33:48,606 [INFO] redscanner.runner: Running: subfinder -d sec-test.skycloud.tw -silent -all
2026-04-07 15:34:19,044 [INFO] redscanner: subfinder found 0 subdomains
2026-04-07 15:34:19,045 [INFO] redscanner.runner: Running: assetfinder sec-test.skycloud.tw
2026-04-07 15:35:06,396 [INFO] redscanner: assetfinder added 1 hostnames
2026-04-07 15:35:06,398 [INFO] redscanner.runner: Running: httpx -l /tmp/tmpb_o5qkq1.txt -json -status-code -title -tech-detect -silent
2026-04-07 15:35:17,120 [INFO] redscanner.runner: Running: xcrawl3r -u http://sec-test.skycloud.tw
2026-04-07 15:35:22,686 [INFO] redscanner: Crawled 618 URLs from alive hosts
2026-04-07 15:35:22,689 [INFO] redscanner: Discovered 1 HTTP assets
2026-04-07 15:35:22,689 [INFO] redscanner: ============================================================
2026-04-07 15:35:22,689 [INFO] redscanner: PHASE: Historical URLs (waybackurls, gau)
2026-04-07 15:35:22,689 [INFO] redscanner: ============================================================
2026-04-07 15:35:22,690 [INFO] redscanner.runner: Running: waybackurls
2026-04-07 15:36:22,997 [INFO] redscanner.runner: Running: gau sec-test.skycloud.tw
2026-04-07 15:38:23,056 [ERROR] redscanner.runner: Tool timed out after 120s: gau
2026-04-07 15:38:23,056 [INFO] redscanner: Wayback/gau collected 0 URLs (cap 500)
2026-04-07 15:38:23,057 [INFO] redscanner: Collected 0 historical URLs for downstream scanners
2026-04-07 15:38:23,057 [INFO] redscanner: ============================================================
2026-04-07 15:38:23,057 [INFO] redscanner: PHASE: Port scan (naabu)
2026-04-07 15:38:23,057 [INFO] redscanner: ============================================================
2026-04-07 15:38:23,059 [INFO] redscanner.runner: Running: naabu -l output/sec-test.skycloud.tw/20260407_153348/recon/naabu_hosts.txt -silent -top-ports 1000 -rate 500
2026-04-07 15:38:46,981 [INFO] redscanner: naabu reported 3 open ports (info findings)
2026-04-07 15:38:46,982 [INFO] redscanner: ============================================================
2026-04-07 15:38:46,982 [INFO] redscanner: PHASE: Nuclei
2026-04-07 15:38:46,982 [INFO] redscanner: ============================================================
2026-04-07 15:38:46,983 [INFO] redscanner.runner: Running: nuclei -l /tmp/tmpmyc9utow.txt -json -silent -severity critical,high,medium,low -rate-limit 50 -c 10
2026-04-07 15:38:47,297 [INFO] redscanner: Nuclei reported 0 findings
2026-04-07 15:38:47,297 [INFO] redscanner: ============================================================
2026-04-07 15:38:47,297 [INFO] redscanner: PHASE: XSS (dalfox)
2026-04-07 15:38:47,298 [INFO] redscanner: ============================================================
2026-04-07 15:38:47,298 [INFO] redscanner.runner: Running: dalfox url http://sec-test.skycloud.tw --format json --silence --timeout 30 --worker 10
2026-04-07 15:39:09,741 [INFO] redscanner: Dalfox reported 0 findings
2026-04-07 15:39:09,741 [INFO] redscanner: ============================================================
2026-04-07 15:39:09,741 [INFO] redscanner: PHASE: SQLi (sqlmap)
2026-04-07 15:39:09,742 [INFO] redscanner: ============================================================
2026-04-07 15:39:09,742 [INFO] redscanner.runner: Running: sqlmap -u http://sec-test.skycloud.tw --batch --smart --level 2 --risk 1 --output-dir output/sec-test.skycloud.tw/20260407_153348/sqlmap --forms --crawl=2
2026-04-07 15:39:57,229 [INFO] redscanner: SQLmap reported 10 findings
2026-04-07 15:39:57,229 [INFO] redscanner: ============================================================
2026-04-07 15:39:57,230 [INFO] redscanner: PHASE: API / secret patterns in JS
2026-04-07 15:39:57,230 [INFO] redscanner: ============================================================
2026-04-07 15:39:57,230 [INFO] redscanner.runner: Running: xcrawl3r -u http://sec-test.skycloud.tw
2026-04-07 15:40:16,885 [INFO] redscanner.runner: Running: curl -s -L --max-time 10 https://code.jquery.com/jquery-3.6.0.js
2026-04-07 15:40:17,105 [INFO] redscanner.runner: Running: curl -s -L --max-time 10 http://sec-test.skycloud.tw/front/js/jquery.cookie.js
2026-04-07 15:40:17,696 [INFO] redscanner.runner: Running: curl -s -L --max-time 10 http://sec-test.skycloud.tw/front/js/bootstrap4.6/bootstrap.bundle.min.js
2026-04-07 15:40:17,973 [INFO] redscanner.runner: Running: curl -s -L --max-time 10 http://sec-test.skycloud.tw/front/js/swiper/swiper-bundle.js
2026-04-07 15:40:23,400 [INFO] redscanner.runner: Running: curl -s -L --max-time 10 http://sec-test.skycloud.tw/front/js/sweetalert2/sweetalert2.min.js
2026-04-07 15:40:24,718 [INFO] redscanner: API leak scan reported 0 findings
2026-04-07 15:40:24,719 [INFO] redscanner: ============================================================
2026-04-07 15:40:24,719 [INFO] redscanner: PHASE: Nikto
2026-04-07 15:40:24,719 [INFO] redscanner: ============================================================
2026-04-07 15:40:24,719 [INFO] redscanner.runner: Running: nikto -h http://sec-test.skycloud.tw -maxtime 120s -useragent Mozilla/5.0
2026-04-07 15:40:24,850 [INFO] redscanner: nikto pass complete (1 hosts), parsed 0 lines
2026-04-07 15:40:24,851 [INFO] redscanner: Nikto parsed 0 notable lines
2026-04-07 15:40:24,854 [INFO] redscanner: ============================================================
2026-04-07 15:40:24,854 [INFO] redscanner: Generating Reports
2026-04-07 15:40:24,854 [INFO] redscanner: ============================================================
2026-04-07 15:40:24,856 [INFO] redscanner.report: JSON report: output/sec-test.skycloud.tw/20260407_153348/report.json
2026-04-07 15:40:24,857 [INFO] redscanner.report: Surface JSON: output/sec-test.skycloud.tw/20260407_153348/surface.json
2026-04-07 15:40:24,866 [INFO] redscanner.report: Markdown report: output/sec-test.skycloud.tw/20260407_153348/report.md
2026-04-07 15:40:24,876 [INFO] redscanner.report: HTML report: output/sec-test.skycloud.tw/20260407_153348/report.html
2026-04-07 15:40:24,876 [INFO] redscanner.report: Reports written to output/sec-test.skycloud.tw/20260407_153348
2026-04-07 15:40:24,876 [INFO] redscanner: 
2026-04-07 15:40:24,876 [INFO] redscanner: ============================================================
2026-04-07 15:40:24,877 [INFO] redscanner: SCAN COMPLETE — 20260407_153348
2026-04-07 15:40:24,877 [INFO] redscanner: Target: sec-test.skycloud.tw
2026-04-07 15:40:24,877 [INFO] redscanner: Duration: 396.2s
2026-04-07 15:40:24,877 [INFO] redscanner: Assets discovered: 1
2026-04-07 15:40:24,877 [INFO] redscanner: Total findings: 10
2026-04-07 15:40:24,877 [INFO] redscanner:   Critical: 7  High: 0  Medium: 0  Low: 0  Info: 3
2026-04-07 15:40:24,877 [INFO] redscanner: Reports saved to: output/sec-test.skycloud.tw/20260407_153348
2026-04-07 15:40:24,877 [INFO] redscanner: ============================================================
2026-05-04 15:03:52,677 [INFO] redscanner: Starting scan 20260504_150352 against sec-test.skycloud.tw
2026-05-04 15:03:52,677 [INFO] redscanner: Engagement plan: Red team engagement plan
2026-05-04 15:03:52,678 [INFO] redscanner: Frameworks: MITRE ATT&CK (Enterprise + Cloud + Recon); PTES — Penetration Testing Execution Standard; OWASP Web Security Testing Guide (WSTG); NIST SP 800-115 — Technical Guide for Security Testing
2026-05-04 15:03:52,678 [INFO] redscanner: Modules (ordered): recon, wayback, naabu, nuclei, xss, sqli, api_leak, nikto
2026-05-04 15:03:52,678 [INFO] redscanner: Output: output/sec-test.skycloud.tw/20260504_150352
2026-05-04 15:03:52,681 [INFO] redscanner: External tools on PATH: subfinder, httpx, assetfinder, xcrawl3r, waybackurls, gau, naabu, nuclei, dalfox, sqlmap, nikto
2026-05-04 15:03:52,681 [INFO] redscanner: ============================================================
2026-05-04 15:03:52,681 [INFO] redscanner: PHASE: Reconnaissance (subfinder, assetfinder, httpx, xcrawl3r)
2026-05-04 15:03:52,681 [INFO] redscanner: ============================================================
2026-05-04 15:03:52,681 [INFO] redscanner.runner: Running: subfinder -d sec-test.skycloud.tw -silent -all
2026-05-04 15:04:13,682 [INFO] redscanner: subfinder found 0 subdomains
2026-05-04 15:04:13,684 [INFO] redscanner.runner: Running: assetfinder sec-test.skycloud.tw
2026-05-04 15:04:54,977 [INFO] redscanner: assetfinder added 1 hostnames
2026-05-04 15:04:54,979 [INFO] redscanner.runner: Running: httpx -l /tmp/tmps_shx7cy.txt -json -status-code -title -tech-detect -silent
2026-05-04 15:04:58,880 [INFO] redscanner.runner: Running: xcrawl3r -u http://sec-test.skycloud.tw
2026-05-04 15:05:02,699 [INFO] redscanner: Crawled 618 URLs from alive hosts
2026-05-04 15:05:02,702 [INFO] redscanner: Discovered 1 HTTP assets
2026-05-04 15:05:02,702 [INFO] redscanner: ============================================================
2026-05-04 15:05:02,702 [INFO] redscanner: PHASE: Historical URLs (waybackurls, gau)
2026-05-04 15:05:02,702 [INFO] redscanner: ============================================================
2026-05-04 15:05:02,703 [INFO] redscanner.runner: Running: waybackurls
2026-05-04 15:05:08,030 [INFO] redscanner.runner: Running: gau sec-test.skycloud.tw
2026-05-04 15:07:08,050 [ERROR] redscanner.runner: Tool timed out after 120s: gau
2026-05-04 15:07:08,051 [INFO] redscanner: Wayback/gau collected 0 URLs (cap 500)
2026-05-04 15:07:08,051 [INFO] redscanner: Collected 0 historical URLs for downstream scanners
2026-05-04 15:07:08,051 [INFO] redscanner: ============================================================
2026-05-04 15:07:08,051 [INFO] redscanner: PHASE: Port scan (naabu)
2026-05-04 15:07:08,051 [INFO] redscanner: ============================================================
2026-05-04 15:07:08,053 [INFO] redscanner.runner: Running: naabu -l output/sec-test.skycloud.tw/20260504_150352/recon/naabu_hosts.txt -silent -top-ports 1000 -rate 500
2026-05-04 15:07:21,624 [INFO] redscanner: naabu reported 3 open ports (info findings)
2026-05-04 15:07:21,624 [INFO] redscanner: ============================================================
2026-05-04 15:07:21,625 [INFO] redscanner: PHASE: Nuclei
2026-05-04 15:07:21,625 [INFO] redscanner: ============================================================
2026-05-04 15:07:21,626 [INFO] redscanner.runner: Running: nuclei -l /tmp/tmpz5au59it.txt -json -silent -severity critical,high,medium,low -rate-limit 50 -c 10
2026-05-04 15:07:22,230 [INFO] redscanner: Nuclei reported 0 findings
2026-05-04 15:07:22,230 [INFO] redscanner: ============================================================
2026-05-04 15:07:22,231 [INFO] redscanner: PHASE: XSS (dalfox)
2026-05-04 15:07:22,231 [INFO] redscanner: ============================================================
2026-05-04 15:07:22,231 [INFO] redscanner.runner: Running: dalfox url http://sec-test.skycloud.tw --format json --silence --timeout 30 --worker 10
2026-05-04 15:07:35,018 [INFO] redscanner: Dalfox reported 0 findings
2026-05-04 15:07:35,018 [INFO] redscanner: ============================================================
2026-05-04 15:07:35,019 [INFO] redscanner: PHASE: SQLi (sqlmap)
2026-05-04 15:07:35,019 [INFO] redscanner: ============================================================
2026-05-04 15:07:35,019 [INFO] redscanner.runner: Running: sqlmap -u http://sec-test.skycloud.tw --batch --smart --level 2 --risk 1 --output-dir output/sec-test.skycloud.tw/20260504_150352/sqlmap --forms --crawl=2
2026-05-04 15:08:01,494 [INFO] redscanner: SQLmap reported 10 findings
2026-05-04 15:08:01,495 [INFO] redscanner: ============================================================
2026-05-04 15:08:01,495 [INFO] redscanner: PHASE: API / secret patterns in JS
2026-05-04 15:08:01,495 [INFO] redscanner: ============================================================
2026-05-04 15:08:01,496 [INFO] redscanner.runner: Running: xcrawl3r -u http://sec-test.skycloud.tw
2026-05-04 15:08:02,653 [INFO] redscanner.runner: Running: curl -s -L --max-time 10 https://code.jquery.com/jquery-3.6.0.js
2026-05-04 15:08:02,879 [INFO] redscanner.runner: Running: curl -s -L --max-time 10 http://sec-test.skycloud.tw/front/js/jquery.cookie.js
2026-05-04 15:08:02,991 [INFO] redscanner.runner: Running: curl -s -L --max-time 10 http://sec-test.skycloud.tw/front/js/bootstrap4.6/bootstrap.bundle.min.js
2026-05-04 15:08:03,232 [INFO] redscanner.runner: Running: curl -s -L --max-time 10 http://sec-test.skycloud.tw/front/js/swiper/swiper-bundle.js
2026-05-04 15:08:03,645 [INFO] redscanner.runner: Running: curl -s -L --max-time 10 http://sec-test.skycloud.tw/front/js/sweetalert2/sweetalert2.min.js
2026-05-04 15:08:03,872 [INFO] redscanner: API leak scan reported 0 findings
2026-05-04 15:08:03,872 [INFO] redscanner: ============================================================
2026-05-04 15:08:03,872 [INFO] redscanner: PHASE: Nikto
2026-05-04 15:08:03,873 [INFO] redscanner: ============================================================
2026-05-04 15:08:03,873 [INFO] redscanner.runner: Running: nikto -h http://sec-test.skycloud.tw -maxtime 120s -useragent Mozilla/5.0
2026-05-04 15:08:04,030 [INFO] redscanner: nikto pass complete (1 hosts), parsed 0 lines
2026-05-04 15:08:04,030 [INFO] redscanner: Nikto parsed 0 notable lines
2026-05-04 15:08:04,033 [INFO] redscanner: ============================================================
2026-05-04 15:08:04,033 [INFO] redscanner: Generating Reports
2026-05-04 15:08:04,034 [INFO] redscanner: ============================================================
2026-05-04 15:08:04,035 [INFO] redscanner.report: JSON report: output/sec-test.skycloud.tw/20260504_150352/report.json
2026-05-04 15:08:04,036 [INFO] redscanner.report: Surface JSON: output/sec-test.skycloud.tw/20260504_150352/surface.json
2026-05-04 15:08:04,046 [INFO] redscanner.report: Markdown report: output/sec-test.skycloud.tw/20260504_150352/report.md
2026-05-04 15:08:04,056 [INFO] redscanner.report: HTML report: output/sec-test.skycloud.tw/20260504_150352/report.html
2026-05-04 15:08:04,056 [INFO] redscanner.report: Reports written to output/sec-test.skycloud.tw/20260504_150352
2026-05-04 15:08:04,056 [INFO] redscanner: 
2026-05-04 15:08:04,056 [INFO] redscanner: ============================================================
2026-05-04 15:08:04,056 [INFO] redscanner: SCAN COMPLETE — 20260504_150352
2026-05-04 15:08:04,056 [INFO] redscanner: Target: sec-test.skycloud.tw
2026-05-04 15:08:04,056 [INFO] redscanner: Duration: 251.4s
2026-05-04 15:08:04,056 [INFO] redscanner: Assets discovered: 1
2026-05-04 15:08:04,056 [INFO] redscanner: Total findings: 10
2026-05-04 15:08:04,056 [INFO] redscanner:   Critical: 7  High: 0  Medium: 0  Low: 0  Info: 3
2026-05-04 15:08:04,056 [INFO] redscanner: Reports saved to: output/sec-test.skycloud.tw/20260504_150352
2026-05-04 15:08:04,057 [INFO] redscanner: ============================================================
2026-05-04 22:44:57,266 [INFO] redscanner: Starting scan 20260504_224457 against sec-test.skycloud.tw
2026-05-04 22:44:57,266 [INFO] redscanner: Engagement plan: Red team engagement plan
2026-05-04 22:44:57,266 [INFO] redscanner: Frameworks: MITRE ATT&CK (Enterprise + Cloud + Recon); PTES — Penetration Testing Execution Standard; OWASP Web Security Testing Guide (WSTG); NIST SP 800-115 — Technical Guide for Security Testing
2026-05-04 22:44:57,267 [INFO] redscanner: Modules (ordered): recon, wayback, naabu, nuclei, xss, sqli, api_leak, nikto
2026-05-04 22:44:57,267 [INFO] redscanner: Output: output/sec-test.skycloud.tw/20260504_224457
2026-05-04 22:44:57,269 [INFO] redscanner: External tools on PATH: subfinder, httpx, assetfinder, xcrawl3r, waybackurls, gau, naabu, nuclei, dalfox, sqlmap, nikto
2026-05-04 22:44:57,269 [INFO] redscanner: ============================================================
2026-05-04 22:44:57,269 [INFO] redscanner: PHASE: Reconnaissance (subfinder, assetfinder, httpx, xcrawl3r)
2026-05-04 22:44:57,269 [INFO] redscanner: ============================================================
2026-05-04 22:44:57,270 [INFO] redscanner.runner: Running: subfinder -d sec-test.skycloud.tw -silent -all
2026-05-04 22:45:27,496 [INFO] redscanner: subfinder found 0 subdomains
2026-05-04 22:45:27,497 [INFO] redscanner.runner: Running: assetfinder sec-test.skycloud.tw
2026-05-04 22:46:00,143 [INFO] redscanner: assetfinder added 1 hostnames
2026-05-04 22:46:00,145 [INFO] redscanner.runner: Running: httpx -l /tmp/tmpxyy9q_fx.txt -json -status-code -title -tech-detect -silent
2026-05-04 22:46:03,951 [INFO] redscanner.runner: Running: xcrawl3r -u http://sec-test.skycloud.tw
2026-05-04 22:46:07,972 [INFO] redscanner: Crawled 618 URLs from alive hosts
2026-05-04 22:46:07,975 [INFO] redscanner: Discovered 1 HTTP assets
2026-05-04 22:46:07,975 [INFO] redscanner: ============================================================
2026-05-04 22:46:07,975 [INFO] redscanner: PHASE: Historical URLs (waybackurls, gau)
2026-05-04 22:46:07,976 [INFO] redscanner: ============================================================
2026-05-04 22:46:07,976 [INFO] redscanner.runner: Running: waybackurls
2026-05-04 22:47:07,637 [INFO] redscanner.runner: Running: gau sec-test.skycloud.tw
2026-05-04 22:47:55,161 [INFO] redscanner: Wayback/gau collected 0 URLs (cap 500)
2026-05-04 22:47:55,161 [INFO] redscanner: Collected 0 historical URLs for downstream scanners
2026-05-04 22:47:55,161 [INFO] redscanner: ============================================================
2026-05-04 22:47:55,162 [INFO] redscanner: PHASE: Port scan (naabu)
2026-05-04 22:47:55,162 [INFO] redscanner: ============================================================
2026-05-04 22:47:55,163 [INFO] redscanner.runner: Running: naabu -l output/sec-test.skycloud.tw/20260504_224457/recon/naabu_hosts.txt -silent -top-ports 1000 -rate 500
2026-05-04 22:48:08,021 [INFO] redscanner: naabu reported 3 open ports (info findings)
2026-05-04 22:48:08,021 [INFO] redscanner: ============================================================
2026-05-04 22:48:08,022 [INFO] redscanner: PHASE: Nuclei
2026-05-04 22:48:08,022 [INFO] redscanner: ============================================================
2026-05-04 22:48:08,023 [INFO] redscanner.runner: Running: nuclei -l /tmp/tmpycqkljm_.txt -json -silent -severity critical,high,medium,low -rate-limit 50 -c 10
2026-05-04 22:48:08,317 [INFO] redscanner: Nuclei reported 0 findings
2026-05-04 22:48:08,317 [INFO] redscanner: ============================================================
2026-05-04 22:48:08,318 [INFO] redscanner: PHASE: XSS (dalfox)
2026-05-04 22:48:08,318 [INFO] redscanner: ============================================================
2026-05-04 22:48:08,318 [INFO] redscanner.runner: Running: dalfox url http://sec-test.skycloud.tw --format json --silence --timeout 30 --worker 10
2026-05-04 22:48:19,561 [INFO] redscanner: Dalfox reported 0 findings
2026-05-04 22:48:19,562 [INFO] redscanner: ============================================================
2026-05-04 22:48:19,562 [INFO] redscanner: PHASE: SQLi (sqlmap)
2026-05-04 22:48:19,562 [INFO] redscanner: ============================================================
2026-05-04 22:48:19,562 [INFO] redscanner.runner: Running: sqlmap -u http://sec-test.skycloud.tw --batch --smart --level 2 --risk 1 --output-dir output/sec-test.skycloud.tw/20260504_224457/sqlmap --forms --crawl=2
2026-05-04 22:48:44,977 [INFO] redscanner: SQLmap reported 10 findings
2026-05-04 22:48:44,977 [INFO] redscanner: ============================================================
2026-05-04 22:48:44,977 [INFO] redscanner: PHASE: API / secret patterns in JS
2026-05-04 22:48:44,977 [INFO] redscanner: ============================================================
2026-05-04 22:48:44,978 [INFO] redscanner.runner: Running: xcrawl3r -u http://sec-test.skycloud.tw
2026-05-04 22:48:46,117 [INFO] redscanner.runner: Running: curl -s -L --max-time 10 https://code.jquery.com/jquery-3.6.0.js
2026-05-04 22:48:46,343 [INFO] redscanner.runner: Running: curl -s -L --max-time 10 http://sec-test.skycloud.tw/front/js/jquery.cookie.js
2026-05-04 22:48:46,461 [INFO] redscanner.runner: Running: curl -s -L --max-time 10 http://sec-test.skycloud.tw/front/js/bootstrap4.6/bootstrap.bundle.min.js
2026-05-04 22:48:46,706 [INFO] redscanner.runner: Running: curl -s -L --max-time 10 http://sec-test.skycloud.tw/front/js/swiper/swiper-bundle.js
2026-05-04 22:48:47,109 [INFO] redscanner.runner: Running: curl -s -L --max-time 10 http://sec-test.skycloud.tw/front/js/sweetalert2/sweetalert2.min.js
2026-05-04 22:48:47,576 [INFO] redscanner: API leak scan reported 0 findings
2026-05-04 22:48:47,577 [INFO] redscanner: ============================================================
2026-05-04 22:48:47,577 [INFO] redscanner: PHASE: Nikto
2026-05-04 22:48:47,577 [INFO] redscanner: ============================================================
2026-05-04 22:48:47,578 [INFO] redscanner.runner: Running: nikto -h http://sec-test.skycloud.tw -maxtime 120s -useragent Mozilla/5.0
2026-05-04 22:48:47,710 [INFO] redscanner: nikto pass complete (1 hosts), parsed 0 lines
2026-05-04 22:48:47,710 [INFO] redscanner: Nikto parsed 0 notable lines
2026-05-04 22:48:47,710 [INFO] redscanner: Strict domain filter: 10 findings kept (0 removed outside sec-test.skycloud.tw)
2026-05-04 22:48:47,714 [INFO] redscanner: ============================================================
2026-05-04 22:48:47,714 [INFO] redscanner: Generating Reports
2026-05-04 22:48:47,714 [INFO] redscanner: ============================================================
2026-05-04 22:48:47,716 [INFO] redscanner.report: JSON report: output/sec-test.skycloud.tw/20260504_224457/report.json
2026-05-04 22:48:47,717 [INFO] redscanner.report: Surface JSON: output/sec-test.skycloud.tw/20260504_224457/surface.json
2026-05-04 22:48:47,726 [INFO] redscanner.report: Markdown report: output/sec-test.skycloud.tw/20260504_224457/report.md
2026-05-04 22:48:47,736 [INFO] redscanner.report: HTML report: output/sec-test.skycloud.tw/20260504_224457/report.html
2026-05-04 22:48:47,736 [INFO] redscanner.report: Reports written to output/sec-test.skycloud.tw/20260504_224457
2026-05-04 22:48:47,736 [INFO] redscanner: 
2026-05-04 22:48:47,736 [INFO] redscanner: ============================================================
2026-05-04 22:48:47,736 [INFO] redscanner: SCAN COMPLETE — 20260504_224457
2026-05-04 22:48:47,736 [INFO] redscanner: Target: sec-test.skycloud.tw
2026-05-04 22:48:47,737 [INFO] redscanner: Duration: 230.4s
2026-05-04 22:48:47,737 [INFO] redscanner: Assets discovered: 1
2026-05-04 22:48:47,737 [INFO] redscanner: Total findings: 10
2026-05-04 22:48:47,737 [INFO] redscanner:   Critical: 7  High: 0  Medium: 0  Low: 0  Info: 3
2026-05-04 22:48:47,737 [INFO] redscanner: Reports saved to: output/sec-test.skycloud.tw/20260504_224457
2026-05-04 22:48:47,737 [INFO] redscanner: ============================================================
2026-05-05 00:15:17,526 [INFO] redscanner: Starting scan 20260505_001517 against sec-test.skycloud.tw
2026-05-05 00:15:17,527 [INFO] redscanner: Engagement plan: Red team engagement plan
2026-05-05 00:15:17,527 [INFO] redscanner: Frameworks: MITRE ATT&CK (Enterprise + Cloud + Recon); PTES — Penetration Testing Execution Standard; OWASP Web Security Testing Guide (WSTG); NIST SP 800-115 — Technical Guide for Security Testing
2026-05-05 00:15:17,527 [INFO] redscanner: Modules (ordered): recon, wayback, naabu, nuclei, xss, sqli, api_leak, header_check, nikto
2026-05-05 00:15:17,527 [INFO] redscanner: Output: output/sec-test.skycloud.tw/20260505_001517
2026-05-05 00:15:17,529 [INFO] redscanner: External tools on PATH: subfinder, httpx, assetfinder, xcrawl3r, waybackurls, gau, naabu, nuclei, dalfox, sqlmap, nikto
2026-05-05 00:15:17,530 [INFO] redscanner: ============================================================
2026-05-05 00:15:17,530 [INFO] redscanner: PHASE: Reconnaissance (subfinder, assetfinder, httpx, xcrawl3r)
2026-05-05 00:15:17,530 [INFO] redscanner: ============================================================
2026-05-05 00:15:17,530 [INFO] redscanner.runner: Running: subfinder -d sec-test.skycloud.tw -silent -all
2026-05-05 00:15:47,749 [INFO] redscanner: subfinder found 0 subdomains
2026-05-05 00:15:47,750 [INFO] redscanner.runner: Running: assetfinder sec-test.skycloud.tw
2026-05-05 00:15:48,897 [INFO] redscanner: assetfinder added 1 hostnames
2026-05-05 00:15:48,899 [INFO] redscanner.runner: Running: httpx -l /tmp/tmpjctxn285.txt -json -status-code -title -tech-detect -silent
2026-05-05 00:15:52,641 [INFO] redscanner.runner: Running: xcrawl3r -u http://sec-test.skycloud.tw
2026-05-05 00:15:55,822 [INFO] redscanner: Crawled 618 URLs from alive hosts
2026-05-05 00:15:55,825 [INFO] redscanner: Discovered 1 HTTP assets
2026-05-05 00:15:55,825 [INFO] redscanner: ============================================================
2026-05-05 00:15:55,825 [INFO] redscanner: PHASE: Historical URLs (waybackurls, gau)
2026-05-05 00:15:55,825 [INFO] redscanner: ============================================================
2026-05-05 00:15:55,826 [INFO] redscanner.runner: Running: waybackurls
2026-05-05 00:16:15,981 [INFO] redscanner.runner: Running: gau sec-test.skycloud.tw
2026-05-05 00:18:16,084 [ERROR] redscanner.runner: Tool timed out after 120s: gau
2026-05-05 00:18:16,085 [INFO] redscanner: Wayback/gau collected 0 URLs (cap 500)
2026-05-05 00:18:16,085 [INFO] redscanner: Collected 0 historical URLs for downstream scanners
2026-05-05 00:18:16,086 [INFO] redscanner: ============================================================
2026-05-05 00:18:16,086 [INFO] redscanner: PHASE: Port scan (naabu)
2026-05-05 00:18:16,086 [INFO] redscanner: ============================================================
2026-05-05 00:18:16,087 [INFO] redscanner.runner: Running: naabu -l output/sec-test.skycloud.tw/20260505_001517/recon/naabu_hosts.txt -silent -top-ports 1000 -rate 500
2026-05-05 00:18:29,558 [INFO] redscanner: naabu reported 3 open ports (info findings)
2026-05-05 00:18:29,558 [INFO] redscanner: ============================================================
2026-05-05 00:18:29,559 [INFO] redscanner: PHASE: Nuclei
2026-05-05 00:18:29,559 [INFO] redscanner: ============================================================
2026-05-05 00:18:29,560 [INFO] redscanner: Nuclei template exclude tags: dos
2026-05-05 00:18:29,560 [INFO] redscanner.runner: Running: nuclei -l /tmp/tmpj2b9feec.txt -json -silent -severity critical,high,medium,low -rate-limit 50 -c 10 -etags dos
2026-05-05 00:18:29,905 [INFO] redscanner: Nuclei reported 0 findings
2026-05-05 00:18:29,906 [INFO] redscanner: ============================================================
2026-05-05 00:18:29,906 [INFO] redscanner: PHASE: XSS (dalfox)
2026-05-05 00:18:29,906 [INFO] redscanner: ============================================================
2026-05-05 00:18:29,929 [INFO] redscanner: XSS scanner: feeding 7 parameterized URLs to dalfox pipe mode
2026-05-05 00:18:29,930 [INFO] redscanner.runner: Running: dalfox file /tmp/tmprm5u8jsu.txt --format json --silence --timeout 30 --worker 10
2026-05-05 00:18:30,150 [INFO] redscanner.runner: Running: dalfox url http://sec-test.skycloud.tw --format json --silence --timeout 30 --worker 10
2026-05-05 00:18:40,825 [INFO] redscanner: Dalfox reported 0 findings
2026-05-05 00:18:40,826 [INFO] redscanner: ============================================================
2026-05-05 00:18:40,826 [INFO] redscanner: PHASE: SQLi (sqlmap)
2026-05-05 00:18:40,826 [INFO] redscanner: ============================================================
2026-05-05 00:18:40,827 [INFO] redscanner.runner: Running: sqlmap -u http://sec-test.skycloud.tw --batch --smart --level 2 --risk 1 --output-dir output/sec-test.skycloud.tw/20260505_001517/sqlmap --forms --crawl=2
2026-05-05 00:19:06,737 [INFO] redscanner: SQLmap reported 10 findings
2026-05-05 00:19:06,737 [INFO] redscanner: ============================================================
2026-05-05 00:19:06,738 [INFO] redscanner: PHASE: API / secret patterns in JS
2026-05-05 00:19:06,738 [INFO] redscanner: ============================================================
2026-05-05 00:19:06,738 [INFO] redscanner.runner: Running: xcrawl3r -u http://sec-test.skycloud.tw
2026-05-05 00:19:07,909 [INFO] redscanner.runner: Running: curl -s -L --max-time 10 https://code.jquery.com/jquery-3.6.0.js
2026-05-05 00:19:08,129 [INFO] redscanner.runner: Running: curl -s -L --max-time 10 http://sec-test.skycloud.tw/front/js/jquery.cookie.js
2026-05-05 00:19:08,242 [INFO] redscanner.runner: Running: curl -s -L --max-time 10 http://sec-test.skycloud.tw/front/js/bootstrap4.6/bootstrap.bundle.min.js
2026-05-05 00:19:08,477 [INFO] redscanner.runner: Running: curl -s -L --max-time 10 http://sec-test.skycloud.tw/front/js/swiper/swiper-bundle.js
2026-05-05 00:19:08,917 [INFO] redscanner.runner: Running: curl -s -L --max-time 10 http://sec-test.skycloud.tw/front/js/sweetalert2/sweetalert2.min.js
2026-05-05 00:19:09,146 [INFO] redscanner: API leak scan reported 0 findings
2026-05-05 00:19:09,146 [INFO] redscanner: ============================================================
2026-05-05 00:19:09,146 [INFO] redscanner: PHASE: HTTP Security Headers
2026-05-05 00:19:09,146 [INFO] redscanner: ============================================================
2026-05-05 00:19:09,146 [INFO] redscanner.runner: Running: curl -s -I -L --max-time 10 -A Mozilla/5.0 http://sec-test.skycloud.tw
2026-05-05 00:19:09,313 [INFO] redscanner: Header scanner reported 9 findings
2026-05-05 00:19:09,313 [INFO] redscanner: ============================================================
2026-05-05 00:19:09,313 [INFO] redscanner: PHASE: Nikto
2026-05-05 00:19:09,313 [INFO] redscanner: ============================================================
2026-05-05 00:19:09,315 [INFO] redscanner.runner: Running: nikto -h http://sec-test.skycloud.tw -maxtime 120s -useragent Mozilla/5.0
2026-05-05 00:19:09,448 [INFO] redscanner: nikto pass complete (1 hosts), parsed 0 lines
2026-05-05 00:19:09,448 [INFO] redscanner: Nikto parsed 0 notable lines
2026-05-05 00:19:09,453 [INFO] redscanner: ============================================================
2026-05-05 00:19:09,453 [INFO] redscanner: Generating Reports
2026-05-05 00:19:09,453 [INFO] redscanner: ============================================================
2026-05-05 00:19:09,455 [INFO] redscanner.report: JSON report: output/sec-test.skycloud.tw/20260505_001517/report.json
2026-05-05 00:19:09,457 [INFO] redscanner.report: Surface JSON: output/sec-test.skycloud.tw/20260505_001517/surface.json
2026-05-05 00:19:09,466 [INFO] redscanner.report: Markdown report: output/sec-test.skycloud.tw/20260505_001517/report.md
2026-05-05 00:19:09,476 [INFO] redscanner.report: HTML report: output/sec-test.skycloud.tw/20260505_001517/report.html
2026-05-05 00:19:09,476 [INFO] redscanner.report: Reports written to output/sec-test.skycloud.tw/20260505_001517
2026-05-05 00:19:09,477 [INFO] redscanner: 
2026-05-05 00:19:09,477 [INFO] redscanner: ============================================================
2026-05-05 00:19:09,477 [INFO] redscanner: SCAN COMPLETE — 20260505_001517
2026-05-05 00:19:09,477 [INFO] redscanner: Target: sec-test.skycloud.tw
2026-05-05 00:19:09,477 [INFO] redscanner: Duration: 231.9s
2026-05-05 00:19:09,477 [INFO] redscanner: Assets discovered: 1
2026-05-05 00:19:09,477 [INFO] redscanner: Total findings: 19
2026-05-05 00:19:09,477 [INFO] redscanner:   Critical: 7  High: 0  Medium: 2  Low: 4  Info: 6
2026-05-05 00:19:09,477 [INFO] redscanner: Reports saved to: output/sec-test.skycloud.tw/20260505_001517
2026-05-05 00:19:09,477 [INFO] redscanner: ============================================================
2026-06-04 09:13:32,369 [INFO] redscanner: RedScanner v0.2 — scan 20260604_091332 against sec-test.skycloud.tw
2026-06-04 09:13:32,370 [INFO] redscanner: Engagement plan: Red team engagement plan
2026-06-04 09:13:32,370 [INFO] redscanner: Frameworks: MITRE ATT&CK (Enterprise + Cloud + Recon); PTES — Penetration Testing Execution Standard; OWASP Web Security Testing Guide (WSTG); NIST SP 800-115 — Technical Guide for Security Testing
2026-06-04 09:13:32,370 [INFO] redscanner: Modules (ordered): recon, wayback, naabu, nuclei, xss, sqli, api_leak, header_check, nikto
2026-06-04 09:13:32,370 [INFO] redscanner: Output: output/sec-test.skycloud.tw/20260604_091332
2026-06-04 09:13:32,372 [INFO] redscanner: External tools on PATH: subfinder, httpx, assetfinder, xcrawl3r, waybackurls, gau, naabu, nuclei, dalfox, sqlmap, nikto
2026-06-04 09:13:32,373 [INFO] redscanner: ============================================================
2026-06-04 09:13:32,373 [INFO] redscanner: PHASE: Reconnaissance (subfinder, assetfinder, httpx, xcrawl3r)
2026-06-04 09:13:32,373 [INFO] redscanner: ============================================================
2026-06-04 09:13:32,373 [INFO] redscanner.runner: Running: subfinder -d sec-test.skycloud.tw -silent -all
2026-06-04 09:14:23,436 [INFO] redscanner: subfinder found 0 subdomains
2026-06-04 09:14:23,437 [INFO] redscanner.runner: Running: assetfinder sec-test.skycloud.tw
2026-06-04 09:14:24,150 [INFO] redscanner: assetfinder added 1 hostnames
2026-06-04 09:14:24,152 [INFO] redscanner.runner: Running: httpx -l /tmp/tmpagtunesj.txt -json -status-code -title -tech-detect -silent
2026-06-04 09:14:24,416 [INFO] redscanner: Discovered 0 HTTP assets
2026-06-04 09:14:24,416 [INFO] redscanner: ============================================================
2026-06-04 09:14:24,416 [INFO] redscanner: PHASE: Historical URLs (waybackurls, gau)
2026-06-04 09:14:24,416 [INFO] redscanner: ============================================================
2026-06-04 09:14:24,417 [INFO] redscanner.runner: Running: waybackurls
2026-06-04 09:15:24,782 [INFO] redscanner.runner: Running: gau sec-test.skycloud.tw
2026-06-04 09:17:24,853 [ERROR] redscanner.runner: Tool timed out after 120s: gau
2026-06-04 09:17:24,854 [INFO] redscanner: Wayback/gau collected 0 URLs (cap 500)
2026-06-04 09:17:24,854 [INFO] redscanner: Collected 0 historical URLs for downstream scanners
2026-06-04 09:17:24,855 [INFO] redscanner: ============================================================
2026-06-04 09:17:24,855 [INFO] redscanner: PHASE: Port scan (naabu)
2026-06-04 09:17:24,855 [INFO] redscanner: ============================================================
2026-06-04 09:17:24,856 [INFO] redscanner.runner: Running: naabu -l output/sec-test.skycloud.tw/20260604_091332/recon/naabu_hosts.txt -silent -top-ports 1000 -rate 500
2026-06-04 09:17:38,400 [INFO] redscanner: naabu reported 3 open ports (info findings)
2026-06-04 09:17:38,401 [INFO] redscanner: ============================================================
2026-06-04 09:17:38,401 [INFO] redscanner: PHASE: Nuclei
2026-06-04 09:17:38,401 [INFO] redscanner: ============================================================
2026-06-04 09:17:38,402 [INFO] redscanner: Nuclei template exclude tags: dos,fuzz
2026-06-04 09:17:38,403 [INFO] redscanner.runner: Running: nuclei -l /tmp/tmpaav32e9h.txt -json -silent -severity critical,high,medium,low -rate-limit 50 -c 10 -etags dos,fuzz
2026-06-04 09:17:38,721 [INFO] redscanner: Nuclei reported 0 findings
2026-06-04 09:17:38,721 [INFO] redscanner: ============================================================
2026-06-04 09:17:38,721 [INFO] redscanner: PHASE: XSS (dalfox)
2026-06-04 09:17:38,722 [INFO] redscanner: ============================================================
2026-06-04 09:17:38,722 [INFO] redscanner.runner: Running: dalfox url http://sec-test.skycloud.tw --format json --silence --timeout 30 --worker 10
2026-06-04 09:17:39,597 [INFO] redscanner: Dalfox reported 0 findings
2026-06-04 09:17:39,597 [INFO] redscanner: ============================================================
2026-06-04 09:17:39,597 [INFO] redscanner: PHASE: SQLi (sqlmap)
2026-06-04 09:17:39,597 [INFO] redscanner: ============================================================
2026-06-04 09:17:39,598 [INFO] redscanner.runner: Running: sqlmap -u http://sec-test.skycloud.tw --batch --smart --level 2 --risk 1 --output-dir output/sec-test.skycloud.tw/20260604_091332/sqlmap --forms --crawl=2
2026-06-04 09:18:07,222 [INFO] redscanner: SQLmap reported 10 findings
2026-06-04 09:18:07,222 [INFO] redscanner: ============================================================
2026-06-04 09:18:07,222 [INFO] redscanner: PHASE: API / secret patterns in JS
2026-06-04 09:18:07,223 [INFO] redscanner: ============================================================
2026-06-04 09:18:07,223 [INFO] redscanner.runner: Running: xcrawl3r -u http://sec-test.skycloud.tw
2026-06-04 09:18:09,740 [INFO] redscanner.runner: Running: curl -s -L --max-time 10 https://code.jquery.com/jquery-3.6.0.js
2026-06-04 09:18:09,947 [INFO] redscanner.runner: Running: curl -s -L --max-time 10 http://sec-test.skycloud.tw/front/js/jquery.cookie.js
2026-06-04 09:18:10,056 [INFO] redscanner.runner: Running: curl -s -L --max-time 10 http://sec-test.skycloud.tw/front/js/bootstrap4.6/bootstrap.bundle.min.js
2026-06-04 09:18:10,294 [INFO] redscanner.runner: Running: curl -s -L --max-time 10 http://sec-test.skycloud.tw/front/js/swiper/swiper-bundle.js
2026-06-04 09:18:11,040 [INFO] redscanner.runner: Running: curl -s -L --max-time 10 http://sec-test.skycloud.tw/front/js/sweetalert2/sweetalert2.min.js
2026-06-04 09:18:11,264 [INFO] redscanner: API leak scan reported 0 findings
2026-06-04 09:18:11,264 [INFO] redscanner: ============================================================
2026-06-04 09:18:11,264 [INFO] redscanner: PHASE: HTTP Security Headers (curl HEAD)
2026-06-04 09:18:11,264 [INFO] redscanner: ============================================================
2026-06-04 09:18:11,264 [INFO] redscanner.runner: Running: curl -s -I -L --max-time 10 -A Mozilla/5.0 http://sec-test.skycloud.tw
2026-06-04 09:18:11,423 [INFO] redscanner: Header scanner reported 9 findings
2026-06-04 09:18:11,424 [INFO] redscanner: ============================================================
2026-06-04 09:18:11,424 [INFO] redscanner: PHASE: Nikto
2026-06-04 09:18:11,424 [INFO] redscanner: ============================================================
2026-06-04 09:18:11,425 [INFO] redscanner.runner: Running: nikto -h http://sec-test.skycloud.tw -maxtime 120s -useragent Mozilla/5.0
2026-06-04 09:18:11,569 [INFO] redscanner: nikto pass complete (1 hosts), parsed 0 lines
2026-06-04 09:18:11,569 [INFO] redscanner: Nikto parsed 0 notable lines
2026-06-04 09:18:11,578 [INFO] redscanner: ============================================================
2026-06-04 09:18:11,578 [INFO] redscanner: Generating Reports
2026-06-04 09:18:11,578 [INFO] redscanner: ============================================================
2026-06-04 09:18:11,581 [INFO] redscanner.report: JSON report: output/sec-test.skycloud.tw/20260604_091332/report.json
2026-06-04 09:18:11,581 [INFO] redscanner.report: Surface JSON: output/sec-test.skycloud.tw/20260604_091332/surface.json
2026-06-04 09:18:11,583 [INFO] redscanner.report: Markdown report: output/sec-test.skycloud.tw/20260604_091332/report.md
2026-06-04 09:18:11,584 [INFO] redscanner.report: HTML report: output/sec-test.skycloud.tw/20260604_091332/report.html
2026-06-04 09:18:11,585 [INFO] redscanner.report: Reports written to output/sec-test.skycloud.tw/20260604_091332
2026-06-04 09:18:11,585 [INFO] redscanner: 
2026-06-04 09:18:11,585 [INFO] redscanner: ============================================================
2026-06-04 09:18:11,585 [INFO] redscanner: SCAN COMPLETE — 20260604_091332
2026-06-04 09:18:11,585 [INFO] redscanner: Target: sec-test.skycloud.tw
2026-06-04 09:18:11,585 [INFO] redscanner: Duration: 279.2s
2026-06-04 09:18:11,585 [INFO] redscanner: Assets discovered: 0
2026-06-04 09:18:11,585 [INFO] redscanner: Total findings: 19
2026-06-04 09:18:11,585 [INFO] redscanner:   Critical: 7  High: 0  Medium: 2  Low: 4  Info: 6
2026-06-04 09:18:11,585 [INFO] redscanner: Reports saved to: output/sec-test.skycloud.tw/20260604_091332
2026-06-04 09:18:11,586 [INFO] redscanner: ============================================================
2026-06-04 09:30:14,557 [INFO] redscanner: RedScanner v0.2 — scan 20260604_093014 against sec-test.skycloud.tw
2026-06-04 09:30:14,557 [INFO] redscanner: Engagement plan: Red team engagement plan
2026-06-04 09:30:14,558 [INFO] redscanner: Frameworks: MITRE ATT&CK (Enterprise + Cloud + Recon); PTES — Penetration Testing Execution Standard; OWASP Web Security Testing Guide (WSTG); NIST SP 800-115 — Technical Guide for Security Testing
2026-06-04 09:30:14,558 [INFO] redscanner: Modules (ordered): recon, wayback, naabu, nuclei, xss, sqli, api_leak, header_check, nikto
2026-06-04 09:30:14,558 [INFO] redscanner: Output: output/sec-test.skycloud.tw/20260604_093014
2026-06-04 09:30:14,560 [INFO] redscanner: External tools on PATH: subfinder, httpx, assetfinder, xcrawl3r, waybackurls, gau, naabu, nuclei, dalfox, sqlmap, nikto
2026-06-04 09:30:14,560 [INFO] redscanner: ============================================================
2026-06-04 09:30:14,560 [INFO] redscanner: PHASE: Reconnaissance (subfinder, assetfinder, httpx, xcrawl3r)
2026-06-04 09:30:14,560 [INFO] redscanner: ============================================================
2026-06-04 09:30:14,561 [INFO] redscanner.runner: Running: subfinder -d sec-test.skycloud.tw -silent -all
2026-06-04 09:30:55,231 [INFO] redscanner: subfinder found 0 subdomains
2026-06-04 09:30:55,233 [INFO] redscanner.runner: Running: assetfinder sec-test.skycloud.tw
2026-06-04 09:30:56,810 [INFO] redscanner: assetfinder added 1 hostnames
2026-06-04 09:30:56,812 [INFO] redscanner.runner: Running: httpx -l /tmp/tmper91qdqg.txt -json -status-code -title -tech-detect -silent
2026-06-04 09:30:57,059 [INFO] redscanner: Discovered 0 HTTP assets
2026-06-04 09:30:57,059 [INFO] redscanner: ============================================================
2026-06-04 09:30:57,059 [INFO] redscanner: PHASE: Historical URLs (waybackurls, gau)
2026-06-04 09:30:57,060 [INFO] redscanner: ============================================================
2026-06-04 09:30:57,061 [INFO] redscanner.runner: Running: waybackurls
2026-06-04 09:31:28,657 [INFO] redscanner.runner: Running: gau sec-test.skycloud.tw
2026-06-04 09:32:37,189 [INFO] redscanner: Wayback/gau collected 0 URLs (cap 500)
2026-06-04 09:32:37,190 [INFO] redscanner: Collected 0 historical URLs for downstream scanners
2026-06-04 09:32:37,190 [INFO] redscanner: ============================================================
2026-06-04 09:32:37,190 [INFO] redscanner: PHASE: Port scan (naabu)
2026-06-04 09:32:37,190 [INFO] redscanner: ============================================================
2026-06-04 09:32:37,192 [INFO] redscanner.runner: Running: naabu -l output/sec-test.skycloud.tw/20260604_093014/recon/naabu_hosts.txt -silent -top-ports 1000 -rate 500
2026-06-04 09:32:50,500 [INFO] redscanner: naabu reported 3 open ports (info findings)
2026-06-04 09:32:50,501 [INFO] redscanner: ============================================================
2026-06-04 09:32:50,501 [INFO] redscanner: PHASE: Nuclei
2026-06-04 09:32:50,501 [INFO] redscanner: ============================================================
2026-06-04 09:32:50,502 [INFO] redscanner: Nuclei template exclude tags: dos,fuzz
2026-06-04 09:32:50,503 [INFO] redscanner.runner: Running: nuclei -l /tmp/tmpy75rp4ns.txt -json -silent -severity critical,high,medium,low -rate-limit 50 -c 10 -etags dos,fuzz
2026-06-04 09:32:50,823 [INFO] redscanner: Nuclei reported 0 findings
2026-06-04 09:32:50,823 [INFO] redscanner: ============================================================
2026-06-04 09:32:50,823 [INFO] redscanner: PHASE: XSS (dalfox)
2026-06-04 09:32:50,823 [INFO] redscanner: ============================================================
2026-06-04 09:32:50,824 [INFO] redscanner.runner: Running: dalfox url http://sec-test.skycloud.tw --format json --silence --timeout 30 --worker 10
2026-06-04 09:32:51,063 [INFO] redscanner: Dalfox reported 0 findings
2026-06-04 09:32:51,063 [INFO] redscanner: ============================================================
2026-06-04 09:32:51,063 [INFO] redscanner: PHASE: SQLi (sqlmap)
2026-06-04 09:32:51,063 [INFO] redscanner: ============================================================
2026-06-04 09:32:51,064 [INFO] redscanner.runner: Running: sqlmap -u http://sec-test.skycloud.tw --batch --smart --level 2 --risk 1 --output-dir output/sec-test.skycloud.tw/20260604_093014/sqlmap --forms --crawl=2
2026-06-04 09:33:20,174 [INFO] redscanner: SQLmap reported 10 findings
2026-06-04 09:33:20,174 [INFO] redscanner: ============================================================
2026-06-04 09:33:20,174 [INFO] redscanner: PHASE: API / secret patterns in JS
2026-06-04 09:33:20,175 [INFO] redscanner: ============================================================
2026-06-04 09:33:20,175 [INFO] redscanner.runner: Running: xcrawl3r -u http://sec-test.skycloud.tw
2026-06-04 09:33:21,599 [INFO] redscanner.runner: Running: curl -s -L --max-time 10 https://code.jquery.com/jquery-3.6.0.js
2026-06-04 09:33:21,808 [INFO] redscanner.runner: Running: curl -s -L --max-time 10 http://sec-test.skycloud.tw/front/js/jquery.cookie.js
2026-06-04 09:33:21,916 [INFO] redscanner.runner: Running: curl -s -L --max-time 10 http://sec-test.skycloud.tw/front/js/bootstrap4.6/bootstrap.bundle.min.js
2026-06-04 09:33:22,156 [INFO] redscanner.runner: Running: curl -s -L --max-time 10 http://sec-test.skycloud.tw/front/js/swiper/swiper-bundle.js
2026-06-04 09:33:22,565 [INFO] redscanner.runner: Running: curl -s -L --max-time 10 http://sec-test.skycloud.tw/front/js/sweetalert2/sweetalert2.min.js
2026-06-04 09:33:22,784 [INFO] redscanner: API leak scan reported 0 findings
2026-06-04 09:33:22,785 [INFO] redscanner: ============================================================
2026-06-04 09:33:22,785 [INFO] redscanner: PHASE: HTTP Security Headers (curl HEAD)
2026-06-04 09:33:22,785 [INFO] redscanner: ============================================================
2026-06-04 09:33:22,785 [INFO] redscanner.runner: Running: curl -s -I -L --max-time 10 -A Mozilla/5.0 http://sec-test.skycloud.tw
2026-06-04 09:33:23,188 [INFO] redscanner: Header scanner reported 9 findings
2026-06-04 09:33:23,188 [INFO] redscanner: ============================================================
2026-06-04 09:33:23,188 [INFO] redscanner: PHASE: Nikto
2026-06-04 09:33:23,188 [INFO] redscanner: ============================================================
2026-06-04 09:33:23,190 [INFO] redscanner.runner: Running: nikto -h http://sec-test.skycloud.tw -maxtime 120s -useragent Mozilla/5.0
2026-06-04 09:33:23,323 [INFO] redscanner: nikto pass complete (1 hosts), parsed 0 lines
2026-06-04 09:33:23,324 [INFO] redscanner: Nikto parsed 0 notable lines
2026-06-04 09:33:23,328 [INFO] redscanner: ============================================================
2026-06-04 09:33:23,328 [INFO] redscanner: Generating Reports
2026-06-04 09:33:23,328 [INFO] redscanner: ============================================================
2026-06-04 09:33:23,330 [INFO] redscanner.report: JSON report: output/sec-test.skycloud.tw/20260604_093014/report.json
2026-06-04 09:33:23,330 [INFO] redscanner.report: Surface JSON: output/sec-test.skycloud.tw/20260604_093014/surface.json
2026-06-04 09:33:23,331 [INFO] redscanner.report: Markdown report: output/sec-test.skycloud.tw/20260604_093014/report.md
2026-06-04 09:33:23,332 [INFO] redscanner.report: HTML report: output/sec-test.skycloud.tw/20260604_093014/report.html
2026-06-04 09:33:23,333 [INFO] redscanner.report: Reports written to output/sec-test.skycloud.tw/20260604_093014
2026-06-04 09:33:23,333 [INFO] redscanner: 
2026-06-04 09:33:23,333 [INFO] redscanner: ============================================================
2026-06-04 09:33:23,333 [INFO] redscanner: SCAN COMPLETE — 20260604_093014
2026-06-04 09:33:23,333 [INFO] redscanner: Target: sec-test.skycloud.tw
2026-06-04 09:33:23,333 [INFO] redscanner: Duration: 188.8s
2026-06-04 09:33:23,333 [INFO] redscanner: Assets discovered: 0
2026-06-04 09:33:23,333 [INFO] redscanner: Total findings: 19
2026-06-04 09:33:23,333 [INFO] redscanner:   Critical: 7  High: 0  Medium: 2  Low: 4  Info: 6
2026-06-04 09:33:23,333 [INFO] redscanner: Reports saved to: output/sec-test.skycloud.tw/20260604_093014
2026-06-04 09:33:23,333 [INFO] redscanner: ============================================================
2026-06-15 15:52:56,639 [INFO] redscanner: RedScanner v0.2 — scan 20260615_155256 against apex.api.macrocosmos.ai
2026-06-15 15:52:56,639 [INFO] redscanner: Engagement plan: Red team engagement plan
2026-06-15 15:52:56,639 [INFO] redscanner: Frameworks: MITRE ATT&CK (Enterprise + Cloud + Recon); PTES — Penetration Testing Execution Standard; OWASP Web Security Testing Guide (WSTG); NIST SP 800-115 — Technical Guide for Security Testing
2026-06-15 15:52:56,639 [INFO] redscanner: Modules (ordered): recon, wayback, naabu, nuclei, xss, sqli, api_leak, header_check, nikto
2026-06-15 15:52:56,639 [INFO] redscanner: Output: output/apex.api.macrocosmos.ai/20260615_155256
2026-06-15 15:52:56,642 [INFO] redscanner: External tools on PATH: subfinder, httpx, assetfinder, xcrawl3r, waybackurls, gau, naabu, nuclei, dalfox, sqlmap, nikto
2026-06-15 15:52:56,643 [INFO] redscanner: ============================================================
2026-06-15 15:52:56,643 [INFO] redscanner: PHASE: Reconnaissance (subfinder, assetfinder, httpx, xcrawl3r)
2026-06-15 15:52:56,643 [INFO] redscanner: ============================================================
2026-06-15 15:52:56,643 [INFO] redscanner.runner: Running: subfinder -d apex.api.macrocosmos.ai -silent -all
2026-06-15 15:53:11,912 [INFO] redscanner: subfinder found 0 subdomains
2026-06-15 15:53:11,913 [INFO] redscanner.runner: Running: assetfinder apex.api.macrocosmos.ai
2026-06-15 15:53:51,559 [INFO] redscanner: assetfinder added 1 hostnames
2026-06-15 15:53:51,561 [INFO] redscanner.runner: Running: httpx -l /tmp/tmpaymmb4o8.txt -json -status-code -title -tech-detect -silent
2026-06-15 15:53:51,855 [INFO] redscanner: Discovered 0 HTTP assets
2026-06-15 15:53:51,855 [INFO] redscanner: ============================================================
2026-06-15 15:53:51,855 [INFO] redscanner: PHASE: Historical URLs (waybackurls, gau)
2026-06-15 15:53:51,855 [INFO] redscanner: ============================================================
2026-06-15 15:53:51,857 [INFO] redscanner.runner: Running: waybackurls
2026-06-15 15:53:59,610 [INFO] redscanner.runner: Running: gau apex.api.macrocosmos.ai
2026-06-15 15:54:38,546 [INFO] redscanner: Wayback/gau collected 0 URLs (cap 500)
2026-06-15 15:54:38,547 [INFO] redscanner: Collected 0 historical URLs for downstream scanners
2026-06-15 15:54:38,547 [INFO] redscanner: ============================================================
2026-06-15 15:54:38,547 [INFO] redscanner: PHASE: Port scan (naabu)
2026-06-15 15:54:38,547 [INFO] redscanner: ============================================================
2026-06-15 15:54:38,549 [INFO] redscanner.runner: Running: naabu -l output/apex.api.macrocosmos.ai/20260615_155256/recon/naabu_hosts.txt -silent -top-ports 1000 -rate 500
2026-06-15 15:54:50,364 [INFO] redscanner: naabu reported 2 open ports (info findings)
2026-06-15 15:54:50,364 [INFO] redscanner: ============================================================
2026-06-15 15:54:50,364 [INFO] redscanner: PHASE: Nuclei
2026-06-15 15:54:50,364 [INFO] redscanner: ============================================================
2026-06-15 15:54:50,365 [INFO] redscanner: Nuclei template exclude tags: dos,fuzz
2026-06-15 15:54:50,366 [INFO] redscanner.runner: Running: nuclei -l /tmp/tmp8souw1my.txt -json -silent -severity critical,high,medium,low -rate-limit 50 -c 10 -etags dos,fuzz
2026-06-15 15:54:50,671 [INFO] redscanner: Nuclei reported 0 findings
2026-06-15 15:54:50,671 [INFO] redscanner: ============================================================
2026-06-15 15:54:50,672 [INFO] redscanner: PHASE: XSS (dalfox)
2026-06-15 15:54:50,672 [INFO] redscanner: ============================================================
2026-06-15 15:54:50,672 [INFO] redscanner.runner: Running: dalfox url http://sec-test.skycloud.tw --format json --silence --timeout 30 --worker 10
2026-06-15 15:54:52,025 [INFO] redscanner: Dalfox reported 0 findings
2026-06-15 15:54:52,025 [INFO] redscanner: ============================================================
2026-06-15 15:54:52,025 [INFO] redscanner: PHASE: SQLi (sqlmap)
2026-06-15 15:54:52,026 [INFO] redscanner: ============================================================
2026-06-15 15:54:52,026 [INFO] redscanner.runner: Running: sqlmap -u http://sec-test.skycloud.tw --batch --smart --level 2 --risk 1 --output-dir output/apex.api.macrocosmos.ai/20260615_155256/sqlmap --forms --crawl=2
2026-06-15 15:55:19,837 [INFO] redscanner: SQLmap reported 10 findings
2026-06-15 15:55:19,838 [INFO] redscanner: ============================================================
2026-06-15 15:55:19,838 [INFO] redscanner: PHASE: API / secret patterns in JS
2026-06-15 15:55:19,838 [INFO] redscanner: ============================================================
2026-06-15 15:55:19,839 [INFO] redscanner.runner: Running: xcrawl3r -u http://sec-test.skycloud.tw
2026-06-15 15:55:21,479 [INFO] redscanner.runner: Running: curl -s -L --max-time 10 https://code.jquery.com/jquery-3.6.0.js
2026-06-15 15:55:21,682 [INFO] redscanner.runner: Running: curl -s -L --max-time 10 http://sec-test.skycloud.tw/front/js/jquery.cookie.js
2026-06-15 15:55:22,607 [INFO] redscanner.runner: Running: curl -s -L --max-time 10 http://sec-test.skycloud.tw/front/js/bootstrap4.6/bootstrap.bundle.min.js
2026-06-15 15:55:23,076 [INFO] redscanner.runner: Running: curl -s -L --max-time 10 http://sec-test.skycloud.tw/front/js/swiper/swiper-bundle.js
2026-06-15 15:55:23,475 [INFO] redscanner.runner: Running: curl -s -L --max-time 10 http://sec-test.skycloud.tw/front/js/sweetalert2/sweetalert2.min.js
2026-06-15 15:55:23,692 [INFO] redscanner: API leak scan reported 0 findings
2026-06-15 15:55:23,692 [INFO] redscanner: ============================================================
2026-06-15 15:55:23,693 [INFO] redscanner: PHASE: HTTP Security Headers (curl HEAD)
2026-06-15 15:55:23,693 [INFO] redscanner: ============================================================
2026-06-15 15:55:23,693 [INFO] redscanner.runner: Running: curl -s -I -L --max-time 10 -A Mozilla/5.0 http://sec-test.skycloud.tw
2026-06-15 15:55:23,852 [INFO] redscanner: Header scanner reported 9 findings
2026-06-15 15:55:23,853 [INFO] redscanner: ============================================================
2026-06-15 15:55:23,853 [INFO] redscanner: PHASE: Nikto
2026-06-15 15:55:23,853 [INFO] redscanner: ============================================================
2026-06-15 15:55:23,854 [INFO] redscanner.runner: Running: nikto -h http://sec-test.skycloud.tw -maxtime 120s -useragent Mozilla/5.0
2026-06-15 15:55:23,988 [INFO] redscanner: nikto pass complete (1 hosts), parsed 0 lines
2026-06-15 15:55:23,988 [INFO] redscanner: Nikto parsed 0 notable lines
2026-06-15 15:55:23,997 [INFO] redscanner: ============================================================
2026-06-15 15:55:23,997 [INFO] redscanner: Generating Reports
2026-06-15 15:55:23,997 [INFO] redscanner: ============================================================
2026-06-15 15:55:23,999 [INFO] redscanner.report: JSON report: output/apex.api.macrocosmos.ai/20260615_155256/report.json
2026-06-15 15:55:24,000 [INFO] redscanner.report: Surface JSON: output/apex.api.macrocosmos.ai/20260615_155256/surface.json
2026-06-15 15:55:24,001 [INFO] redscanner.report: Markdown report: output/apex.api.macrocosmos.ai/20260615_155256/report.md
2026-06-15 15:55:24,003 [INFO] redscanner.report: HTML report: output/apex.api.macrocosmos.ai/20260615_155256/report.html
2026-06-15 15:55:24,003 [INFO] redscanner.report: Reports written to output/apex.api.macrocosmos.ai/20260615_155256
2026-06-15 15:55:24,003 [INFO] redscanner: 
2026-06-15 15:55:24,003 [INFO] redscanner: ============================================================
2026-06-15 15:55:24,003 [INFO] redscanner: SCAN COMPLETE — 20260615_155256
2026-06-15 15:55:24,003 [INFO] redscanner: Target: apex.api.macrocosmos.ai
2026-06-15 15:55:24,004 [INFO] redscanner: Duration: 147.3s
2026-06-15 15:55:24,004 [INFO] redscanner: Assets discovered: 0
2026-06-15 15:55:24,004 [INFO] redscanner: Total findings: 18
2026-06-15 15:55:24,004 [INFO] redscanner:   Critical: 7  High: 0  Medium: 2  Low: 4  Info: 5
2026-06-15 15:55:24,004 [INFO] redscanner: Reports saved to: output/apex.api.macrocosmos.ai/20260615_155256
2026-06-15 15:55:24,004 [INFO] redscanner: ============================================================
2026-06-15 15:59:45,899 [INFO] redscanner: RedScanner v0.2 — scan 20260615_155945 against sec-test.skycloud.tw
2026-06-15 15:59:45,899 [INFO] redscanner: Engagement plan: Red team engagement plan
2026-06-15 15:59:45,899 [INFO] redscanner: Frameworks: MITRE ATT&CK (Enterprise + Cloud + Recon); PTES — Penetration Testing Execution Standard; OWASP Web Security Testing Guide (WSTG); NIST SP 800-115 — Technical Guide for Security Testing
2026-06-15 15:59:45,899 [INFO] redscanner: Modules (ordered): recon, wayback, naabu, nuclei, xss, sqli, api_leak, header_check, nikto
2026-06-15 15:59:45,899 [INFO] redscanner: Output: output/sec-test.skycloud.tw/20260615_155945
2026-06-15 15:59:45,902 [INFO] redscanner: External tools on PATH: subfinder, httpx, assetfinder, xcrawl3r, waybackurls, gau, naabu, nuclei, dalfox, sqlmap, nikto
2026-06-15 15:59:45,903 [INFO] redscanner: ============================================================
2026-06-15 15:59:45,903 [INFO] redscanner: PHASE: Reconnaissance (subfinder, assetfinder, httpx, xcrawl3r)
2026-06-15 15:59:45,903 [INFO] redscanner: ============================================================
2026-06-15 15:59:45,903 [INFO] redscanner.runner: Running: subfinder -d sec-test.skycloud.tw -silent -all
2026-06-15 16:12:39,224 [WARNING] redscanner: Ignoring plan base_url http://sec-test.skycloud.tw (host does not match target apex.api.macrocosmos.ai)
2026-06-15 16:17:48,555 [INFO] redscanner: RedScanner v0.2 — scan 20260615_161748 against apex.api.macrocosmos.ai
2026-06-15 16:17:48,556 [INFO] redscanner: Engagement plan: Red team engagement plan
2026-06-15 16:17:48,556 [INFO] redscanner: Frameworks: MITRE ATT&CK (Enterprise + Cloud + Recon); PTES — Penetration Testing Execution Standard; OWASP Web Security Testing Guide (WSTG); NIST SP 800-115 — Technical Guide for Security Testing
2026-06-15 16:17:48,556 [INFO] redscanner: Modules (ordered): recon, wayback, naabu, nuclei, xss, sqli, api_leak, header_check, nikto
2026-06-15 16:17:48,556 [INFO] redscanner: Output: output/apex.api.macrocosmos.ai/20260615_161748
2026-06-15 16:17:48,559 [INFO] redscanner: External tools on PATH: subfinder, httpx, assetfinder, xcrawl3r, waybackurls, gau, naabu, nuclei, dalfox, sqlmap, nikto
2026-06-15 16:17:48,559 [INFO] redscanner: ============================================================
2026-06-15 16:17:48,559 [INFO] redscanner: PHASE: Reconnaissance (subfinder, assetfinder, httpx, xcrawl3r)
2026-06-15 16:17:48,559 [INFO] redscanner: ============================================================
2026-06-15 16:17:48,559 [INFO] redscanner.runner: Running: subfinder -d apex.api.macrocosmos.ai -silent -all
2026-06-15 16:17:59,316 [INFO] redscanner: subfinder found 0 subdomains
2026-06-15 16:17:59,318 [INFO] redscanner.runner: Running: assetfinder apex.api.macrocosmos.ai
2026-06-15 16:18:50,965 [INFO] redscanner: assetfinder added 1 hostnames
2026-06-15 16:18:50,967 [INFO] redscanner.runner: Running: httpx -l /tmp/tmpwxvsku1l.txt -json -status-code -title -tech-detect -silent
2026-06-15 16:18:51,241 [INFO] redscanner: Discovered 0 HTTP assets
2026-06-15 16:18:51,242 [INFO] redscanner: ============================================================
2026-06-15 16:18:51,242 [INFO] redscanner: PHASE: Historical URLs (waybackurls, gau)
2026-06-15 16:18:51,242 [INFO] redscanner: ============================================================
2026-06-15 16:18:51,242 [INFO] redscanner.runner: Running: waybackurls
2026-06-15 16:19:09,168 [INFO] redscanner.runner: Running: gau apex.api.macrocosmos.ai
2026-06-15 16:20:10,284 [INFO] redscanner: Wayback/gau collected 0 URLs (cap 500)
2026-06-15 16:20:10,284 [INFO] redscanner: Collected 0 historical URLs for downstream scanners
2026-06-15 16:20:10,284 [INFO] redscanner: ============================================================
2026-06-15 16:20:10,284 [INFO] redscanner: PHASE: Port scan (naabu)
2026-06-15 16:20:10,285 [INFO] redscanner: ============================================================
2026-06-15 16:20:10,286 [INFO] redscanner.runner: Running: naabu -l output/apex.api.macrocosmos.ai/20260615_161748/recon/naabu_hosts.txt -silent -top-ports 1000 -rate 500
2026-06-15 16:20:22,115 [INFO] redscanner: naabu reported 2 open ports (info findings)
2026-06-15 16:20:22,115 [INFO] redscanner: ============================================================
2026-06-15 16:20:22,115 [INFO] redscanner: PHASE: Nuclei
2026-06-15 16:20:22,116 [INFO] redscanner: ============================================================
2026-06-15 16:20:22,116 [INFO] redscanner: Nuclei template exclude tags: dos,fuzz
2026-06-15 16:20:22,117 [INFO] redscanner.runner: Running: nuclei -l /tmp/tmpkd6v318n.txt -json -silent -severity critical,high,medium,low -rate-limit 50 -c 10 -etags dos,fuzz
2026-06-15 16:20:22,405 [INFO] redscanner: Nuclei reported 0 findings
2026-06-15 16:20:22,406 [INFO] redscanner: ============================================================
2026-06-15 16:20:22,406 [INFO] redscanner: PHASE: XSS (dalfox)
2026-06-15 16:20:22,406 [INFO] redscanner: ============================================================
2026-06-15 16:20:22,407 [INFO] redscanner.runner: Running: dalfox url https://apex.api.macrocosmos.ai --format json --silence --timeout 30 --worker 10
2026-06-15 16:20:22,630 [INFO] redscanner: Dalfox reported 0 findings
2026-06-15 16:20:22,630 [INFO] redscanner: ============================================================
2026-06-15 16:20:22,630 [INFO] redscanner: PHASE: SQLi (sqlmap)
2026-06-15 16:20:22,631 [INFO] redscanner: ============================================================
2026-06-15 16:20:22,631 [INFO] redscanner.runner: Running: sqlmap -u https://apex.api.macrocosmos.ai --batch --smart --level 2 --risk 1 --output-dir output/apex.api.macrocosmos.ai/20260615_161748/sqlmap --forms --crawl=2
2026-06-15 16:20:23,568 [INFO] redscanner: SQLmap reported 0 findings
2026-06-15 16:20:23,569 [INFO] redscanner: ============================================================
2026-06-15 16:20:23,569 [INFO] redscanner: PHASE: API / secret patterns in JS
2026-06-15 16:20:23,569 [INFO] redscanner: ============================================================
2026-06-15 16:20:23,570 [INFO] redscanner.runner: Running: xcrawl3r -u https://apex.api.macrocosmos.ai
2026-06-15 16:20:24,458 [INFO] redscanner: API leak scan reported 0 findings
2026-06-15 16:20:24,458 [INFO] redscanner: ============================================================
2026-06-15 16:20:24,458 [INFO] redscanner: PHASE: HTTP Security Headers (curl HEAD)
2026-06-15 16:20:24,459 [INFO] redscanner: ============================================================
2026-06-15 16:20:24,459 [INFO] redscanner.runner: Running: curl -s -I -L --max-time 10 -A Mozilla/5.0 https://apex.api.macrocosmos.ai
2026-06-15 16:20:24,788 [INFO] redscanner: Header scanner reported 6 findings
2026-06-15 16:20:24,789 [INFO] redscanner: ============================================================
2026-06-15 16:20:24,789 [INFO] redscanner: PHASE: Nikto
2026-06-15 16:20:24,789 [INFO] redscanner: ============================================================
2026-06-15 16:20:24,791 [INFO] redscanner.runner: Running: nikto -h https://apex.api.macrocosmos.ai -maxtime 120s -useragent Mozilla/5.0
2026-06-15 16:20:24,926 [INFO] redscanner: nikto pass complete (1 hosts), parsed 0 lines
2026-06-15 16:20:24,926 [INFO] redscanner: Nikto parsed 0 notable lines
2026-06-15 16:20:24,935 [INFO] redscanner: ============================================================
2026-06-15 16:20:24,935 [INFO] redscanner: Generating Reports
2026-06-15 16:20:24,935 [INFO] redscanner: ============================================================
2026-06-15 16:20:24,936 [INFO] redscanner.report: JSON report: output/apex.api.macrocosmos.ai/20260615_161748/report.json
2026-06-15 16:20:24,937 [INFO] redscanner.report: Surface JSON: output/apex.api.macrocosmos.ai/20260615_161748/surface.json
2026-06-15 16:20:24,938 [INFO] redscanner.report: Markdown report: output/apex.api.macrocosmos.ai/20260615_161748/report.md
2026-06-15 16:20:24,939 [INFO] redscanner.report: HTML report: output/apex.api.macrocosmos.ai/20260615_161748/report.html
2026-06-15 16:20:24,939 [INFO] redscanner.report: Reports written to output/apex.api.macrocosmos.ai/20260615_161748
2026-06-15 16:20:24,939 [INFO] redscanner: 
2026-06-15 16:20:24,939 [INFO] redscanner: ============================================================
2026-06-15 16:20:24,939 [INFO] redscanner: SCAN COMPLETE — 20260615_161748
2026-06-15 16:20:24,939 [INFO] redscanner: Target: apex.api.macrocosmos.ai
2026-06-15 16:20:24,939 [INFO] redscanner: Duration: 156.4s
2026-06-15 16:20:24,939 [INFO] redscanner: Assets discovered: 0
2026-06-15 16:20:24,939 [INFO] redscanner: Total findings: 8
2026-06-15 16:20:24,939 [INFO] redscanner:   Critical: 0  High: 0  Medium: 1  Low: 4  Info: 3
2026-06-15 16:20:24,939 [INFO] redscanner: Reports saved to: output/apex.api.macrocosmos.ai/20260615_161748
2026-06-15 16:20:24,940 [INFO] redscanner: ============================================================
2026-06-30 11:59:11,186 [INFO] redscanner: RedScanner v0.2 — scan 20260630_115911 against sec-test.skycloud.tw
2026-06-30 11:59:11,186 [INFO] redscanner: Engagement plan: Red team engagement plan
2026-06-30 11:59:11,186 [INFO] redscanner: Frameworks: MITRE ATT&CK (Enterprise + Cloud + Recon); PTES — Penetration Testing Execution Standard; OWASP Web Security Testing Guide (WSTG); NIST SP 800-115 — Technical Guide for Security Testing
2026-06-30 11:59:11,187 [INFO] redscanner: Modules (ordered): recon, wayback, naabu, nuclei, xss, sqli, api_leak, header_check, nikto, cors, tls, dirbust, cdn_bypass
2026-06-30 11:59:11,187 [INFO] redscanner: Output: output/sec-test.skycloud.tw/20260630_115911
2026-06-30 11:59:11,190 [INFO] redscanner: External tools on PATH: subfinder, httpx, assetfinder, xcrawl3r, waybackurls, gau, naabu, nuclei, dalfox, sqlmap, nikto
2026-06-30 11:59:11,190 [INFO] redscanner: ============================================================
2026-06-30 11:59:11,190 [INFO] redscanner: PHASE: Reconnaissance (subfinder, assetfinder, httpx, xcrawl3r)
2026-06-30 11:59:11,190 [INFO] redscanner: ============================================================
2026-06-30 11:59:11,190 [INFO] redscanner.runner: Running: subfinder -d sec-test.skycloud.tw -silent -all
2026-06-30 11:59:57,079 [INFO] redscanner: subfinder found 0 subdomains
2026-06-30 11:59:57,081 [INFO] redscanner.runner: Running: assetfinder sec-test.skycloud.tw
2026-06-30 12:00:24,324 [INFO] redscanner.runner: Running: httpx -l /tmp/tmpjskvhqzr.txt -json -status-code -title -tech-detect -silent
2026-06-30 12:00:24,604 [INFO] redscanner: Discovered 0 HTTP assets
2026-06-30 12:00:24,604 [INFO] redscanner: ============================================================
2026-06-30 12:00:24,605 [INFO] redscanner: PHASE: Historical URLs (waybackurls, gau)
2026-06-30 12:00:24,605 [INFO] redscanner: ============================================================
2026-06-30 12:00:24,606 [INFO] redscanner.runner: Running: waybackurls
2026-06-30 12:00:35,950 [INFO] redscanner.runner: Running: gau sec-test.skycloud.tw
2026-06-30 12:01:39,516 [INFO] redscanner: Wayback/gau collected 0 URLs (cap 500)
2026-06-30 12:01:39,517 [INFO] redscanner: Collected 0 historical URLs for downstream scanners
2026-06-30 12:01:39,517 [INFO] redscanner: ============================================================
2026-06-30 12:01:39,517 [INFO] redscanner: PHASE: Port scan (naabu)
2026-06-30 12:01:39,517 [INFO] redscanner: ============================================================
2026-06-30 12:01:39,519 [INFO] redscanner.runner: Running: naabu -l output/sec-test.skycloud.tw/20260630_115911/recon/naabu_hosts.txt -silent -top-ports 1000 -rate 500
2026-06-30 12:02:03,513 [INFO] redscanner: naabu reported 2 open ports (info findings)
2026-06-30 12:02:03,514 [INFO] redscanner: ============================================================
2026-06-30 12:02:03,514 [INFO] redscanner: PHASE: Nuclei
2026-06-30 12:02:03,514 [INFO] redscanner: ============================================================
2026-06-30 12:02:03,515 [INFO] redscanner: Nuclei template exclude tags: dos,fuzz
2026-06-30 12:02:03,516 [INFO] redscanner.runner: Running: nuclei -l /tmp/tmp1i76cttm.txt -json -silent -severity critical,high,medium,low -rate-limit 50 -c 10 -etags dos,fuzz
2026-06-30 12:02:03,814 [INFO] redscanner: Nuclei reported 0 findings
2026-06-30 12:02:03,814 [INFO] redscanner: ============================================================
2026-06-30 12:02:03,815 [INFO] redscanner: PHASE: XSS (dalfox)
2026-06-30 12:02:03,815 [INFO] redscanner: ============================================================
2026-06-30 12:02:03,816 [INFO] redscanner.runner: Running: dalfox url http://sec-test.skycloud.tw --format json --silence --timeout 30 --worker 10
2026-06-30 12:02:04,514 [INFO] redscanner: Dalfox reported 0 findings
2026-06-30 12:02:04,514 [INFO] redscanner: ============================================================
2026-06-30 12:02:04,514 [INFO] redscanner: PHASE: SQLi (sqlmap)
2026-06-30 12:02:04,514 [INFO] redscanner: ============================================================
2026-06-30 12:02:04,515 [INFO] redscanner.runner: Running: sqlmap -u http://sec-test.skycloud.tw --batch --smart --level 2 --risk 1 --output-dir output/sec-test.skycloud.tw/20260630_115911/sqlmap --forms --crawl=2
2026-06-30 12:07:04,520 [ERROR] redscanner.runner: Tool timed out after 300s: sqlmap
2026-06-30 12:07:04,520 [INFO] redscanner: SQLmap reported 0 findings
2026-06-30 12:07:04,520 [INFO] redscanner: ============================================================
2026-06-30 12:07:04,521 [INFO] redscanner: PHASE: API / secret patterns in JS
2026-06-30 12:07:04,521 [INFO] redscanner: ============================================================
2026-06-30 12:07:04,522 [INFO] redscanner.runner: Running: xcrawl3r -u http://sec-test.skycloud.tw
2026-06-30 12:07:33,350 [INFO] redscanner: API leak scan reported 0 findings
2026-06-30 12:07:33,350 [INFO] redscanner: ============================================================
2026-06-30 12:07:33,351 [INFO] redscanner: PHASE: HTTP Security Headers (curl HEAD)
2026-06-30 12:07:33,351 [INFO] redscanner: ============================================================
2026-06-30 12:07:33,351 [INFO] redscanner.runner: Running: curl -s -I -L --max-time 10 -A Mozilla/5.0 http://sec-test.skycloud.tw
2026-06-30 12:07:43,368 [WARNING] redscanner: header_check: could not fetch headers for http://sec-test.skycloud.tw
2026-06-30 12:07:43,369 [INFO] redscanner: Header scanner reported 0 findings
2026-06-30 12:07:43,369 [INFO] redscanner: ============================================================
2026-06-30 12:07:43,369 [INFO] redscanner: PHASE: Nikto
2026-06-30 12:07:43,369 [INFO] redscanner: ============================================================
2026-06-30 12:07:43,371 [INFO] redscanner.runner: Running: nikto -h http://sec-test.skycloud.tw -maxtime 120s -useragent Mozilla/5.0
2026-06-30 12:07:43,506 [INFO] redscanner: nikto pass complete (1 hosts), parsed 0 lines
2026-06-30 12:07:43,506 [INFO] redscanner: Nikto parsed 0 notable lines
2026-06-30 12:07:43,506 [WARNING] redscanner: Unknown module skipped: cors
2026-06-30 12:07:43,507 [WARNING] redscanner: Unknown module skipped: tls
2026-06-30 12:07:43,507 [WARNING] redscanner: Unknown module skipped: dirbust
2026-06-30 12:07:43,507 [WARNING] redscanner: Unknown module skipped: cdn_bypass
2026-06-30 12:07:43,510 [INFO] redscanner: ============================================================
2026-06-30 12:07:43,510 [INFO] redscanner: Generating Reports
2026-06-30 12:07:43,510 [INFO] redscanner: ============================================================
2026-06-30 12:07:43,511 [INFO] redscanner.report: JSON report: output/sec-test.skycloud.tw/20260630_115911/report.json
2026-06-30 12:07:43,511 [INFO] redscanner.report: Surface JSON: output/sec-test.skycloud.tw/20260630_115911/surface.json
2026-06-30 12:07:43,512 [INFO] redscanner.report: Markdown report: output/sec-test.skycloud.tw/20260630_115911/report.md
2026-06-30 12:07:43,512 [INFO] redscanner.report: HTML report: output/sec-test.skycloud.tw/20260630_115911/report.html
2026-06-30 12:07:43,512 [INFO] redscanner.report: Reports written to output/sec-test.skycloud.tw/20260630_115911
2026-06-30 12:07:43,512 [INFO] redscanner: 
2026-06-30 12:07:43,512 [INFO] redscanner: ============================================================
2026-06-30 12:07:43,512 [INFO] redscanner: SCAN COMPLETE — 20260630_115911
2026-06-30 12:07:43,512 [INFO] redscanner: Target: sec-test.skycloud.tw
2026-06-30 12:07:43,512 [INFO] redscanner: Duration: 512.3s
2026-06-30 12:07:43,512 [INFO] redscanner: Assets discovered: 0
2026-06-30 12:07:43,513 [INFO] redscanner: Total findings: 2
2026-06-30 12:07:43,513 [INFO] redscanner:   Critical: 0  High: 0  Medium: 0  Low: 0  Info: 2
2026-06-30 12:07:43,513 [INFO] redscanner: Reports saved to: output/sec-test.skycloud.tw/20260630_115911
2026-06-30 12:07:43,513 [INFO] redscanner: ============================================================
2026-06-30 12:11:26,646 [INFO] redscanner: RedScanner v0.2 — scan 20260630_121126 against freetodolist.com
2026-06-30 12:11:26,647 [INFO] redscanner: Engagement plan: Red team engagement plan
2026-06-30 12:11:26,647 [INFO] redscanner: Frameworks: MITRE ATT&CK (Enterprise + Cloud + Recon); PTES — Penetration Testing Execution Standard; OWASP Web Security Testing Guide (WSTG); NIST SP 800-115 — Technical Guide for Security Testing
2026-06-30 12:11:26,647 [INFO] redscanner: Modules (ordered): recon, wayback, naabu, nuclei, xss, sqli, api_leak, header_check, nikto, cors, tls, dirbust, cdn_bypass
2026-06-30 12:11:26,647 [INFO] redscanner: Output: output/freetodolist.com/20260630_121126
2026-06-30 12:11:26,650 [INFO] redscanner: External tools on PATH: subfinder, httpx, assetfinder, xcrawl3r, waybackurls, gau, naabu, nuclei, dalfox, sqlmap, nikto
2026-06-30 12:11:26,650 [INFO] redscanner: ============================================================
2026-06-30 12:11:26,650 [INFO] redscanner: PHASE: Reconnaissance (subfinder, assetfinder, httpx, xcrawl3r)
2026-06-30 12:11:26,650 [INFO] redscanner: ============================================================
2026-06-30 12:11:26,650 [INFO] redscanner.runner: Running: subfinder -d freetodolist.com -silent -all
2026-06-30 12:12:01,769 [INFO] redscanner: subfinder found 8 subdomains
2026-06-30 12:12:01,771 [INFO] redscanner.runner: Running: assetfinder freetodolist.com
2026-06-30 12:13:21,897 [INFO] redscanner: assetfinder added 1 hostnames
2026-06-30 12:13:21,899 [INFO] redscanner.runner: Running: httpx -l /tmp/tmpp3e0qaob.txt -json -status-code -title -tech-detect -silent
2026-06-30 12:13:22,175 [INFO] redscanner: Discovered 0 HTTP assets
2026-06-30 12:13:22,175 [INFO] redscanner: ============================================================
2026-06-30 12:13:22,175 [INFO] redscanner: PHASE: Historical URLs (waybackurls, gau)
2026-06-30 12:13:22,176 [INFO] redscanner: ============================================================
2026-06-30 12:13:22,177 [INFO] redscanner.runner: Running: waybackurls
2026-06-30 12:14:19,157 [INFO] redscanner.runner: Running: gau autodiscover.freetodolist.com
2026-06-30 12:15:00,267 [INFO] redscanner.runner: Running: waybackurls
2026-06-30 12:15:16,081 [INFO] redscanner.runner: Running: gau cpanel.freetodolist.com
2026-06-30 12:16:13,091 [INFO] redscanner.runner: Running: waybackurls
2026-06-30 12:16:40,322 [INFO] redscanner.runner: Running: gau cpcalendars.freetodolist.com
2026-06-30 12:17:37,872 [INFO] redscanner.runner: Running: waybackurls
2026-06-30 12:18:07,891 [INFO] redscanner.runner: Running: gau cpcontacts.freetodolist.com
2026-06-30 12:18:43,663 [INFO] redscanner.runner: Running: waybackurls
2026-06-30 12:18:59,132 [INFO] redscanner.runner: Running: gau freetodolist.com
2026-06-30 12:19:55,789 [INFO] redscanner.runner: Running: waybackurls
2026-06-30 12:20:22,979 [INFO] redscanner.runner: Running: gau mail.freetodolist.com
2026-06-30 12:21:23,087 [INFO] redscanner.runner: Running: waybackurls
2026-06-30 12:21:41,927 [INFO] redscanner.runner: Running: gau webdisk.freetodolist.com
2026-06-30 12:22:28,975 [INFO] redscanner.runner: Running: waybackurls
2026-06-30 12:23:04,941 [INFO] redscanner.runner: Running: gau webmail.freetodolist.com
2026-06-30 12:24:00,110 [INFO] redscanner.runner: Running: waybackurls
2026-06-30 12:24:12,291 [INFO] redscanner.runner: Running: gau www.freetodolist.com
2026-06-30 12:25:09,580 [INFO] redscanner: Wayback/gau collected 320 URLs (cap 500)
2026-06-30 12:25:09,580 [INFO] redscanner: Collected 320 historical URLs for downstream scanners
2026-06-30 12:25:09,581 [INFO] redscanner: ============================================================
2026-06-30 12:25:09,581 [INFO] redscanner: PHASE: Port scan (naabu)
2026-06-30 12:25:09,581 [INFO] redscanner: ============================================================
2026-06-30 12:25:09,583 [INFO] redscanner.runner: Running: naabu -l output/freetodolist.com/20260630_121126/recon/naabu_hosts.txt -silent -top-ports 1000 -rate 500
2026-06-30 12:25:33,466 [INFO] redscanner: naabu reported 2 open ports (info findings)
2026-06-30 12:25:33,467 [INFO] redscanner: ============================================================
2026-06-30 12:25:33,467 [INFO] redscanner: PHASE: Nuclei
2026-06-30 12:25:33,467 [INFO] redscanner: ============================================================
2026-06-30 12:25:33,468 [INFO] redscanner: Nuclei template exclude tags: dos,fuzz
2026-06-30 12:25:33,469 [INFO] redscanner.runner: Running: nuclei -l /tmp/tmp9dzelp5j.txt -json -silent -severity critical,high,medium,low -rate-limit 50 -c 10 -etags dos,fuzz
2026-06-30 12:25:33,766 [INFO] redscanner: Nuclei reported 0 findings
2026-06-30 12:25:33,766 [INFO] redscanner: ============================================================
2026-06-30 12:25:33,766 [INFO] redscanner: PHASE: XSS (dalfox)
2026-06-30 12:25:33,766 [INFO] redscanner: ============================================================
2026-06-30 12:25:33,768 [INFO] redscanner.runner: Running: dalfox url http://www.freetodolist.com:80/ --format json --silence --timeout 30 --worker 10
2026-06-30 12:25:33,932 [INFO] redscanner.runner: Running: dalfox url https://freetodolist.com/.well-known/ai-plugin.json --format json --silence --timeout 30 --worker 10
2026-06-30 12:25:34,093 [INFO] redscanner.runner: Running: dalfox url https://freetodolist.com/.well-known/assetlinks.json --format json --silence --timeout 30 --worker 10
2026-06-30 12:25:34,256 [INFO] redscanner.runner: Running: dalfox url https://freetodolist.com/.well-known/dnt-policy.txt --format json --silence --timeout 30 --worker 10
2026-06-30 12:25:34,411 [INFO] redscanner.runner: Running: dalfox url https://freetodolist.com/.well-known/gpc.json --format json --silence --timeout 30 --worker 10
2026-06-30 12:25:34,569 [INFO] redscanner.runner: Running: dalfox url https://freetodolist.com/.well-known/nodeinfo --format json --silence --timeout 30 --worker 10
2026-06-30 12:25:34,742 [INFO] redscanner.runner: Running: dalfox url https://freetodolist.com/.well-known/openid-configuration --format json --silence --timeout 30 --worker 10
2026-06-30 12:25:34,907 [INFO] redscanner.runner: Running: dalfox url https://freetodolist.com/.well-known/security.txt --format json --silence --timeout 30 --worker 10
2026-06-30 12:25:35,063 [INFO] redscanner.runner: Running: dalfox url https://freetodolist.com/.well-known/trust.txt --format json --silence --timeout 30 --worker 10
2026-06-30 12:25:35,223 [INFO] redscanner.runner: Running: dalfox url http://freetodolist.com:80/?redir=frame&uid=freetodolist51bbca0d2c7643.44681773 --format json --silence --timeout 30 --worker 10
2026-06-30 12:25:35,385 [INFO] redscanner.runner: Running: dalfox url https://freetodolist.com/?tw --format json --silence --timeout 30 --worker 10
2026-06-30 12:25:35,545 [INFO] redscanner.runner: Running: dalfox url https://freetodolist.com/?twitter --format json --silence --timeout 30 --worker 10
2026-06-30 12:25:35,705 [INFO] redscanner.runner: Running: dalfox url https://freetodolist.com/admin --format json --silence --timeout 30 --worker 10
2026-06-30 12:25:35,863 [INFO] redscanner.runner: Running: dalfox url https://freetodolist.com/ads.txt --format json --silence --timeout 30 --worker 10
2026-06-30 12:25:36,029 [INFO] redscanner.runner: Running: dalfox url http://www.freetodolist.com:80/agreement-free-printable-rental.htm?tkn=JxxPN1WKa3YKEwiGl-DX8LqPAhUpLYYKHVQxghQYACAAOA0 --format json --silence --timeout 30 --worker 10
2026-06-30 12:25:36,186 [INFO] redscanner.runner: Running: dalfox url https://freetodolist.com/api_docs --format json --silence --timeout 30 --worker 10
2026-06-30 12:25:36,334 [INFO] redscanner.runner: Running: dalfox url https://freetodolist.com/app-ads.txt --format json --silence --timeout 30 --worker 10
2026-06-30 12:25:36,494 [INFO] redscanner.runner: Running: dalfox url https://freetodolist.com/apple-touch-icon.png --format json --silence --timeout 30 --worker 10
2026-06-30 12:25:36,655 [INFO] redscanner.runner: Running: dalfox url https://www.freetodolist.com/assets/application-0202a0c7f8dea2e4730340e94dbf33f7cecd2a18d11724fadff6d436d217a62e.css --format json --silence --timeout 30 --worker 10
2026-06-30 12:25:36,814 [INFO] redscanner.runner: Running: dalfox url https://freetodolist.com/assets/application-092ac8091dbaece7e855f3663b6b0faae44a04a31365a9cd5f84ea600d0b838a.css --format json --silence --timeout 30 --worker 10
2026-06-30 12:25:36,972 [INFO] redscanner.runner: Running: dalfox url https://freetodolist.com/assets/application-37f365cbecf1fa2810a8303f4b6571676fa1f9c56c248528bc14ddb857531b95.js --format json --silence --timeout 30 --worker 10
2026-06-30 12:25:37,138 [INFO] redscanner.runner: Running: dalfox url https://freetodolist.com/assets/application-5f902d1c9343eb3e3fa318b321fcb0ea409619d0c50e5959cd6fd3327908762c.css --format json --silence --timeout 30 --worker 10
2026-06-30 12:25:37,308 [INFO] redscanner.runner: Running: dalfox url https://www.freetodolist.com/assets/application-73b121890a5fcf1a3bd7c03dfcd389ca6e5e50a64af5e4143319aa41141a204c.css --format json --silence --timeout 30 --worker 10
2026-06-30 12:25:37,470 [INFO] redscanner.runner: Running: dalfox url https://www.freetodolist.com/assets/application-9c2cc8a40d8058254e79f97c6774030639a0100d7bad18ac8501c1b628346593.js --format json --silence --timeout 30 --worker 10
2026-06-30 12:25:37,638 [INFO] redscanner.runner: Running: dalfox url https://www.freetodolist.com/assets/application-c13d00486ffc8e619584f9e4abc74b5336220af975f18d1b24a33e23146cbc95.js --format json --silence --timeout 30 --worker 10
2026-06-30 12:25:37,800 [INFO] redscanner: Dalfox reported 0 findings
2026-06-30 12:25:37,801 [INFO] redscanner: ============================================================
2026-06-30 12:25:37,801 [INFO] redscanner: PHASE: SQLi (sqlmap)
2026-06-30 12:25:37,801 [INFO] redscanner: ============================================================
2026-06-30 12:25:37,802 [INFO] redscanner.runner: Running: sqlmap -u http://www.freetodolist.com:80/ --batch --smart --level 2 --risk 1 --output-dir output/freetodolist.com/20260630_121126/sqlmap --forms --crawl=2
2026-06-30 12:25:44,555 [INFO] redscanner.runner: Running: sqlmap -u https://freetodolist.com/.well-known/ai-plugin.json --batch --smart --level 2 --risk 1 --output-dir output/freetodolist.com/20260630_121126/sqlmap --forms --crawl=2
2026-06-30 12:30:44,572 [ERROR] redscanner.runner: Tool timed out after 300s: sqlmap
2026-06-30 12:30:44,572 [INFO] redscanner.runner: Running: sqlmap -u https://freetodolist.com/.well-known/assetlinks.json --batch --smart --level 2 --risk 1 --output-dir output/freetodolist.com/20260630_121126/sqlmap --forms --crawl=2
2026-06-30 12:32:41,681 [INFO] redscanner.runner: Running: sqlmap -u https://freetodolist.com/.well-known/dnt-policy.txt --batch --smart --level 2 --risk 1 --output-dir output/freetodolist.com/20260630_121126/sqlmap --forms --crawl=2
2026-06-30 12:37:41,688 [ERROR] redscanner.runner: Tool timed out after 300s: sqlmap
2026-06-30 12:37:41,688 [INFO] redscanner.runner: Running: sqlmap -u https://freetodolist.com/.well-known/gpc.json --batch --smart --level 2 --risk 1 --output-dir output/freetodolist.com/20260630_121126/sqlmap --forms --crawl=2
2026-06-30 12:42:41,693 [ERROR] redscanner.runner: Tool timed out after 300s: sqlmap
2026-06-30 12:42:41,693 [INFO] redscanner.runner: Running: sqlmap -u https://freetodolist.com/.well-known/nodeinfo --batch --smart --level 2 --risk 1 --output-dir output/freetodolist.com/20260630_121126/sqlmap --forms --crawl=2
2026-06-30 12:47:41,712 [ERROR] redscanner.runner: Tool timed out after 300s: sqlmap
2026-06-30 12:47:41,712 [INFO] redscanner.runner: Running: sqlmap -u https://freetodolist.com/.well-known/openid-configuration --batch --smart --level 2 --risk 1 --output-dir output/freetodolist.com/20260630_121126/sqlmap --forms --crawl=2
2026-06-30 12:52:41,740 [ERROR] redscanner.runner: Tool timed out after 300s: sqlmap
2026-06-30 12:52:41,740 [INFO] redscanner.runner: Running: sqlmap -u https://freetodolist.com/.well-known/security.txt --batch --smart --level 2 --risk 1 --output-dir output/freetodolist.com/20260630_121126/sqlmap --forms --crawl=2
2026-06-30 12:54:56,273 [INFO] redscanner.runner: Running: sqlmap -u https://freetodolist.com/.well-known/trust.txt --batch --smart --level 2 --risk 1 --output-dir output/freetodolist.com/20260630_121126/sqlmap --forms --crawl=2
2026-06-30 12:59:56,283 [ERROR] redscanner.runner: Tool timed out after 300s: sqlmap
2026-06-30 12:59:56,284 [INFO] redscanner.runner: Running: sqlmap -u http://freetodolist.com:80/?redir=frame&uid=freetodolist51bbca0d2c7643.44681773 --batch --smart --level 2 --risk 1 --output-dir output/freetodolist.com/20260630_121126/sqlmap --forms --crawl=2
2026-06-30 13:04:56,293 [ERROR] redscanner.runner: Tool timed out after 300s: sqlmap
2026-06-30 13:04:56,293 [INFO] redscanner.runner: Running: sqlmap -u https://freetodolist.com/?tw --batch --smart --level 2 --risk 1 --output-dir output/freetodolist.com/20260630_121126/sqlmap --forms --crawl=2
2026-06-30 13:09:56,303 [ERROR] redscanner.runner: Tool timed out after 300s: sqlmap
2026-06-30 13:09:56,304 [INFO] redscanner.runner: Running: sqlmap -u https://freetodolist.com/?twitter --batch --smart --level 2 --risk 1 --output-dir output/freetodolist.com/20260630_121126/sqlmap --forms --crawl=2
2026-06-30 13:14:56,334 [ERROR] redscanner.runner: Tool timed out after 300s: sqlmap
2026-06-30 13:14:56,335 [INFO] redscanner.runner: Running: sqlmap -u https://freetodolist.com/admin --batch --smart --level 2 --risk 1 --output-dir output/freetodolist.com/20260630_121126/sqlmap --forms --crawl=2
2026-06-30 13:19:56,351 [ERROR] redscanner.runner: Tool timed out after 300s: sqlmap
2026-06-30 13:19:56,352 [INFO] redscanner.runner: Running: sqlmap -u https://freetodolist.com/ads.txt --batch --smart --level 2 --risk 1 --output-dir output/freetodolist.com/20260630_121126/sqlmap --forms --crawl=2
2026-06-30 13:24:56,373 [ERROR] redscanner.runner: Tool timed out after 300s: sqlmap
2026-06-30 13:24:56,374 [INFO] redscanner.runner: Running: sqlmap -u http://www.freetodolist.com:80/agreement-free-printable-rental.htm?tkn=JxxPN1WKa3YKEwiGl-DX8LqPAhUpLYYKHVQxghQYACAAOA0 --batch --smart --level 2 --risk 1 --output-dir output/freetodolist.com/20260630_121126/sqlmap --forms --crawl=2
2026-06-30 13:25:39,057 [INFO] redscanner.runner: Running: sqlmap -u https://freetodolist.com/api_docs --batch --smart --level 2 --risk 1 --output-dir output/freetodolist.com/20260630_121126/sqlmap --forms --crawl=2
2026-06-30 13:30:39,160 [ERROR] redscanner.runner: Tool timed out after 300s: sqlmap
2026-06-30 13:30:39,161 [INFO] redscanner.runner: Running: sqlmap -u https://freetodolist.com/app-ads.txt --batch --smart --level 2 --risk 1 --output-dir output/freetodolist.com/20260630_121126/sqlmap --forms --crawl=2
2026-06-30 13:35:39,169 [ERROR] redscanner.runner: Tool timed out after 300s: sqlmap
2026-06-30 13:35:39,169 [INFO] redscanner.runner: Running: sqlmap -u https://freetodolist.com/apple-touch-icon.png --batch --smart --level 2 --risk 1 --output-dir output/freetodolist.com/20260630_121126/sqlmap --forms --crawl=2
2026-06-30 13:40:39,177 [ERROR] redscanner.runner: Tool timed out after 300s: sqlmap
2026-06-30 13:40:39,177 [INFO] redscanner.runner: Running: sqlmap -u https://www.freetodolist.com/assets/application-0202a0c7f8dea2e4730340e94dbf33f7cecd2a18d11724fadff6d436d217a62e.css --batch --smart --level 2 --risk 1 --output-dir output/freetodolist.com/20260630_121126/sqlmap --forms --crawl=2
2026-06-30 13:41:03,713 [INFO] redscanner.runner: Running: sqlmap -u https://freetodolist.com/assets/application-092ac8091dbaece7e855f3663b6b0faae44a04a31365a9cd5f84ea600d0b838a.css --batch --smart --level 2 --risk 1 --output-dir output/freetodolist.com/20260630_121126/sqlmap --forms --crawl=2
2026-06-30 13:46:03,730 [ERROR] redscanner.runner: Tool timed out after 300s: sqlmap
2026-06-30 13:46:03,730 [INFO] redscanner.runner: Running: sqlmap -u https://freetodolist.com/assets/application-37f365cbecf1fa2810a8303f4b6571676fa1f9c56c248528bc14ddb857531b95.js --batch --smart --level 2 --risk 1 --output-dir output/freetodolist.com/20260630_121126/sqlmap --forms --crawl=2
2026-06-30 13:51:03,736 [ERROR] redscanner.runner: Tool timed out after 300s: sqlmap
2026-06-30 13:51:03,737 [INFO] redscanner.runner: Running: sqlmap -u https://freetodolist.com/assets/application-5f902d1c9343eb3e3fa318b321fcb0ea409619d0c50e5959cd6fd3327908762c.css --batch --smart --level 2 --risk 1 --output-dir output/freetodolist.com/20260630_121126/sqlmap --forms --crawl=2
2026-06-30 13:56:03,765 [ERROR] redscanner.runner: Tool timed out after 300s: sqlmap
2026-06-30 13:56:03,766 [INFO] redscanner.runner: Running: sqlmap -u https://www.freetodolist.com/assets/application-73b121890a5fcf1a3bd7c03dfcd389ca6e5e50a64af5e4143319aa41141a204c.css --batch --smart --level 2 --risk 1 --output-dir output/freetodolist.com/20260630_121126/sqlmap --forms --crawl=2
2026-06-30 14:01:03,790 [ERROR] redscanner.runner: Tool timed out after 300s: sqlmap
2026-06-30 14:01:03,790 [INFO] redscanner.runner: Running: sqlmap -u https://www.freetodolist.com/assets/application-9c2cc8a40d8058254e79f97c6774030639a0100d7bad18ac8501c1b628346593.js --batch --smart --level 2 --risk 1 --output-dir output/freetodolist.com/20260630_121126/sqlmap --forms --crawl=2
2026-06-30 14:06:03,799 [ERROR] redscanner.runner: Tool timed out after 300s: sqlmap
2026-06-30 14:06:03,799 [INFO] redscanner.runner: Running: sqlmap -u https://www.freetodolist.com/assets/application-c13d00486ffc8e619584f9e4abc74b5336220af975f18d1b24a33e23146cbc95.js --batch --smart --level 2 --risk 1 --output-dir output/freetodolist.com/20260630_121126/sqlmap --forms --crawl=2
2026-06-30 14:11:03,832 [ERROR] redscanner.runner: Tool timed out after 300s: sqlmap
2026-06-30 14:11:03,832 [INFO] redscanner: SQLmap reported 2 findings
2026-06-30 14:11:03,832 [INFO] redscanner: ============================================================
2026-06-30 14:11:03,832 [INFO] redscanner: PHASE: API / secret patterns in JS
2026-06-30 14:11:03,833 [INFO] redscanner: ============================================================
2026-06-30 14:11:03,834 [INFO] redscanner.runner: Running: xcrawl3r -u http://www.freetodolist.com:80/
2026-06-30 14:11:21,455 [INFO] redscanner.runner: Running: xcrawl3r -u https://freetodolist.com/.well-known/ai-plugin.json
2026-06-30 14:11:32,204 [INFO] redscanner.runner: Running: xcrawl3r -u https://freetodolist.com/.well-known/assetlinks.json
2026-06-30 14:11:53,010 [INFO] redscanner.runner: Running: xcrawl3r -u https://freetodolist.com/.well-known/dnt-policy.txt
2026-06-30 14:11:53,919 [INFO] redscanner.runner: Running: xcrawl3r -u https://freetodolist.com/.well-known/gpc.json
2026-06-30 14:12:04,642 [INFO] redscanner.runner: Running: xcrawl3r -u https://freetodolist.com/.well-known/nodeinfo
2026-06-30 14:12:22,612 [INFO] redscanner.runner: Running: xcrawl3r -u https://freetodolist.com/.well-known/openid-configuration
2026-06-30 14:12:29,297 [INFO] redscanner.runner: Running: xcrawl3r -u https://freetodolist.com/.well-known/security.txt
2026-06-30 14:12:30,450 [INFO] redscanner.runner: Running: xcrawl3r -u https://freetodolist.com/.well-known/trust.txt
2026-06-30 14:12:36,498 [INFO] redscanner.runner: Running: xcrawl3r -u http://freetodolist.com:80/?redir=frame&uid=freetodolist51bbca0d2c7643.44681773
2026-06-30 14:13:04,056 [INFO] redscanner.runner: Running: xcrawl3r -u https://freetodolist.com/?tw
2026-06-30 14:13:05,230 [INFO] redscanner.runner: Running: curl -s -L --max-time 10 https://freetodolist.com/assets/application-9c2cc8a40d8058254e79f97c6774030639a0100d7bad18ac8501c1b628346593.js
2026-06-30 14:13:12,450 [INFO] redscanner.runner: Running: curl -s -L --max-time 10 https://freetodolist.com/assets/turbo.min-cd3ce4205eaa3eb1f80c30fedaf47bccb15a7668eb53b1cb1a5e0dda16009d4d.js
2026-06-30 14:13:22,467 [INFO] redscanner.runner: Running: curl -s -L --max-time 10 https://freetodolist.com/assets/stimulus.min-dd364f16ec9504dfb72672295637a1c8838773b01c0b441bd41008124c407894.js
2026-06-30 14:13:29,666 [INFO] redscanner.runner: Running: curl -s -L --max-time 10 https://freetodolist.com/assets/stimulus-loading-3576ce92b149ad5d6959438c6f291e2426c86df3b874c525b30faad51b0d96b3.js
2026-06-30 14:13:39,681 [INFO] redscanner.runner: Running: curl -s -L --max-time 10 https://freetodolist.com/assets/sortablejs-68686d1e12934ac42f22f33f54142790b1871ade677693308b23c8b38866f8c6.js
2026-06-30 14:13:46,882 [INFO] redscanner.runner: Running: curl -s -L --max-time 10 https://freetodolist.com/assets/chartkick-8eb76e6cbdb540d495739fce84049fd038e59e7fd55c9e08e47b0b5a74b62db4.js
2026-06-30 14:13:56,898 [INFO] redscanner.runner: Running: curl -s -L --max-time 10 https://freetodolist.com/assets/Chart.bundle-34c49f4b7464e81bdb4766d2cfa073403b76249d50b32c5829c706bf1e866cc6.js
2026-06-30 14:14:02,874 [INFO] redscanner.runner: Running: curl -s -L --max-time 10 https://freetodolist.com/assets/controllers/application-368d98631bccbf2349e0d4f8269afb3fe9625118341966de054759d96ea86c7e.js
2026-06-30 14:14:11,159 [INFO] redscanner.runner: Running: curl -s -L --max-time 10 https://freetodolist.com/assets/controllers/autofocus_controller-d261c804af51c9c21a147db8da2c606a0bd9cc91d12feb17fe861c43c4c2ea71.js
2026-06-30 14:14:11,427 [INFO] redscanner.runner: Running: curl -s -L --max-time 10 https://freetodolist.com/assets/controllers/bulk_due_date_controller-e6961e6b49d2f97608739c5cb5eabe737e69db9cf618675be3ae9f50d047fa27.js
2026-06-30 14:14:18,626 [INFO] redscanner.runner: Running: curl -s -L --max-time 10 https://freetodolist.com/assets/controllers/bulk_select_controller-91a3a81e430c561d9f101c9275df7ac08c67eeda66cbeaf674e71dbe45fa65b2.js
2026-06-30 14:14:28,643 [INFO] redscanner.runner: Running: curl -s -L --max-time 10 https://freetodolist.com/assets/controllers/date_selector_controller-09ab8b7bd5f7ffab00473efec450e5960bd08cb70b4b94e39d0035f5b66a5aca.js
2026-06-30 14:14:35,842 [INFO] redscanner.runner: Running: curl -s -L --max-time 10 https://freetodolist.com/assets/controllers/dropdown_controller-b29140f204f86ebe79752456a4af12185195301dd654ff5a1ffcf27e61dcb7de.js
2026-06-30 14:14:36,112 [INFO] redscanner.runner: Running: curl -s -L --max-time 10 https://freetodolist.com/assets/controllers/flash_toast_controller-6933e0367e64a0bf8ed811509d23570b593e6f764b37b04684274e07f738e148.js
2026-06-30 14:14:36,382 [INFO] redscanner.runner: Running: curl -s -L --max-time 10 https://freetodolist.com/assets/controllers/hello_controller-549135e8e7c683a538c3d6d517339ba470fcfb79d62f738a0a089ba41851a554.js
2026-06-30 14:14:44,647 [INFO] redscanner.runner: Running: curl -s -L --max-time 10 https://freetodolist.com/assets/controllers/index-9cb4fe6c8d51622e163ab744fbb163582ccf9114b072eb3634a6a495d2b682fc.js
2026-06-30 14:14:51,842 [INFO] redscanner.runner: Running: curl -s -L --max-time 10 https://freetodolist.com/assets/controllers/item_modal_controller-6544da975e794715932ae02b8bb7582cf0740299e1af2dabbc847f41bfa5bc9b.js
2026-06-30 14:14:59,074 [INFO] redscanner.runner: Running: curl -s -L --max-time 10 https://freetodolist.com/assets/controllers/list_background_picker_controller-e80c30cb798f5a34df621c6b59dc722618942921b6ed333f90b0a7475c382cf3.js
2026-06-30 14:15:06,242 [INFO] redscanner.runner: Running: curl -s -L --max-time 10 https://freetodolist.com/assets/controllers/list_filter_controller-05c6222bf96bc0af216e889854a33d88eb411da15ed0407e8d087ee0f91e5ef5.js
2026-06-30 14:15:06,541 [INFO] redscanner.runner: Running: curl -s -L --max-time 10 https://freetodolist.com/assets/controllers/mobile_drawer_controller-aad5b4c5f11765b020f1f02a733f52d4d376d379eb3964f5f4ee692fbf4fcced.js
2026-06-30 14:15:16,556 [INFO] redscanner.runner: Running: xcrawl3r -u https://freetodolist.com/?twitter
2026-06-30 14:15:46,897 [INFO] redscanner.runner: Running: xcrawl3r -u https://freetodolist.com/admin
2026-06-30 14:15:52,976 [INFO] redscanner.runner: Running: curl -s -L --max-time 10 https://freetodolist.com/assets/application-9c2cc8a40d8058254e79f97c6774030639a0100d7bad18ac8501c1b628346593.js
2026-06-30 14:16:02,993 [INFO] redscanner.runner: Running: curl -s -L --max-time 10 https://freetodolist.com/assets/turbo.min-cd3ce4205eaa3eb1f80c30fedaf47bccb15a7668eb53b1cb1a5e0dda16009d4d.js
2026-06-30 14:16:13,010 [INFO] redscanner.runner: Running: curl -s -L --max-time 10 https://freetodolist.com/assets/stimulus.min-dd364f16ec9504dfb72672295637a1c8838773b01c0b441bd41008124c407894.js
2026-06-30 14:16:18,460 [INFO] redscanner.runner: Running: curl -s -L --max-time 10 https://freetodolist.com/assets/stimulus-loading-3576ce92b149ad5d6959438c6f291e2426c86df3b874c525b30faad51b0d96b3.js
2026-06-30 14:16:18,733 [INFO] redscanner.runner: Running: curl -s -L --max-time 10 https://freetodolist.com/assets/sortablejs-68686d1e12934ac42f22f33f54142790b1871ade677693308b23c8b38866f8c6.js
2026-06-30 14:16:28,747 [INFO] redscanner.runner: Running: curl -s -L --max-time 10 https://freetodolist.com/assets/chartkick-8eb76e6cbdb540d495739fce84049fd038e59e7fd55c9e08e47b0b5a74b62db4.js
2026-06-30 14:16:29,205 [INFO] redscanner.runner: Running: curl -s -L --max-time 10 https://freetodolist.com/assets/Chart.bundle-34c49f4b7464e81bdb4766d2cfa073403b76249d50b32c5829c706bf1e866cc6.js
2026-06-30 14:16:36,417 [INFO] redscanner.runner: Running: curl -s -L --max-time 10 https://freetodolist.com/assets/controllers/application-368d98631bccbf2349e0d4f8269afb3fe9625118341966de054759d96ea86c7e.js
2026-06-30 14:16:41,693 [INFO] redscanner.runner: Running: curl -s -L --max-time 10 https://freetodolist.com/assets/controllers/autofocus_controller-d261c804af51c9c21a147db8da2c606a0bd9cc91d12feb17fe861c43c4c2ea71.js
2026-06-30 14:16:41,963 [INFO] redscanner.runner: Running: curl -s -L --max-time 10 https://freetodolist.com/assets/controllers/bulk_due_date_controller-e6961e6b49d2f97608739c5cb5eabe737e69db9cf618675be3ae9f50d047fa27.js
2026-06-30 14:16:51,980 [INFO] redscanner.runner: Running: curl -s -L --max-time 10 https://freetodolist.com/assets/controllers/bulk_select_controller-91a3a81e430c561d9f101c9275df7ac08c67eeda66cbeaf674e71dbe45fa65b2.js
2026-06-30 14:16:59,202 [INFO] redscanner.runner: Running: curl -s -L --max-time 10 https://freetodolist.com/assets/controllers/date_selector_controller-09ab8b7bd5f7ffab00473efec450e5960bd08cb70b4b94e39d0035f5b66a5aca.js
2026-06-30 14:17:06,370 [INFO] redscanner.runner: Running: curl -s -L --max-time 10 https://freetodolist.com/assets/controllers/dropdown_controller-b29140f204f86ebe79752456a4af12185195301dd654ff5a1ffcf27e61dcb7de.js
2026-06-30 14:17:16,384 [INFO] redscanner.runner: Running: curl -s -L --max-time 10 https://freetodolist.com/assets/controllers/flash_toast_controller-6933e0367e64a0bf8ed811509d23570b593e6f764b37b04684274e07f738e148.js
2026-06-30 14:17:16,655 [INFO] redscanner.runner: Running: curl -s -L --max-time 10 https://freetodolist.com/assets/controllers/hello_controller-549135e8e7c683a538c3d6d517339ba470fcfb79d62f738a0a089ba41851a554.js
2026-06-30 14:17:23,842 [INFO] redscanner.runner: Running: curl -s -L --max-time 10 https://freetodolist.com/assets/controllers/index-9cb4fe6c8d51622e163ab744fbb163582ccf9114b072eb3634a6a495d2b682fc.js
2026-06-30 14:17:33,859 [INFO] redscanner.runner: Running: curl -s -L --max-time 10 https://freetodolist.com/assets/controllers/item_modal_controller-6544da975e794715932ae02b8bb7582cf0740299e1af2dabbc847f41bfa5bc9b.js
2026-06-30 14:17:34,136 [INFO] redscanner.runner: Running: curl -s -L --max-time 10 https://freetodolist.com/assets/controllers/list_background_picker_controller-e80c30cb798f5a34df621c6b59dc722618942921b6ed333f90b0a7475c382cf3.js
2026-06-30 14:17:41,314 [INFO] redscanner.runner: Running: curl -s -L --max-time 10 https://freetodolist.com/assets/controllers/list_filter_controller-05c6222bf96bc0af216e889854a33d88eb411da15ed0407e8d087ee0f91e5ef5.js
2026-06-30 14:17:41,575 [INFO] redscanner.runner: Running: curl -s -L --max-time 10 https://freetodolist.com/assets/controllers/mobile_drawer_controller-aad5b4c5f11765b020f1f02a733f52d4d376d379eb3964f5f4ee692fbf4fcced.js
2026-06-30 14:17:48,738 [INFO] redscanner.runner: Running: xcrawl3r -u https://freetodolist.com/ads.txt
2026-06-30 14:17:54,665 [INFO] redscanner.runner: Running: xcrawl3r -u http://www.freetodolist.com:80/agreement-free-printable-rental.htm?tkn=JxxPN1WKa3YKEwiGl-DX8LqPAhUpLYYKHVQxghQYACAAOA0
2026-06-30 14:17:55,434 [INFO] redscanner.runner: Running: xcrawl3r -u https://freetodolist.com/api_docs
2026-06-30 14:18:01,455 [INFO] redscanner.runner: Running: curl -s -L --max-time 10 https://freetodolist.com/assets/application-9c2cc8a40d8058254e79f97c6774030639a0100d7bad18ac8501c1b628346593.js
2026-06-30 14:18:01,724 [INFO] redscanner.runner: Running: curl -s -L --max-time 10 https://freetodolist.com/assets/turbo.min-cd3ce4205eaa3eb1f80c30fedaf47bccb15a7668eb53b1cb1a5e0dda16009d4d.js
2026-06-30 14:18:02,267 [INFO] redscanner.runner: Running: curl -s -L --max-time 10 https://freetodolist.com/assets/stimulus.min-dd364f16ec9504dfb72672295637a1c8838773b01c0b441bd41008124c407894.js
2026-06-30 14:18:02,711 [INFO] redscanner.runner: Running: curl -s -L --max-time 10 https://freetodolist.com/assets/stimulus-loading-3576ce92b149ad5d6959438c6f291e2426c86df3b874c525b30faad51b0d96b3.js
2026-06-30 14:18:12,726 [INFO] redscanner.runner: Running: curl -s -L --max-time 10 https://freetodolist.com/assets/sortablejs-68686d1e12934ac42f22f33f54142790b1871ade677693308b23c8b38866f8c6.js
2026-06-30 14:18:13,182 [INFO] redscanner.runner: Running: curl -s -L --max-time 10 https://freetodolist.com/assets/chartkick-8eb76e6cbdb540d495739fce84049fd038e59e7fd55c9e08e47b0b5a74b62db4.js
2026-06-30 14:18:13,635 [INFO] redscanner.runner: Running: curl -s -L --max-time 10 https://freetodolist.com/assets/Chart.bundle-34c49f4b7464e81bdb4766d2cfa073403b76249d50b32c5829c706bf1e866cc6.js
2026-06-30 14:18:23,649 [INFO] redscanner.runner: Running: curl -s -L --max-time 10 https://freetodolist.com/assets/controllers/application-368d98631bccbf2349e0d4f8269afb3fe9625118341966de054759d96ea86c7e.js
2026-06-30 14:18:33,665 [INFO] redscanner.runner: Running: curl -s -L --max-time 10 https://freetodolist.com/assets/controllers/autofocus_controller-d261c804af51c9c21a147db8da2c606a0bd9cc91d12feb17fe861c43c4c2ea71.js
2026-06-30 14:18:33,922 [INFO] redscanner.runner: Running: curl -s -L --max-time 10 https://freetodolist.com/assets/controllers/bulk_due_date_controller-e6961e6b49d2f97608739c5cb5eabe737e69db9cf618675be3ae9f50d047fa27.js
2026-06-30 14:18:43,939 [INFO] redscanner.runner: Running: curl -s -L --max-time 10 https://freetodolist.com/assets/controllers/bulk_select_controller-91a3a81e430c561d9f101c9275df7ac08c67eeda66cbeaf674e71dbe45fa65b2.js
2026-06-30 14:18:53,955 [INFO] redscanner.runner: Running: curl -s -L --max-time 10 https://freetodolist.com/assets/controllers/date_selector_controller-09ab8b7bd5f7ffab00473efec450e5960bd08cb70b4b94e39d0035f5b66a5aca.js
2026-06-30 14:19:03,971 [INFO] redscanner.runner: Running: curl -s -L --max-time 10 https://freetodolist.com/assets/controllers/dropdown_controller-b29140f204f86ebe79752456a4af12185195301dd654ff5a1ffcf27e61dcb7de.js
2026-06-30 14:19:13,987 [INFO] redscanner.runner: Running: curl -s -L --max-time 10 https://freetodolist.com/assets/controllers/flash_toast_controller-6933e0367e64a0bf8ed811509d23570b593e6f764b37b04684274e07f738e148.js
2026-06-30 14:19:19,264 [INFO] redscanner.runner: Running: curl -s -L --max-time 10 https://freetodolist.com/assets/controllers/hello_controller-549135e8e7c683a538c3d6d517339ba470fcfb79d62f738a0a089ba41851a554.js
2026-06-30 14:19:19,532 [INFO] redscanner.runner: Running: curl -s -L --max-time 10 https://freetodolist.com/assets/controllers/index-9cb4fe6c8d51622e163ab744fbb163582ccf9114b072eb3634a6a495d2b682fc.js
2026-06-30 14:19:26,722 [INFO] redscanner.runner: Running: curl -s -L --max-time 10 https://freetodolist.com/assets/controllers/item_modal_controller-6544da975e794715932ae02b8bb7582cf0740299e1af2dabbc847f41bfa5bc9b.js
2026-06-30 14:19:33,890 [INFO] redscanner.runner: Running: curl -s -L --max-time 10 https://freetodolist.com/assets/controllers/list_background_picker_controller-e80c30cb798f5a34df621c6b59dc722618942921b6ed333f90b0a7475c382cf3.js
2026-06-30 14:19:39,167 [INFO] redscanner.runner: Running: curl -s -L --max-time 10 https://freetodolist.com/assets/controllers/list_filter_controller-05c6222bf96bc0af216e889854a33d88eb411da15ed0407e8d087ee0f91e5ef5.js
2026-06-30 14:19:46,370 [INFO] redscanner.runner: Running: curl -s -L --max-time 10 https://freetodolist.com/assets/controllers/mobile_drawer_controller-aad5b4c5f11765b020f1f02a733f52d4d376d379eb3964f5f4ee692fbf4fcced.js
2026-06-30 14:19:46,643 [INFO] redscanner.runner: Running: xcrawl3r -u https://freetodolist.com/app-ads.txt
2026-06-30 14:19:57,456 [INFO] redscanner.runner: Running: xcrawl3r -u https://freetodolist.com/apple-touch-icon.png
2026-06-30 14:19:58,366 [INFO] redscanner.runner: Running: xcrawl3r -u https://www.freetodolist.com/assets/application-0202a0c7f8dea2e4730340e94dbf33f7cecd2a18d11724fadff6d436d217a62e.css
2026-06-30 14:20:28,685 [INFO] redscanner.runner: Running: xcrawl3r -u https://freetodolist.com/assets/application-092ac8091dbaece7e855f3663b6b0faae44a04a31365a9cd5f84ea600d0b838a.css
2026-06-30 14:20:39,378 [INFO] redscanner.runner: Running: xcrawl3r -u https://freetodolist.com/assets/application-37f365cbecf1fa2810a8303f4b6571676fa1f9c56c248528bc14ddb857531b95.js
2026-06-30 14:20:55,113 [INFO] redscanner.runner: Running: xcrawl3r -u https://freetodolist.com/assets/application-5f902d1c9343eb3e3fa318b321fcb0ea409619d0c50e5959cd6fd3327908762c.css
2026-06-30 14:21:15,901 [INFO] redscanner.runner: Running: xcrawl3r -u https://www.freetodolist.com/assets/application-73b121890a5fcf1a3bd7c03dfcd389ca6e5e50a64af5e4143319aa41141a204c.css
2026-06-30 14:21:21,990 [INFO] redscanner.runner: Running: xcrawl3r -u https://www.freetodolist.com/assets/application-9c2cc8a40d8058254e79f97c6774030639a0100d7bad18ac8501c1b628346593.js
2026-06-30 14:21:33,205 [INFO] redscanner.runner: Running: xcrawl3r -u https://www.freetodolist.com/assets/application-c13d00486ffc8e619584f9e4abc74b5336220af975f18d1b24a33e23146cbc95.js
2026-06-30 14:21:34,095 [INFO] redscanner: API leak scan reported 0 findings
2026-06-30 14:21:34,095 [INFO] redscanner: ============================================================
2026-06-30 14:21:34,095 [INFO] redscanner: PHASE: HTTP Security Headers (curl HEAD)
2026-06-30 14:21:34,095 [INFO] redscanner: ============================================================
2026-06-30 14:21:34,096 [INFO] redscanner.runner: Running: curl -s -I -L --max-time 10 -A Mozilla/5.0 https://freetodolist.com
2026-06-30 14:21:44,111 [WARNING] redscanner: header_check: could not fetch headers for https://freetodolist.com
2026-06-30 14:21:44,111 [INFO] redscanner: Header scanner reported 0 findings
2026-06-30 14:21:44,111 [INFO] redscanner: ============================================================
2026-06-30 14:21:44,111 [INFO] redscanner: PHASE: Nikto
2026-06-30 14:21:44,111 [INFO] redscanner: ============================================================
2026-06-30 14:21:44,114 [INFO] redscanner.runner: Running: nikto -h https://freetodolist.com -maxtime 120s -useragent Mozilla/5.0
2026-06-30 14:21:44,248 [INFO] redscanner: nikto pass complete (1 hosts), parsed 0 lines
2026-06-30 14:21:44,248 [INFO] redscanner: Nikto parsed 0 notable lines
2026-06-30 14:21:44,248 [WARNING] redscanner: Unknown module skipped: cors
2026-06-30 14:21:44,248 [WARNING] redscanner: Unknown module skipped: tls
2026-06-30 14:21:44,249 [WARNING] redscanner: Unknown module skipped: dirbust
2026-06-30 14:21:44,249 [WARNING] redscanner: Unknown module skipped: cdn_bypass
2026-06-30 14:21:44,253 [INFO] redscanner: ============================================================
2026-06-30 14:21:44,253 [INFO] redscanner: Generating Reports
2026-06-30 14:21:44,253 [INFO] redscanner: ============================================================
2026-06-30 14:21:44,261 [INFO] redscanner.report: JSON report: output/freetodolist.com/20260630_121126/report.json
2026-06-30 14:21:44,262 [INFO] redscanner.report: Surface JSON: output/freetodolist.com/20260630_121126/surface.json
2026-06-30 14:21:44,278 [INFO] redscanner.report: Markdown report: output/freetodolist.com/20260630_121126/report.md
2026-06-30 14:21:44,297 [INFO] redscanner.report: HTML report: output/freetodolist.com/20260630_121126/report.html
2026-06-30 14:21:44,297 [INFO] redscanner.report: Reports written to output/freetodolist.com/20260630_121126
2026-06-30 14:21:44,297 [INFO] redscanner: 
2026-06-30 14:21:44,297 [INFO] redscanner: ============================================================
2026-06-30 14:21:44,297 [INFO] redscanner: SCAN COMPLETE — 20260630_121126
2026-06-30 14:21:44,297 [INFO] redscanner: Target: freetodolist.com
2026-06-30 14:21:44,297 [INFO] redscanner: Duration: 7817.6s
2026-06-30 14:21:44,298 [INFO] redscanner: Assets discovered: 0
2026-06-30 14:21:44,298 [INFO] redscanner: Total findings: 4
2026-06-30 14:21:44,298 [INFO] redscanner:   Critical: 2  High: 0  Medium: 0  Low: 0  Info: 2
2026-06-30 14:21:44,298 [INFO] redscanner: Reports saved to: output/freetodolist.com/20260630_121126
2026-06-30 14:21:44,298 [INFO] redscanner: ============================================================
2026-08-31 14:40:26,834 [INFO] redscanner: RedScanner v0.3.1 — scan 20260831_144026 against apex.api.macrocosmos.ai
2026-08-31 14:40:26,834 [INFO] redscanner: Engagement plan: Red team engagement plan
2026-08-31 14:40:26,834 [INFO] redscanner: Frameworks: MITRE ATT&CK (Enterprise + Cloud + Recon); PTES — Penetration Testing Execution Standard; OWASP Web Security Testing Guide (WSTG); NIST SP 800-115 — Technical Guide for Security Testing
2026-08-31 14:40:26,835 [INFO] redscanner: Modules (ordered): recon, wayback, naabu, nuclei, xss, sqli, api_leak, header_check, cors, tls, dirbust, cdn_bypass, nikto
2026-08-31 14:40:26,835 [INFO] redscanner: Output: output/apex.api.macrocosmos.ai/20260831_144026
2026-08-31 14:40:26,838 [INFO] redscanner: External tools on PATH: subfinder, httpx, assetfinder, xcrawl3r, waybackurls, gau, naabu, nuclei, dalfox, nikto, gobuster
2026-08-31 14:40:26,838 [WARNING] redscanner: Not installed or not on PATH (those phases will skip or use fallbacks): sqlmap, ffuf, testssl.sh
2026-08-31 14:40:26,838 [INFO] redscanner: ============================================================
2026-08-31 14:40:26,838 [INFO] redscanner: PHASE: Reconnaissance (subfinder, assetfinder, httpx, xcrawl3r)
2026-08-31 14:40:26,838 [INFO] redscanner: ============================================================
2026-08-31 14:40:26,839 [INFO] redscanner.runner: Running: subfinder -d apex.api.macrocosmos.ai -silent -all
2026-08-31 14:40:57,169 [INFO] redscanner: subfinder found 0 subdomains
2026-08-31 14:40:57,170 [INFO] redscanner.runner: Running: assetfinder apex.api.macrocosmos.ai
2026-08-31 14:40:58,466 [INFO] redscanner: assetfinder added 1 hostnames
2026-08-31 14:40:58,467 [INFO] redscanner.runner: Running: httpx -l /tmp/tmpfs1he6_6.txt -json -status-code -title -tech-detect -silent
2026-08-31 14:40:58,783 [INFO] redscanner: Discovered 0 HTTP assets
2026-08-31 14:40:58,783 [INFO] redscanner: ============================================================
2026-08-31 14:40:58,784 [INFO] redscanner: PHASE: Historical URLs (waybackurls, gau)
2026-08-31 14:40:58,784 [INFO] redscanner: ============================================================
2026-08-31 14:40:58,785 [INFO] redscanner.runner: Running: waybackurls
2026-08-31 14:41:04,454 [INFO] redscanner.runner: Running: gau apex.api.macrocosmos.ai
2026-08-31 14:41:37,397 [INFO] redscanner: Wayback/gau collected 0 URLs (cap 500)
2026-08-31 14:41:37,397 [INFO] redscanner: Collected 0 historical URLs for downstream scanners
2026-08-31 14:41:37,398 [INFO] redscanner: ============================================================
2026-08-31 14:41:37,398 [INFO] redscanner: PHASE: Port scan (naabu)
2026-08-31 14:41:37,398 [INFO] redscanner: ============================================================
2026-08-31 14:41:37,399 [INFO] redscanner.runner: Running: naabu -l output/apex.api.macrocosmos.ai/20260831_144026/recon/naabu_hosts.txt -silent -top-ports 1000 -rate 500
2026-08-31 14:41:49,435 [INFO] redscanner: naabu reported 2 open ports (info findings)
2026-08-31 14:41:49,443 [INFO] redscanner: ============================================================
2026-08-31 14:41:49,443 [INFO] redscanner: PHASE: Nuclei
2026-08-31 14:41:49,443 [INFO] redscanner: ============================================================
2026-08-31 14:41:49,443 [INFO] redscanner: Nuclei template exclude tags: dos,fuzz
2026-08-31 14:41:49,444 [INFO] redscanner.runner: Running: nuclei -l /tmp/tmp1jebosy1.txt -json -silent -severity critical,high,medium,low -rate-limit 50 -c 10 -etags dos,fuzz
2026-08-31 14:41:50,111 [INFO] redscanner: Nuclei reported 0 findings
2026-08-31 14:41:50,111 [INFO] redscanner: ============================================================
2026-08-31 14:41:50,112 [INFO] redscanner: PHASE: XSS (dalfox)
2026-08-31 14:41:50,112 [INFO] redscanner: ============================================================
2026-08-31 14:41:50,112 [INFO] redscanner.runner: Running: dalfox url https://apex.api.macrocosmos.ai --format json --silence --timeout 30 --worker 10
2026-08-31 14:41:50,983 [INFO] redscanner: Dalfox reported 0 findings
2026-08-31 14:41:50,984 [INFO] redscanner: ============================================================
2026-08-31 14:41:50,984 [INFO] redscanner: PHASE: SQLi (sqlmap)
2026-08-31 14:41:50,984 [INFO] redscanner: ============================================================
2026-08-31 14:41:50,985 [WARNING] redscanner.runner: Tool not found: sqlmap. Skipping.
2026-08-31 14:41:50,985 [INFO] redscanner: SQLmap reported 0 findings
2026-08-31 14:41:50,986 [INFO] redscanner: ============================================================
2026-08-31 14:41:50,986 [INFO] redscanner: PHASE: API / secret patterns in JS
2026-08-31 14:41:50,986 [INFO] redscanner: ============================================================
2026-08-31 14:41:50,987 [INFO] redscanner.runner: Running: xcrawl3r -u https://apex.api.macrocosmos.ai
2026-08-31 14:41:51,847 [INFO] redscanner: API leak scan reported 0 findings
2026-08-31 14:41:51,847 [INFO] redscanner: ============================================================
2026-08-31 14:41:51,848 [INFO] redscanner: PHASE: HTTP Security Headers (curl HEAD)
2026-08-31 14:41:51,848 [INFO] redscanner: ============================================================
2026-08-31 14:41:51,848 [INFO] redscanner.runner: Running: curl -s -I -L --max-time 10 -A Mozilla/5.0 https://apex.api.macrocosmos.ai
2026-08-31 14:41:52,121 [INFO] redscanner: Header scanner reported 6 findings
2026-08-31 14:41:52,130 [INFO] redscanner: ============================================================
2026-08-31 14:41:52,130 [INFO] redscanner: PHASE: CORS misconfiguration (WSTG-CLIENT-07)
2026-08-31 14:41:52,130 [INFO] redscanner: ============================================================
2026-08-31 14:41:52,130 [INFO] redscanner.runner: Running: curl -s -I -L --max-time 30 -A Mozilla/5.0 https://apex.api.macrocosmos.ai
2026-08-31 14:41:52,437 [INFO] redscanner.runner: Running: curl -s -I -L --max-time 30 -A Mozilla/5.0 -H Origin: https://evil.example.com https://apex.api.macrocosmos.ai
2026-08-31 14:41:52,758 [INFO] redscanner.runner: Running: curl -s -I -L --max-time 30 -A Mozilla/5.0 -H Origin: null https://apex.api.macrocosmos.ai
2026-08-31 14:41:53,097 [INFO] redscanner.runner: Running: curl -s -I -L --max-time 30 -A Mozilla/5.0 -H Origin: https://attacker-apex.api.macrocosmos.ai https://apex.api.macrocosmos.ai
2026-08-31 14:41:53,409 [INFO] redscanner.runner: Running: curl -s -I -L --max-time 30 -A Mozilla/5.0 -H Origin: https://evil.apex.api.macrocosmos.ai https://apex.api.macrocosmos.ai
2026-08-31 14:41:53,712 [INFO] redscanner: CORS scanner reported 4 findings
2026-08-31 14:41:53,715 [INFO] redscanner: ============================================================
2026-08-31 14:41:53,715 [INFO] redscanner: PHASE: TLS/SSL assessment (WSTG-CRYP-01)
2026-08-31 14:41:53,715 [INFO] redscanner: ============================================================
2026-08-31 14:41:53,715 [INFO] redscanner: TLS scanner: testssl.sh not found — using openssl fallback (install testssl.sh for full assessment)
2026-08-31 14:41:53,715 [INFO] redscanner.runner: Running: openssl s_client -connect apex.api.macrocosmos.ai:443 -servername apex.api.macrocosmos.ai -tls1 -brief
2026-08-31 14:41:53,960 [INFO] redscanner.runner: Running: openssl s_client -connect apex.api.macrocosmos.ai:443 -servername apex.api.macrocosmos.ai -tls1_1 -brief
2026-08-31 14:41:54,171 [INFO] redscanner.runner: Running: openssl s_client -connect apex.api.macrocosmos.ai:443 -servername apex.api.macrocosmos.ai -brief
2026-08-31 14:41:54,477 [INFO] redscanner.runner: Running: openssl s_client -connect apex.api.macrocosmos.ai:443 -servername apex.api.macrocosmos.ai -tls1_3 -brief
2026-08-31 14:41:55,055 [INFO] redscanner: TLS scanner reported 1 findings
2026-08-31 14:41:55,059 [INFO] redscanner: ============================================================
2026-08-31 14:41:55,059 [INFO] redscanner: PHASE: Directory / file brute-force (WSTG-CONF-05)
2026-08-31 14:41:55,059 [INFO] redscanner: ============================================================
2026-08-31 14:41:55,059 [WARNING] redscanner: dirbust: no wordlist found — falling back to built-in paths
2026-08-31 14:41:55,059 [INFO] redscanner.runner: Running: curl -s -o /dev/null -w %{http_code} --max-time 8 --max-redirs 3 -A Mozilla/5.0 https://apex.api.macrocosmos.ai/admin
2026-08-31 14:41:55,390 [INFO] redscanner.runner: Running: curl -s -o /dev/null -w %{http_code} --max-time 8 --max-redirs 3 -A Mozilla/5.0 https://apex.api.macrocosmos.ai/admin/
2026-08-31 14:41:55,696 [INFO] redscanner.runner: Running: curl -s -o /dev/null -w %{http_code} --max-time 8 --max-redirs 3 -A Mozilla/5.0 https://apex.api.macrocosmos.ai/administrator
2026-08-31 14:41:55,990 [INFO] redscanner.runner: Running: curl -s -o /dev/null -w %{http_code} --max-time 8 --max-redirs 3 -A Mozilla/5.0 https://apex.api.macrocosmos.ai/administrator/
2026-08-31 14:41:56,283 [INFO] redscanner.runner: Running: curl -s -o /dev/null -w %{http_code} --max-time 8 --max-redirs 3 -A Mozilla/5.0 https://apex.api.macrocosmos.ai/admin/login
2026-08-31 14:41:56,572 [INFO] redscanner.runner: Running: curl -s -o /dev/null -w %{http_code} --max-time 8 --max-redirs 3 -A Mozilla/5.0 https://apex.api.macrocosmos.ai/admin/login.php
2026-08-31 14:41:56,879 [INFO] redscanner.runner: Running: curl -s -o /dev/null -w %{http_code} --max-time 8 --max-redirs 3 -A Mozilla/5.0 https://apex.api.macrocosmos.ai/manager
2026-08-31 14:41:57,165 [INFO] redscanner.runner: Running: curl -s -o /dev/null -w %{http_code} --max-time 8 --max-redirs 3 -A Mozilla/5.0 https://apex.api.macrocosmos.ai/manager/
2026-08-31 14:41:57,456 [INFO] redscanner.runner: Running: curl -s -o /dev/null -w %{http_code} --max-time 8 --max-redirs 3 -A Mozilla/5.0 https://apex.api.macrocosmos.ai/console
2026-08-31 14:41:57,732 [INFO] redscanner.runner: Running: curl -s -o /dev/null -w %{http_code} --max-time 8 --max-redirs 3 -A Mozilla/5.0 https://apex.api.macrocosmos.ai/console/
2026-08-31 14:41:58,006 [INFO] redscanner.runner: Running: curl -s -o /dev/null -w %{http_code} --max-time 8 --max-redirs 3 -A Mozilla/5.0 https://apex.api.macrocosmos.ai/panel
2026-08-31 14:41:58,296 [INFO] redscanner.runner: Running: curl -s -o /dev/null -w %{http_code} --max-time 8 --max-redirs 3 -A Mozilla/5.0 https://apex.api.macrocosmos.ai/panel/
2026-08-31 14:41:58,589 [INFO] redscanner.runner: Running: curl -s -o /dev/null -w %{http_code} --max-time 8 --max-redirs 3 -A Mozilla/5.0 https://apex.api.macrocosmos.ai/dashboard
2026-08-31 14:41:58,878 [INFO] redscanner.runner: Running: curl -s -o /dev/null -w %{http_code} --max-time 8 --max-redirs 3 -A Mozilla/5.0 https://apex.api.macrocosmos.ai/dashboard/
2026-08-31 14:41:59,168 [INFO] redscanner.runner: Running: curl -s -o /dev/null -w %{http_code} --max-time 8 --max-redirs 3 -A Mozilla/5.0 https://apex.api.macrocosmos.ai/controlpanel
2026-08-31 14:41:59,441 [INFO] redscanner.runner: Running: curl -s -o /dev/null -w %{http_code} --max-time 8 --max-redirs 3 -A Mozilla/5.0 https://apex.api.macrocosmos.ai/control
2026-08-31 14:41:59,709 [INFO] redscanner.runner: Running: curl -s -o /dev/null -w %{http_code} --max-time 8 --max-redirs 3 -A Mozilla/5.0 https://apex.api.macrocosmos.ai/backend
2026-08-31 14:42:00,023 [INFO] redscanner.runner: Running: curl -s -o /dev/null -w %{http_code} --max-time 8 --max-redirs 3 -A Mozilla/5.0 https://apex.api.macrocosmos.ai/login
2026-08-31 14:42:00,305 [INFO] redscanner.runner: Running: curl -s -o /dev/null -w %{http_code} --max-time 8 --max-redirs 3 -A Mozilla/5.0 https://apex.api.macrocosmos.ai/login.php
2026-08-31 14:42:00,598 [INFO] redscanner.runner: Running: curl -s -o /dev/null -w %{http_code} --max-time 8 --max-redirs 3 -A Mozilla/5.0 https://apex.api.macrocosmos.ai/signin
2026-08-31 14:42:00,878 [INFO] redscanner.runner: Running: curl -s -o /dev/null -w %{http_code} --max-time 8 --max-redirs 3 -A Mozilla/5.0 https://apex.api.macrocosmos.ai/auth
2026-08-31 14:42:01,161 [INFO] redscanner.runner: Running: curl -s -o /dev/null -w %{http_code} --max-time 8 --max-redirs 3 -A Mozilla/5.0 https://apex.api.macrocosmos.ai/.env
2026-08-31 14:42:01,442 [INFO] redscanner.runner: Running: curl -s -o /dev/null -w %{http_code} --max-time 8 --max-redirs 3 -A Mozilla/5.0 https://apex.api.macrocosmos.ai/.env.local
2026-08-31 14:42:01,727 [INFO] redscanner.runner: Running: curl -s -o /dev/null -w %{http_code} --max-time 8 --max-redirs 3 -A Mozilla/5.0 https://apex.api.macrocosmos.ai/.env.production
2026-08-31 14:42:02,017 [INFO] redscanner.runner: Running: curl -s -o /dev/null -w %{http_code} --max-time 8 --max-redirs 3 -A Mozilla/5.0 https://apex.api.macrocosmos.ai/.env.backup
2026-08-31 14:42:02,309 [INFO] redscanner.runner: Running: curl -s -o /dev/null -w %{http_code} --max-time 8 --max-redirs 3 -A Mozilla/5.0 https://apex.api.macrocosmos.ai/.git
2026-08-31 14:42:02,580 [INFO] redscanner.runner: Running: curl -s -o /dev/null -w %{http_code} --max-time 8 --max-redirs 3 -A Mozilla/5.0 https://apex.api.macrocosmos.ai/.git/config
2026-08-31 14:42:02,865 [INFO] redscanner.runner: Running: curl -s -o /dev/null -w %{http_code} --max-time 8 --max-redirs 3 -A Mozilla/5.0 https://apex.api.macrocosmos.ai/.git/HEAD
2026-08-31 14:42:03,157 [INFO] redscanner.runner: Running: curl -s -o /dev/null -w %{http_code} --max-time 8 --max-redirs 3 -A Mozilla/5.0 https://apex.api.macrocosmos.ai/web.config
2026-08-31 14:42:03,451 [INFO] redscanner.runner: Running: curl -s -o /dev/null -w %{http_code} --max-time 8 --max-redirs 3 -A Mozilla/5.0 https://apex.api.macrocosmos.ai/.htaccess
2026-08-31 14:42:03,731 [INFO] redscanner.runner: Running: curl -s -o /dev/null -w %{http_code} --max-time 8 --max-redirs 3 -A Mozilla/5.0 https://apex.api.macrocosmos.ai/.htpasswd
2026-08-31 14:42:04,012 [INFO] redscanner.runner: Running: curl -s -o /dev/null -w %{http_code} --max-time 8 --max-redirs 3 -A Mozilla/5.0 https://apex.api.macrocosmos.ai/wp-config.php
2026-08-31 14:42:04,284 [INFO] redscanner.runner: Running: curl -s -o /dev/null -w %{http_code} --max-time 8 --max-redirs 3 -A Mozilla/5.0 https://apex.api.macrocosmos.ai/config.php
2026-08-31 14:42:04,561 [INFO] redscanner.runner: Running: curl -s -o /dev/null -w %{http_code} --max-time 8 --max-redirs 3 -A Mozilla/5.0 https://apex.api.macrocosmos.ai/config.inc.php
2026-08-31 14:42:04,828 [INFO] redscanner.runner: Running: curl -s -o /dev/null -w %{http_code} --max-time 8 --max-redirs 3 -A Mozilla/5.0 https://apex.api.macrocosmos.ai/configuration.php
2026-08-31 14:42:05,117 [INFO] redscanner.runner: Running: curl -s -o /dev/null -w %{http_code} --max-time 8 --max-redirs 3 -A Mozilla/5.0 https://apex.api.macrocosmos.ai/settings.php
2026-08-31 14:42:05,415 [INFO] redscanner.runner: Running: curl -s -o /dev/null -w %{http_code} --max-time 8 --max-redirs 3 -A Mozilla/5.0 https://apex.api.macrocosmos.ai/database.php
2026-08-31 14:42:05,694 [INFO] redscanner.runner: Running: curl -s -o /dev/null -w %{http_code} --max-time 8 --max-redirs 3 -A Mozilla/5.0 https://apex.api.macrocosmos.ai/app.config
2026-08-31 14:42:05,977 [INFO] redscanner.runner: Running: curl -s -o /dev/null -w %{http_code} --max-time 8 --max-redirs 3 -A Mozilla/5.0 https://apex.api.macrocosmos.ai/appsettings.json
2026-08-31 14:42:06,265 [INFO] redscanner.runner: Running: curl -s -o /dev/null -w %{http_code} --max-time 8 --max-redirs 3 -A Mozilla/5.0 https://apex.api.macrocosmos.ai/backup
2026-08-31 14:42:06,558 [INFO] redscanner.runner: Running: curl -s -o /dev/null -w %{http_code} --max-time 8 --max-redirs 3 -A Mozilla/5.0 https://apex.api.macrocosmos.ai/backup.zip
2026-08-31 14:42:06,833 [INFO] redscanner.runner: Running: curl -s -o /dev/null -w %{http_code} --max-time 8 --max-redirs 3 -A Mozilla/5.0 https://apex.api.macrocosmos.ai/backup.tar.gz
2026-08-31 14:42:07,118 [INFO] redscanner.runner: Running: curl -s -o /dev/null -w %{http_code} --max-time 8 --max-redirs 3 -A Mozilla/5.0 https://apex.api.macrocosmos.ai/backup.sql
2026-08-31 14:42:07,388 [INFO] redscanner.runner: Running: curl -s -o /dev/null -w %{http_code} --max-time 8 --max-redirs 3 -A Mozilla/5.0 https://apex.api.macrocosmos.ai/db.sql
2026-08-31 14:42:07,682 [INFO] redscanner.runner: Running: curl -s -o /dev/null -w %{http_code} --max-time 8 --max-redirs 3 -A Mozilla/5.0 https://apex.api.macrocosmos.ai/database.sql
2026-08-31 14:42:07,961 [INFO] redscanner.runner: Running: curl -s -o /dev/null -w %{http_code} --max-time 8 --max-redirs 3 -A Mozilla/5.0 https://apex.api.macrocosmos.ai/dump.sql
2026-08-31 14:42:08,240 [INFO] redscanner.runner: Running: curl -s -o /dev/null -w %{http_code} --max-time 8 --max-redirs 3 -A Mozilla/5.0 https://apex.api.macrocosmos.ai/db_backup.sql
2026-08-31 14:42:08,513 [INFO] redscanner.runner: Running: curl -s -o /dev/null -w %{http_code} --max-time 8 --max-redirs 3 -A Mozilla/5.0 https://apex.api.macrocosmos.ai/site.tar.gz
2026-08-31 14:42:08,794 [INFO] redscanner.runner: Running: curl -s -o /dev/null -w %{http_code} --max-time 8 --max-redirs 3 -A Mozilla/5.0 https://apex.api.macrocosmos.ai/site.zip
2026-08-31 14:42:09,062 [INFO] redscanner.runner: Running: curl -s -o /dev/null -w %{http_code} --max-time 8 --max-redirs 3 -A Mozilla/5.0 https://apex.api.macrocosmos.ai/www.zip
2026-08-31 14:42:09,336 [INFO] redscanner.runner: Running: curl -s -o /dev/null -w %{http_code} --max-time 8 --max-redirs 3 -A Mozilla/5.0 https://apex.api.macrocosmos.ai/phpinfo.php
2026-08-31 14:42:09,608 [INFO] redscanner.runner: Running: curl -s -o /dev/null -w %{http_code} --max-time 8 --max-redirs 3 -A Mozilla/5.0 https://apex.api.macrocosmos.ai/info.php
2026-08-31 14:42:09,896 [INFO] redscanner.runner: Running: curl -s -o /dev/null -w %{http_code} --max-time 8 --max-redirs 3 -A Mozilla/5.0 https://apex.api.macrocosmos.ai/test.php
2026-08-31 14:42:10,186 [INFO] redscanner.runner: Running: curl -s -o /dev/null -w %{http_code} --max-time 8 --max-redirs 3 -A Mozilla/5.0 https://apex.api.macrocosmos.ai/server-status
2026-08-31 14:42:10,465 [INFO] redscanner.runner: Running: curl -s -o /dev/null -w %{http_code} --max-time 8 --max-redirs 3 -A Mozilla/5.0 https://apex.api.macrocosmos.ai/server-info
2026-08-31 14:42:10,742 [INFO] redscanner.runner: Running: curl -s -o /dev/null -w %{http_code} --max-time 8 --max-redirs 3 -A Mozilla/5.0 https://apex.api.macrocosmos.ai/debug
2026-08-31 14:42:11,034 [INFO] redscanner.runner: Running: curl -s -o /dev/null -w %{http_code} --max-time 8 --max-redirs 3 -A Mozilla/5.0 https://apex.api.macrocosmos.ai/debug/
2026-08-31 14:42:11,311 [INFO] redscanner.runner: Running: curl -s -o /dev/null -w %{http_code} --max-time 8 --max-redirs 3 -A Mozilla/5.0 https://apex.api.macrocosmos.ai/test
2026-08-31 14:42:11,605 [INFO] redscanner.runner: Running: curl -s -o /dev/null -w %{http_code} --max-time 8 --max-redirs 3 -A Mozilla/5.0 https://apex.api.macrocosmos.ai/dev
2026-08-31 14:42:11,894 [INFO] redscanner.runner: Running: curl -s -o /dev/null -w %{http_code} --max-time 8 --max-redirs 3 -A Mozilla/5.0 https://apex.api.macrocosmos.ai/staging
2026-08-31 14:42:12,186 [INFO] redscanner.runner: Running: curl -s -o /dev/null -w %{http_code} --max-time 8 --max-redirs 3 -A Mozilla/5.0 https://apex.api.macrocosmos.ai/actuator
2026-08-31 14:42:12,454 [INFO] redscanner.runner: Running: curl -s -o /dev/null -w %{http_code} --max-time 8 --max-redirs 3 -A Mozilla/5.0 https://apex.api.macrocosmos.ai/actuator/health
2026-08-31 14:42:12,736 [INFO] redscanner.runner: Running: curl -s -o /dev/null -w %{http_code} --max-time 8 --max-redirs 3 -A Mozilla/5.0 https://apex.api.macrocosmos.ai/actuator/env
2026-08-31 14:42:13,019 [INFO] redscanner.runner: Running: curl -s -o /dev/null -w %{http_code} --max-time 8 --max-redirs 3 -A Mozilla/5.0 https://apex.api.macrocosmos.ai/actuator/beans
2026-08-31 14:42:13,305 [INFO] redscanner.runner: Running: curl -s -o /dev/null -w %{http_code} --max-time 8 --max-redirs 3 -A Mozilla/5.0 https://apex.api.macrocosmos.ai/actuator/mappings
2026-08-31 14:42:13,585 [INFO] redscanner.runner: Running: curl -s -o /dev/null -w %{http_code} --max-time 8 --max-redirs 3 -A Mozilla/5.0 https://apex.api.macrocosmos.ai/health
2026-08-31 14:42:13,871 [INFO] redscanner.runner: Running: curl -s -o /dev/null -w %{http_code} --max-time 8 --max-redirs 3 -A Mozilla/5.0 https://apex.api.macrocosmos.ai/healthz
2026-08-31 14:42:14,154 [INFO] redscanner.runner: Running: curl -s -o /dev/null -w %{http_code} --max-time 8 --max-redirs 3 -A Mozilla/5.0 https://apex.api.macrocosmos.ai/status
2026-08-31 14:42:14,420 [INFO] redscanner.runner: Running: curl -s -o /dev/null -w %{http_code} --max-time 8 --max-redirs 3 -A Mozilla/5.0 https://apex.api.macrocosmos.ai/metrics
2026-08-31 14:42:14,856 [INFO] redscanner.runner: Running: curl -s -o /dev/null -w %{http_code} --max-time 8 --max-redirs 3 -A Mozilla/5.0 https://apex.api.macrocosmos.ai/prometheus
2026-08-31 14:42:15,136 [INFO] redscanner.runner: Running: curl -s -o /dev/null -w %{http_code} --max-time 8 --max-redirs 3 -A Mozilla/5.0 https://apex.api.macrocosmos.ai/api
2026-08-31 14:42:15,430 [INFO] redscanner.runner: Running: curl -s -o /dev/null -w %{http_code} --max-time 8 --max-redirs 3 -A Mozilla/5.0 https://apex.api.macrocosmos.ai/api/v1
2026-08-31 14:42:15,719 [INFO] redscanner.runner: Running: curl -s -o /dev/null -w %{http_code} --max-time 8 --max-redirs 3 -A Mozilla/5.0 https://apex.api.macrocosmos.ai/api/v2
2026-08-31 14:42:16,017 [INFO] redscanner.runner: Running: curl -s -o /dev/null -w %{http_code} --max-time 8 --max-redirs 3 -A Mozilla/5.0 https://apex.api.macrocosmos.ai/api/v1/users
2026-08-31 14:42:16,296 [INFO] redscanner.runner: Running: curl -s -o /dev/null -w %{http_code} --max-time 8 --max-redirs 3 -A Mozilla/5.0 https://apex.api.macrocosmos.ai/api/v1/admin
2026-08-31 14:42:16,581 [INFO] redscanner.runner: Running: curl -s -o /dev/null -w %{http_code} --max-time 8 --max-redirs 3 -A Mozilla/5.0 https://apex.api.macrocosmos.ai/api/v1/config
2026-08-31 14:42:16,871 [INFO] redscanner.runner: Running: curl -s -o /dev/null -w %{http_code} --max-time 8 --max-redirs 3 -A Mozilla/5.0 https://apex.api.macrocosmos.ai/upload
2026-08-31 14:42:17,167 [INFO] redscanner.runner: Running: curl -s -o /dev/null -w %{http_code} --max-time 8 --max-redirs 3 -A Mozilla/5.0 https://apex.api.macrocosmos.ai/uploads
2026-08-31 14:42:17,456 [INFO] redscanner.runner: Running: curl -s -o /dev/null -w %{http_code} --max-time 8 --max-redirs 3 -A Mozilla/5.0 https://apex.api.macrocosmos.ai/files
2026-08-31 14:42:17,745 [INFO] redscanner.runner: Running: curl -s -o /dev/null -w %{http_code} --max-time 8 --max-redirs 3 -A Mozilla/5.0 https://apex.api.macrocosmos.ai/static
2026-08-31 14:42:18,032 [INFO] redscanner.runner: Running: curl -s -o /dev/null -w %{http_code} --max-time 8 --max-redirs 3 -A Mozilla/5.0 https://apex.api.macrocosmos.ai/assets
2026-08-31 14:42:18,322 [INFO] redscanner.runner: Running: curl -s -o /dev/null -w %{http_code} --max-time 8 --max-redirs 3 -A Mozilla/5.0 https://apex.api.macrocosmos.ai/robots.txt
2026-08-31 14:42:18,612 [INFO] redscanner.runner: Running: curl -s -o /dev/null -w %{http_code} --max-time 8 --max-redirs 3 -A Mozilla/5.0 https://apex.api.macrocosmos.ai/sitemap.xml
2026-08-31 14:42:18,897 [INFO] redscanner.runner: Running: curl -s -o /dev/null -w %{http_code} --max-time 8 --max-redirs 3 -A Mozilla/5.0 https://apex.api.macrocosmos.ai/crossdomain.xml
2026-08-31 14:42:19,181 [INFO] redscanner.runner: Running: curl -s -o /dev/null -w %{http_code} --max-time 8 --max-redirs 3 -A Mozilla/5.0 https://apex.api.macrocosmos.ai/.well-known/security.txt
2026-08-31 14:42:19,473 [INFO] redscanner: Dirbust scanner reported 2 findings
2026-08-31 14:42:19,476 [INFO] redscanner: ============================================================
2026-08-31 14:42:19,477 [INFO] redscanner: PHASE: CDN/WAF bypass tests
2026-08-31 14:42:19,477 [INFO] redscanner: ============================================================
2026-08-31 14:42:19,477 [INFO] redscanner.runner: Running: curl -s -I -L --max-time 30 --max-redirs 3 -A Mozilla/5.0 https://apex.api.macrocosmos.ai
2026-08-31 14:42:19,760 [INFO] redscanner.runner: Running: curl -s -I -L --max-time 30 --max-redirs 3 -A Mozilla/5.0 -H Host: apex.api.macrocosmos.ai https://38.60.218.193/
2026-08-31 14:42:19,814 [INFO] redscanner.runner: Running: curl -s -I -L --max-time 30 --max-redirs 3 -A Mozilla/5.0 -H X-Forwarded-For: 127.0.0.1 https://apex.api.macrocosmos.ai
2026-08-31 14:42:20,099 [INFO] redscanner.runner: Running: curl -s -I -L --max-time 30 --max-redirs 3 -A Mozilla/5.0 -H X-Real-IP: 127.0.0.1 https://apex.api.macrocosmos.ai
2026-08-31 14:42:20,387 [INFO] redscanner.runner: Running: curl -s -I -L --max-time 30 --max-redirs 3 -A Mozilla/5.0 -H X-Originating-IP: 127.0.0.1 https://apex.api.macrocosmos.ai
2026-08-31 14:42:20,676 [INFO] redscanner.runner: Running: curl -s -I -L --max-time 30 --max-redirs 3 -A Mozilla/5.0 -H True-Client-IP: 127.0.0.1 https://apex.api.macrocosmos.ai
2026-08-31 14:42:20,950 [INFO] redscanner.runner: Running: curl -s -I -L --max-time 30 --max-redirs 3 -A Mozilla/5.0 -H X-Client-IP: 127.0.0.1 https://apex.api.macrocosmos.ai
2026-08-31 14:42:21,216 [INFO] redscanner.runner: Running: curl -s -I -L --max-time 30 --max-redirs 3 -A Mozilla/5.0 -H CF-Connecting-IP: 127.0.0.1 https://apex.api.macrocosmos.ai
2026-08-31 14:42:21,484 [INFO] redscanner.runner: Running: curl -s -I -L --max-time 30 --max-redirs 3 -A Mozilla/5.0 -H Fastly-Client-Ip: 127.0.0.1 https://apex.api.macrocosmos.ai
2026-08-31 14:42:21,778 [INFO] redscanner.runner: Running: curl -s -I -L --max-time 30 --max-redirs 3 -A Mozilla/5.0 -H X-Cluster-Client-IP: 127.0.0.1 https://apex.api.macrocosmos.ai
2026-08-31 14:42:22,045 [INFO] redscanner.runner: Running: curl -s -I -L --max-time 30 --max-redirs 3 -A Mozilla/5.0 -H X-Forwarded-For: 0.0.0.0 https://apex.api.macrocosmos.ai
2026-08-31 14:42:22,320 [INFO] redscanner.runner: Running: curl -s -I -L --max-time 30 --max-redirs 3 -A Mozilla/5.0 -H X-Forwarded-For: ::1 https://apex.api.macrocosmos.ai
2026-08-31 14:42:22,590 [INFO] redscanner.runner: Running: curl -s -I -L --max-time 30 --max-redirs 3 -A Mozilla/5.0 -H Host: evil-canary-host.example.com https://apex.api.macrocosmos.ai
2026-08-31 14:42:22,858 [INFO] redscanner.runner: Running: curl -s -I -L --max-time 30 --max-redirs 3 -A Mozilla/5.0 https://apex.api.macrocosmos.ai
2026-08-31 14:42:23,147 [INFO] redscanner.runner: Running: curl -s -I -L --max-time 30 --max-redirs 3 -A Mozilla/5.0 https://apex.api.macrocosmos.ai
2026-08-31 14:42:23,424 [INFO] redscanner: CDN bypass scanner reported 1 findings
2026-08-31 14:42:23,428 [INFO] redscanner: ============================================================
2026-08-31 14:42:23,428 [INFO] redscanner: PHASE: Nikto
2026-08-31 14:42:23,428 [INFO] redscanner: ============================================================
2026-08-31 14:42:23,428 [INFO] redscanner.runner: Running: nikto -h https://apex.api.macrocosmos.ai -maxtime 120s -useragent Mozilla/5.0
2026-08-31 14:42:23,572 [INFO] redscanner: nikto pass complete (1 hosts), parsed 0 lines
2026-08-31 14:42:23,573 [INFO] redscanner: Nikto parsed 0 notable lines
2026-08-31 14:42:23,573 [INFO] redscanner: ============================================================
2026-08-31 14:42:23,574 [INFO] redscanner: Generating Reports
2026-08-31 14:42:23,574 [INFO] redscanner: ============================================================
2026-08-31 14:42:23,576 [INFO] redscanner.report: JSON report: output/apex.api.macrocosmos.ai/20260831_144026/report.json
2026-08-31 14:42:23,576 [INFO] redscanner.report: Surface JSON: output/apex.api.macrocosmos.ai/20260831_144026/surface.json
2026-08-31 14:42:23,578 [INFO] redscanner.report: Markdown report: output/apex.api.macrocosmos.ai/20260831_144026/report.md
2026-08-31 14:42:23,580 [INFO] redscanner.report: HTML report: output/apex.api.macrocosmos.ai/20260831_144026/report.html
2026-08-31 14:42:23,581 [INFO] redscanner.report: Reports written to output/apex.api.macrocosmos.ai/20260831_144026
2026-08-31 14:42:23,581 [INFO] redscanner: 
2026-08-31 14:42:23,581 [INFO] redscanner: ============================================================
2026-08-31 14:42:23,581 [INFO] redscanner: SCAN COMPLETE — 20260831_144026
2026-08-31 14:42:23,581 [INFO] redscanner: Target: apex.api.macrocosmos.ai
2026-08-31 14:42:23,581 [INFO] redscanner: Duration: 116.7s
2026-08-31 14:42:23,582 [INFO] redscanner: Assets discovered: 0
2026-08-31 14:42:23,582 [INFO] redscanner: Total findings: 16
2026-08-31 14:42:23,582 [INFO] redscanner:   Critical: 4  High: 0  Medium: 1  Low: 6  Info: 5
2026-08-31 14:42:23,582 [INFO] redscanner: Reports saved to: output/apex.api.macrocosmos.ai/20260831_144026
2026-08-31 14:42:23,582 [INFO] redscanner: ============================================================
2026-08-31 14:42:23,583 [INFO] redscanner: Scan completed successfully — resume.cfg cleared
2026-08-31 14:46:11,215 [INFO] redscanner: RedScanner v0.3.1 — scan 20260831_144611 against apex.api.macrocosmos.ai
2026-08-31 14:46:11,216 [INFO] redscanner: Engagement plan: Red team engagement plan
2026-08-31 14:46:11,216 [INFO] redscanner: Frameworks: MITRE ATT&CK (Enterprise + Cloud + Recon); PTES — Penetration Testing Execution Standard; OWASP Web Security Testing Guide (WSTG); NIST SP 800-115 — Technical Guide for Security Testing
2026-08-31 14:46:11,216 [INFO] redscanner: Modules (ordered): recon, wayback, naabu, nuclei, xss, sqli, api_leak, header_check, cors, tls, dirbust, cdn_bypass, nikto
2026-08-31 14:46:11,216 [INFO] redscanner: Output: output/apex.api.macrocosmos.ai/20260831_144611
2026-08-31 14:46:11,219 [INFO] redscanner: External tools on PATH: subfinder, httpx, assetfinder, xcrawl3r, waybackurls, gau, naabu, nuclei, dalfox, sqlmap, nikto, gobuster, ffuf, testssl.sh
2026-08-31 14:46:11,219 [INFO] redscanner: ============================================================
2026-08-31 14:46:11,219 [INFO] redscanner: PHASE: Reconnaissance (subfinder, assetfinder, httpx, xcrawl3r)
2026-08-31 14:46:11,219 [INFO] redscanner: ============================================================
2026-08-31 14:46:11,219 [INFO] redscanner.runner: Running: subfinder -d apex.api.macrocosmos.ai -silent -all
2026-08-31 14:46:41,501 [INFO] redscanner: subfinder found 0 subdomains
2026-08-31 14:46:41,503 [INFO] redscanner.runner: Running: assetfinder apex.api.macrocosmos.ai
2026-08-31 14:46:42,747 [INFO] redscanner: assetfinder added 1 hostnames
2026-08-31 14:46:42,749 [INFO] redscanner.runner: Running: httpx -l /tmp/tmpgq45vodt.txt -json -status-code -title -tech-detect -silent
2026-08-31 14:46:43,043 [INFO] redscanner: Discovered 0 HTTP assets
2026-08-31 14:46:43,044 [INFO] redscanner: ============================================================
2026-08-31 14:46:43,044 [INFO] redscanner: PHASE: Historical URLs (waybackurls, gau)
2026-08-31 14:46:43,044 [INFO] redscanner: ============================================================
2026-08-31 14:46:43,045 [INFO] redscanner.runner: Running: waybackurls
2026-08-31 14:46:47,169 [INFO] redscanner.runner: Running: gau apex.api.macrocosmos.ai
2026-08-31 14:47:10,429 [INFO] redscanner: Wayback/gau collected 0 URLs (cap 500)
2026-08-31 14:47:10,429 [INFO] redscanner: Collected 0 historical URLs for downstream scanners
2026-08-31 14:47:10,430 [INFO] redscanner: ============================================================
2026-08-31 14:47:10,430 [INFO] redscanner: PHASE: Port scan (naabu)
2026-08-31 14:47:10,430 [INFO] redscanner: ============================================================
2026-08-31 14:47:10,432 [INFO] redscanner.runner: Running: naabu -l output/apex.api.macrocosmos.ai/20260831_144611/recon/naabu_hosts.txt -silent -top-ports 1000 -rate 500
2026-08-31 14:47:22,189 [INFO] redscanner: naabu reported 2 open ports (info findings)
2026-08-31 14:47:22,192 [INFO] redscanner: ============================================================
2026-08-31 14:47:22,193 [INFO] redscanner: PHASE: Nuclei
2026-08-31 14:47:22,193 [INFO] redscanner: ============================================================
2026-08-31 14:47:22,193 [INFO] redscanner: Nuclei template exclude tags: dos,fuzz
2026-08-31 14:47:22,193 [INFO] redscanner.runner: Running: nuclei -l /tmp/tmp10ek_pv6.txt -json -silent -severity critical,high,medium,low -rate-limit 50 -c 10 -etags dos,fuzz
2026-08-31 14:47:22,499 [INFO] redscanner: Nuclei reported 0 findings
2026-08-31 14:47:22,499 [INFO] redscanner: ============================================================
2026-08-31 14:47:22,500 [INFO] redscanner: PHASE: XSS (dalfox)
2026-08-31 14:47:22,500 [INFO] redscanner: ============================================================
2026-08-31 14:47:22,500 [INFO] redscanner.runner: Running: dalfox url https://apex.api.macrocosmos.ai --format json --silence --timeout 30 --worker 10
2026-08-31 14:47:22,731 [INFO] redscanner: Dalfox reported 0 findings
2026-08-31 14:47:22,732 [INFO] redscanner: ============================================================
2026-08-31 14:47:22,732 [INFO] redscanner: PHASE: SQLi (sqlmap)
2026-08-31 14:47:22,732 [INFO] redscanner: ============================================================
2026-08-31 14:47:22,733 [INFO] redscanner.runner: Running: sqlmap -u https://apex.api.macrocosmos.ai --batch --smart --level 2 --risk 1 --output-dir output/apex.api.macrocosmos.ai/20260831_144611/sqlmap --forms --crawl=2
2026-08-31 14:47:28,629 [INFO] redscanner: SQLmap reported 0 findings
2026-08-31 14:47:28,630 [INFO] redscanner: ============================================================
2026-08-31 14:47:28,630 [INFO] redscanner: PHASE: API / secret patterns in JS
2026-08-31 14:47:28,630 [INFO] redscanner: ============================================================
2026-08-31 14:47:28,631 [INFO] redscanner.runner: Running: xcrawl3r -u https://apex.api.macrocosmos.ai
2026-08-31 14:47:29,389 [INFO] redscanner: API leak scan reported 0 findings
2026-08-31 14:47:29,390 [INFO] redscanner: ============================================================
2026-08-31 14:47:29,390 [INFO] redscanner: PHASE: HTTP Security Headers (curl HEAD)
2026-08-31 14:47:29,390 [INFO] redscanner: ============================================================
2026-08-31 14:47:29,390 [INFO] redscanner.runner: Running: curl -s -I -L --max-time 10 -A Mozilla/5.0 https://apex.api.macrocosmos.ai
2026-08-31 14:47:29,686 [INFO] redscanner: Header scanner reported 6 findings
2026-08-31 14:47:29,689 [INFO] redscanner: ============================================================
2026-08-31 14:47:29,689 [INFO] redscanner: PHASE: CORS misconfiguration (WSTG-CLIENT-07)
2026-08-31 14:47:29,689 [INFO] redscanner: ============================================================
2026-08-31 14:47:29,690 [INFO] redscanner.runner: Running: curl -s -I -L --max-time 30 -A Mozilla/5.0 https://apex.api.macrocosmos.ai
2026-08-31 14:47:29,969 [INFO] redscanner.runner: Running: curl -s -I -L --max-time 30 -A Mozilla/5.0 -H Origin: https://evil.example.com https://apex.api.macrocosmos.ai
2026-08-31 14:47:30,258 [INFO] redscanner.runner: Running: curl -s -I -L --max-time 30 -A Mozilla/5.0 -H Origin: null https://apex.api.macrocosmos.ai
2026-08-31 14:47:30,578 [INFO] redscanner.runner: Running: curl -s -I -L --max-time 30 -A Mozilla/5.0 -H Origin: https://attacker-apex.api.macrocosmos.ai https://apex.api.macrocosmos.ai
2026-08-31 14:47:30,858 [INFO] redscanner.runner: Running: curl -s -I -L --max-time 30 -A Mozilla/5.0 -H Origin: https://evil.apex.api.macrocosmos.ai https://apex.api.macrocosmos.ai
2026-08-31 14:47:31,171 [INFO] redscanner: CORS scanner reported 4 findings
2026-08-31 14:47:31,174 [INFO] redscanner: ============================================================
2026-08-31 14:47:31,174 [INFO] redscanner: PHASE: TLS/SSL assessment (WSTG-CRYP-01)
2026-08-31 14:47:31,174 [INFO] redscanner: ============================================================
2026-08-31 14:47:31,174 [INFO] redscanner: TLS scanner: using testssl.sh
2026-08-31 14:47:31,175 [INFO] redscanner.runner: Running: testssl.sh --jsonfile /tmp/tmpq9dqgmor.json --severity LOW --quiet --color 0 --warnings off apex.api.macrocosmos.ai:443
2026-08-31 14:50:11,388 [INFO] redscanner: TLS scanner reported 5 findings
2026-08-31 14:50:11,402 [INFO] redscanner: ============================================================
2026-08-31 14:50:11,402 [INFO] redscanner: PHASE: Directory / file brute-force (WSTG-CONF-05)
2026-08-31 14:50:11,403 [INFO] redscanner: ============================================================
2026-08-31 14:50:11,403 [WARNING] redscanner: dirbust: no wordlist found — falling back to built-in paths
2026-08-31 14:50:11,403 [INFO] redscanner.runner: Running: curl -s -o /dev/null -w %{http_code} --max-time 8 --max-redirs 3 -A Mozilla/5.0 https://apex.api.macrocosmos.ai/admin
2026-08-31 14:50:11,709 [INFO] redscanner.runner: Running: curl -s -o /dev/null -w %{http_code} --max-time 8 --max-redirs 3 -A Mozilla/5.0 https://apex.api.macrocosmos.ai/admin/
2026-08-31 14:50:12,037 [INFO] redscanner.runner: Running: curl -s -o /dev/null -w %{http_code} --max-time 8 --max-redirs 3 -A Mozilla/5.0 https://apex.api.macrocosmos.ai/administrator
2026-08-31 14:50:12,342 [INFO] redscanner.runner: Running: curl -s -o /dev/null -w %{http_code} --max-time 8 --max-redirs 3 -A Mozilla/5.0 https://apex.api.macrocosmos.ai/administrator/
2026-08-31 14:50:12,619 [INFO] redscanner.runner: Running: curl -s -o /dev/null -w %{http_code} --max-time 8 --max-redirs 3 -A Mozilla/5.0 https://apex.api.macrocosmos.ai/admin/login
2026-08-31 14:50:12,902 [INFO] redscanner.runner: Running: curl -s -o /dev/null -w %{http_code} --max-time 8 --max-redirs 3 -A Mozilla/5.0 https://apex.api.macrocosmos.ai/admin/login.php
2026-08-31 14:50:13,194 [INFO] redscanner.runner: Running: curl -s -o /dev/null -w %{http_code} --max-time 8 --max-redirs 3 -A Mozilla/5.0 https://apex.api.macrocosmos.ai/manager
2026-08-31 14:50:13,510 [INFO] redscanner.runner: Running: curl -s -o /dev/null -w %{http_code} --max-time 8 --max-redirs 3 -A Mozilla/5.0 https://apex.api.macrocosmos.ai/manager/
2026-08-31 14:50:13,803 [INFO] redscanner.runner: Running: curl -s -o /dev/null -w %{http_code} --max-time 8 --max-redirs 3 -A Mozilla/5.0 https://apex.api.macrocosmos.ai/console
2026-08-31 14:50:14,077 [INFO] redscanner.runner: Running: curl -s -o /dev/null -w %{http_code} --max-time 8 --max-redirs 3 -A Mozilla/5.0 https://apex.api.macrocosmos.ai/console/
2026-08-31 14:50:14,354 [INFO] redscanner.runner: Running: curl -s -o /dev/null -w %{http_code} --max-time 8 --max-redirs 3 -A Mozilla/5.0 https://apex.api.macrocosmos.ai/panel
2026-08-31 14:50:14,670 [INFO] redscanner.runner: Running: curl -s -o /dev/null -w %{http_code} --max-time 8 --max-redirs 3 -A Mozilla/5.0 https://apex.api.macrocosmos.ai/panel/
2026-08-31 14:50:14,944 [INFO] redscanner.runner: Running: curl -s -o /dev/null -w %{http_code} --max-time 8 --max-redirs 3 -A Mozilla/5.0 https://apex.api.macrocosmos.ai/dashboard
2026-08-31 14:50:15,217 [INFO] redscanner.runner: Running: curl -s -o /dev/null -w %{http_code} --max-time 8 --max-redirs 3 -A Mozilla/5.0 https://apex.api.macrocosmos.ai/dashboard/
2026-08-31 14:50:15,500 [INFO] redscanner.runner: Running: curl -s -o /dev/null -w %{http_code} --max-time 8 --max-redirs 3 -A Mozilla/5.0 https://apex.api.macrocosmos.ai/controlpanel
2026-08-31 14:50:15,771 [INFO] redscanner.runner: Running: curl -s -o /dev/null -w %{http_code} --max-time 8 --max-redirs 3 -A Mozilla/5.0 https://apex.api.macrocosmos.ai/control
2026-08-31 14:50:16,075 [INFO] redscanner.runner: Running: curl -s -o /dev/null -w %{http_code} --max-time 8 --max-redirs 3 -A Mozilla/5.0 https://apex.api.macrocosmos.ai/backend
2026-08-31 14:50:16,349 [INFO] redscanner.runner: Running: curl -s -o /dev/null -w %{http_code} --max-time 8 --max-redirs 3 -A Mozilla/5.0 https://apex.api.macrocosmos.ai/login
2026-08-31 14:50:16,630 [INFO] redscanner.runner: Running: curl -s -o /dev/null -w %{http_code} --max-time 8 --max-redirs 3 -A Mozilla/5.0 https://apex.api.macrocosmos.ai/login.php
2026-08-31 14:50:16,930 [INFO] redscanner.runner: Running: curl -s -o /dev/null -w %{http_code} --max-time 8 --max-redirs 3 -A Mozilla/5.0 https://apex.api.macrocosmos.ai/signin
2026-08-31 14:50:17,215 [INFO] redscanner.runner: Running: curl -s -o /dev/null -w %{http_code} --max-time 8 --max-redirs 3 -A Mozilla/5.0 https://apex.api.macrocosmos.ai/auth
2026-08-31 14:50:17,500 [INFO] redscanner.runner: Running: curl -s -o /dev/null -w %{http_code} --max-time 8 --max-redirs 3 -A Mozilla/5.0 https://apex.api.macrocosmos.ai/.env
2026-08-31 14:50:17,805 [INFO] redscanner.runner: Running: curl -s -o /dev/null -w %{http_code} --max-time 8 --max-redirs 3 -A Mozilla/5.0 https://apex.api.macrocosmos.ai/.env.local
2026-08-31 14:50:18,089 [INFO] redscanner.runner: Running: curl -s -o /dev/null -w %{http_code} --max-time 8 --max-redirs 3 -A Mozilla/5.0 https://apex.api.macrocosmos.ai/.env.production
2026-08-31 14:50:18,381 [INFO] redscanner.runner: Running: curl -s -o /dev/null -w %{http_code} --max-time 8 --max-redirs 3 -A Mozilla/5.0 https://apex.api.macrocosmos.ai/.env.backup
2026-08-31 14:50:18,653 [INFO] redscanner.runner: Running: curl -s -o /dev/null -w %{http_code} --max-time 8 --max-redirs 3 -A Mozilla/5.0 https://apex.api.macrocosmos.ai/.git
2026-08-31 14:50:18,944 [INFO] redscanner.runner: Running: curl -s -o /dev/null -w %{http_code} --max-time 8 --max-redirs 3 -A Mozilla/5.0 https://apex.api.macrocosmos.ai/.git/config
2026-08-31 14:50:19,227 [INFO] redscanner.runner: Running: curl -s -o /dev/null -w %{http_code} --max-time 8 --max-redirs 3 -A Mozilla/5.0 https://apex.api.macrocosmos.ai/.git/HEAD
2026-08-31 14:50:19,522 [INFO] redscanner.runner: Running: curl -s -o /dev/null -w %{http_code} --max-time 8 --max-redirs 3 -A Mozilla/5.0 https://apex.api.macrocosmos.ai/web.config
2026-08-31 14:50:19,812 [INFO] redscanner.runner: Running: curl -s -o /dev/null -w %{http_code} --max-time 8 --max-redirs 3 -A Mozilla/5.0 https://apex.api.macrocosmos.ai/.htaccess
2026-08-31 14:50:20,120 [INFO] redscanner.runner: Running: curl -s -o /dev/null -w %{http_code} --max-time 8 --max-redirs 3 -A Mozilla/5.0 https://apex.api.macrocosmos.ai/.htpasswd
2026-08-31 14:50:20,391 [INFO] redscanner.runner: Running: curl -s -o /dev/null -w %{http_code} --max-time 8 --max-redirs 3 -A Mozilla/5.0 https://apex.api.macrocosmos.ai/wp-config.php
2026-08-31 14:50:20,681 [INFO] redscanner.runner: Running: curl -s -o /dev/null -w %{http_code} --max-time 8 --max-redirs 3 -A Mozilla/5.0 https://apex.api.macrocosmos.ai/config.php
2026-08-31 14:50:20,951 [INFO] redscanner.runner: Running: curl -s -o /dev/null -w %{http_code} --max-time 8 --max-redirs 3 -A Mozilla/5.0 https://apex.api.macrocosmos.ai/config.inc.php
2026-08-31 14:50:21,224 [INFO] redscanner.runner: Running: curl -s -o /dev/null -w %{http_code} --max-time 8 --max-redirs 3 -A Mozilla/5.0 https://apex.api.macrocosmos.ai/configuration.php
2026-08-31 14:50:21,503 [INFO] redscanner.runner: Running: curl -s -o /dev/null -w %{http_code} --max-time 8 --max-redirs 3 -A Mozilla/5.0 https://apex.api.macrocosmos.ai/settings.php
2026-08-31 14:50:21,796 [INFO] redscanner.runner: Running: curl -s -o /dev/null -w %{http_code} --max-time 8 --max-redirs 3 -A Mozilla/5.0 https://apex.api.macrocosmos.ai/database.php
2026-08-31 14:50:22,072 [INFO] redscanner.runner: Running: curl -s -o /dev/null -w %{http_code} --max-time 8 --max-redirs 3 -A Mozilla/5.0 https://apex.api.macrocosmos.ai/app.config
2026-08-31 14:50:22,366 [INFO] redscanner.runner: Running: curl -s -o /dev/null -w %{http_code} --max-time 8 --max-redirs 3 -A Mozilla/5.0 https://apex.api.macrocosmos.ai/appsettings.json
2026-08-31 14:50:22,637 [INFO] redscanner.runner: Running: curl -s -o /dev/null -w %{http_code} --max-time 8 --max-redirs 3 -A Mozilla/5.0 https://apex.api.macrocosmos.ai/backup
2026-08-31 14:50:22,925 [INFO] redscanner.runner: Running: curl -s -o /dev/null -w %{http_code} --max-time 8 --max-redirs 3 -A Mozilla/5.0 https://apex.api.macrocosmos.ai/backup.zip
2026-08-31 14:50:23,216 [INFO] redscanner.runner: Running: curl -s -o /dev/null -w %{http_code} --max-time 8 --max-redirs 3 -A Mozilla/5.0 https://apex.api.macrocosmos.ai/backup.tar.gz
2026-08-31 14:50:23,516 [INFO] redscanner.runner: Running: curl -s -o /dev/null -w %{http_code} --max-time 8 --max-redirs 3 -A Mozilla/5.0 https://apex.api.macrocosmos.ai/backup.sql
2026-08-31 14:50:23,814 [INFO] redscanner.runner: Running: curl -s -o /dev/null -w %{http_code} --max-time 8 --max-redirs 3 -A Mozilla/5.0 https://apex.api.macrocosmos.ai/db.sql
2026-08-31 14:50:24,082 [INFO] redscanner.runner: Running: curl -s -o /dev/null -w %{http_code} --max-time 8 --max-redirs 3 -A Mozilla/5.0 https://apex.api.macrocosmos.ai/database.sql
2026-08-31 14:50:24,373 [INFO] redscanner.runner: Running: curl -s -o /dev/null -w %{http_code} --max-time 8 --max-redirs 3 -A Mozilla/5.0 https://apex.api.macrocosmos.ai/dump.sql
2026-08-31 14:50:24,652 [INFO] redscanner.runner: Running: curl -s -o /dev/null -w %{http_code} --max-time 8 --max-redirs 3 -A Mozilla/5.0 https://apex.api.macrocosmos.ai/db_backup.sql
2026-08-31 14:50:24,928 [INFO] redscanner.runner: Running: curl -s -o /dev/null -w %{http_code} --max-time 8 --max-redirs 3 -A Mozilla/5.0 https://apex.api.macrocosmos.ai/site.tar.gz
2026-08-31 14:50:25,211 [INFO] redscanner.runner: Running: curl -s -o /dev/null -w %{http_code} --max-time 8 --max-redirs 3 -A Mozilla/5.0 https://apex.api.macrocosmos.ai/site.zip
2026-08-31 14:50:25,517 [INFO] redscanner.runner: Running: curl -s -o /dev/null -w %{http_code} --max-time 8 --max-redirs 3 -A Mozilla/5.0 https://apex.api.macrocosmos.ai/www.zip
2026-08-31 14:50:25,806 [INFO] redscanner.runner: Running: curl -s -o /dev/null -w %{http_code} --max-time 8 --max-redirs 3 -A Mozilla/5.0 https://apex.api.macrocosmos.ai/phpinfo.php
2026-08-31 14:50:26,099 [INFO] redscanner.runner: Running: curl -s -o /dev/null -w %{http_code} --max-time 8 --max-redirs 3 -A Mozilla/5.0 https://apex.api.macrocosmos.ai/info.php
2026-08-31 14:50:26,384 [INFO] redscanner.runner: Running: curl -s -o /dev/null -w %{http_code} --max-time 8 --max-redirs 3 -A Mozilla/5.0 https://apex.api.macrocosmos.ai/test.php
2026-08-31 14:50:26,661 [INFO] redscanner.runner: Running: curl -s -o /dev/null -w %{http_code} --max-time 8 --max-redirs 3 -A Mozilla/5.0 https://apex.api.macrocosmos.ai/server-status
2026-08-31 14:50:26,942 [INFO] redscanner.runner: Running: curl -s -o /dev/null -w %{http_code} --max-time 8 --max-redirs 3 -A Mozilla/5.0 https://apex.api.macrocosmos.ai/server-info
2026-08-31 14:50:27,227 [INFO] redscanner.runner: Running: curl -s -o /dev/null -w %{http_code} --max-time 8 --max-redirs 3 -A Mozilla/5.0 https://apex.api.macrocosmos.ai/debug
2026-08-31 14:50:27,510 [INFO] redscanner.runner: Running: curl -s -o /dev/null -w %{http_code} --max-time 8 --max-redirs 3 -A Mozilla/5.0 https://apex.api.macrocosmos.ai/debug/
2026-08-31 14:50:27,785 [INFO] redscanner.runner: Running: curl -s -o /dev/null -w %{http_code} --max-time 8 --max-redirs 3 -A Mozilla/5.0 https://apex.api.macrocosmos.ai/test
2026-08-31 14:50:28,059 [INFO] redscanner.runner: Running: curl -s -o /dev/null -w %{http_code} --max-time 8 --max-redirs 3 -A Mozilla/5.0 https://apex.api.macrocosmos.ai/dev
2026-08-31 14:50:28,335 [INFO] redscanner.runner: Running: curl -s -o /dev/null -w %{http_code} --max-time 8 --max-redirs 3 -A Mozilla/5.0 https://apex.api.macrocosmos.ai/staging
2026-08-31 14:50:28,629 [INFO] redscanner.runner: Running: curl -s -o /dev/null -w %{http_code} --max-time 8 --max-redirs 3 -A Mozilla/5.0 https://apex.api.macrocosmos.ai/actuator
2026-08-31 14:50:28,908 [INFO] redscanner.runner: Running: curl -s -o /dev/null -w %{http_code} --max-time 8 --max-redirs 3 -A Mozilla/5.0 https://apex.api.macrocosmos.ai/actuator/health
2026-08-31 14:50:29,180 [INFO] redscanner.runner: Running: curl -s -o /dev/null -w %{http_code} --max-time 8 --max-redirs 3 -A Mozilla/5.0 https://apex.api.macrocosmos.ai/actuator/env
2026-08-31 14:50:29,475 [INFO] redscanner.runner: Running: curl -s -o /dev/null -w %{http_code} --max-time 8 --max-redirs 3 -A Mozilla/5.0 https://apex.api.macrocosmos.ai/actuator/beans
2026-08-31 14:50:29,766 [INFO] redscanner.runner: Running: curl -s -o /dev/null -w %{http_code} --max-time 8 --max-redirs 3 -A Mozilla/5.0 https://apex.api.macrocosmos.ai/actuator/mappings
2026-08-31 14:50:30,056 [INFO] redscanner.runner: Running: curl -s -o /dev/null -w %{http_code} --max-time 8 --max-redirs 3 -A Mozilla/5.0 https://apex.api.macrocosmos.ai/health
2026-08-31 14:50:30,347 [INFO] redscanner.runner: Running: curl -s -o /dev/null -w %{http_code} --max-time 8 --max-redirs 3 -A Mozilla/5.0 https://apex.api.macrocosmos.ai/healthz
2026-08-31 14:50:30,629 [INFO] redscanner.runner: Running: curl -s -o /dev/null -w %{http_code} --max-time 8 --max-redirs 3 -A Mozilla/5.0 https://apex.api.macrocosmos.ai/status
2026-08-31 14:50:30,913 [INFO] redscanner.runner: Running: curl -s -o /dev/null -w %{http_code} --max-time 8 --max-redirs 3 -A Mozilla/5.0 https://apex.api.macrocosmos.ai/metrics
2026-08-31 14:50:31,340 [INFO] redscanner.runner: Running: curl -s -o /dev/null -w %{http_code} --max-time 8 --max-redirs 3 -A Mozilla/5.0 https://apex.api.macrocosmos.ai/prometheus
2026-08-31 14:50:31,625 [INFO] redscanner.runner: Running: curl -s -o /dev/null -w %{http_code} --max-time 8 --max-redirs 3 -A Mozilla/5.0 https://apex.api.macrocosmos.ai/api
2026-08-31 14:50:31,919 [INFO] redscanner.runner: Running: curl -s -o /dev/null -w %{http_code} --max-time 8 --max-redirs 3 -A Mozilla/5.0 https://apex.api.macrocosmos.ai/api/v1
2026-08-31 14:50:32,228 [INFO] redscanner.runner: Running: curl -s -o /dev/null -w %{http_code} --max-time 8 --max-redirs 3 -A Mozilla/5.0 https://apex.api.macrocosmos.ai/api/v2
2026-08-31 14:50:32,523 [INFO] redscanner.runner: Running: curl -s -o /dev/null -w %{http_code} --max-time 8 --max-redirs 3 -A Mozilla/5.0 https://apex.api.macrocosmos.ai/api/v1/users
2026-08-31 14:50:32,801 [INFO] redscanner.runner: Running: curl -s -o /dev/null -w %{http_code} --max-time 8 --max-redirs 3 -A Mozilla/5.0 https://apex.api.macrocosmos.ai/api/v1/admin
2026-08-31 14:50:33,070 [INFO] redscanner.runner: Running: curl -s -o /dev/null -w %{http_code} --max-time 8 --max-redirs 3 -A Mozilla/5.0 https://apex.api.macrocosmos.ai/api/v1/config
2026-08-31 14:50:33,363 [INFO] redscanner.runner: Running: curl -s -o /dev/null -w %{http_code} --max-time 8 --max-redirs 3 -A Mozilla/5.0 https://apex.api.macrocosmos.ai/upload
2026-08-31 14:50:33,648 [INFO] redscanner.runner: Running: curl -s -o /dev/null -w %{http_code} --max-time 8 --max-redirs 3 -A Mozilla/5.0 https://apex.api.macrocosmos.ai/uploads
2026-08-31 14:50:33,945 [INFO] redscanner.runner: Running: curl -s -o /dev/null -w %{http_code} --max-time 8 --max-redirs 3 -A Mozilla/5.0 https://apex.api.macrocosmos.ai/files
2026-08-31 14:50:34,231 [INFO] redscanner.runner: Running: curl -s -o /dev/null -w %{http_code} --max-time 8 --max-redirs 3 -A Mozilla/5.0 https://apex.api.macrocosmos.ai/static
2026-08-31 14:50:34,522 [INFO] redscanner.runner: Running: curl -s -o /dev/null -w %{http_code} --max-time 8 --max-redirs 3 -A Mozilla/5.0 https://apex.api.macrocosmos.ai/assets
2026-08-31 14:50:34,793 [INFO] redscanner.runner: Running: curl -s -o /dev/null -w %{http_code} --max-time 8 --max-redirs 3 -A Mozilla/5.0 https://apex.api.macrocosmos.ai/robots.txt
2026-08-31 14:50:35,078 [INFO] redscanner.runner: Running: curl -s -o /dev/null -w %{http_code} --max-time 8 --max-redirs 3 -A Mozilla/5.0 https://apex.api.macrocosmos.ai/sitemap.xml
2026-08-31 14:50:35,361 [INFO] redscanner.runner: Running: curl -s -o /dev/null -w %{http_code} --max-time 8 --max-redirs 3 -A Mozilla/5.0 https://apex.api.macrocosmos.ai/crossdomain.xml
2026-08-31 14:50:35,653 [INFO] redscanner.runner: Running: curl -s -o /dev/null -w %{http_code} --max-time 8 --max-redirs 3 -A Mozilla/5.0 https://apex.api.macrocosmos.ai/.well-known/security.txt
2026-08-31 14:50:35,926 [INFO] redscanner: Dirbust scanner reported 2 findings
2026-08-31 14:50:35,935 [INFO] redscanner: ============================================================
2026-08-31 14:50:35,935 [INFO] redscanner: PHASE: CDN/WAF bypass tests
2026-08-31 14:50:35,935 [INFO] redscanner: ============================================================
2026-08-31 14:50:35,935 [INFO] redscanner.runner: Running: curl -s -I -L --max-time 30 --max-redirs 3 -A Mozilla/5.0 https://apex.api.macrocosmos.ai
2026-08-31 14:50:36,223 [INFO] redscanner.runner: Running: curl -s -I -L --max-time 30 --max-redirs 3 -A Mozilla/5.0 -H Host: apex.api.macrocosmos.ai https://38.60.218.193/
2026-08-31 14:50:36,275 [INFO] redscanner.runner: Running: curl -s -I -L --max-time 30 --max-redirs 3 -A Mozilla/5.0 -H X-Forwarded-For: 127.0.0.1 https://apex.api.macrocosmos.ai
2026-08-31 14:50:36,565 [INFO] redscanner.runner: Running: curl -s -I -L --max-time 30 --max-redirs 3 -A Mozilla/5.0 -H X-Real-IP: 127.0.0.1 https://apex.api.macrocosmos.ai
2026-08-31 14:50:36,852 [INFO] redscanner.runner: Running: curl -s -I -L --max-time 30 --max-redirs 3 -A Mozilla/5.0 -H X-Originating-IP: 127.0.0.1 https://apex.api.macrocosmos.ai
2026-08-31 14:50:37,139 [INFO] redscanner.runner: Running: curl -s -I -L --max-time 30 --max-redirs 3 -A Mozilla/5.0 -H True-Client-IP: 127.0.0.1 https://apex.api.macrocosmos.ai
2026-08-31 14:50:37,419 [INFO] redscanner.runner: Running: curl -s -I -L --max-time 30 --max-redirs 3 -A Mozilla/5.0 -H X-Client-IP: 127.0.0.1 https://apex.api.macrocosmos.ai
2026-08-31 14:50:37,700 [INFO] redscanner.runner: Running: curl -s -I -L --max-time 30 --max-redirs 3 -A Mozilla/5.0 -H CF-Connecting-IP: 127.0.0.1 https://apex.api.macrocosmos.ai
2026-08-31 14:50:37,970 [INFO] redscanner.runner: Running: curl -s -I -L --max-time 30 --max-redirs 3 -A Mozilla/5.0 -H Fastly-Client-Ip: 127.0.0.1 https://apex.api.macrocosmos.ai
2026-08-31 14:50:38,251 [INFO] redscanner.runner: Running: curl -s -I -L --max-time 30 --max-redirs 3 -A Mozilla/5.0 -H X-Cluster-Client-IP: 127.0.0.1 https://apex.api.macrocosmos.ai
2026-08-31 14:50:38,520 [INFO] redscanner.runner: Running: curl -s -I -L --max-time 30 --max-redirs 3 -A Mozilla/5.0 -H X-Forwarded-For: 0.0.0.0 https://apex.api.macrocosmos.ai
2026-08-31 14:50:38,806 [INFO] redscanner.runner: Running: curl -s -I -L --max-time 30 --max-redirs 3 -A Mozilla/5.0 -H X-Forwarded-For: ::1 https://apex.api.macrocosmos.ai
2026-08-31 14:50:39,094 [INFO] redscanner.runner: Running: curl -s -I -L --max-time 30 --max-redirs 3 -A Mozilla/5.0 -H Host: evil-canary-host.example.com https://apex.api.macrocosmos.ai
2026-08-31 14:50:39,371 [INFO] redscanner.runner: Running: curl -s -I -L --max-time 30 --max-redirs 3 -A Mozilla/5.0 https://apex.api.macrocosmos.ai
2026-08-31 14:50:39,637 [INFO] redscanner.runner: Running: curl -s -I -L --max-time 30 --max-redirs 3 -A Mozilla/5.0 https://apex.api.macrocosmos.ai
2026-08-31 14:50:39,922 [INFO] redscanner: CDN bypass scanner reported 1 findings
2026-08-31 14:50:39,925 [INFO] redscanner: ============================================================
2026-08-31 14:50:39,925 [INFO] redscanner: PHASE: Nikto
2026-08-31 14:50:39,925 [INFO] redscanner: ============================================================
2026-08-31 14:50:39,926 [INFO] redscanner.runner: Running: nikto -h https://apex.api.macrocosmos.ai -maxtime 120s -useragent Mozilla/5.0
2026-08-31 14:50:40,060 [INFO] redscanner: nikto pass complete (1 hosts), parsed 0 lines
2026-08-31 14:50:40,060 [INFO] redscanner: Nikto parsed 0 notable lines
2026-08-31 14:50:40,061 [INFO] redscanner: ============================================================
2026-08-31 14:50:40,061 [INFO] redscanner: Generating Reports
2026-08-31 14:50:40,061 [INFO] redscanner: ============================================================
2026-08-31 14:50:40,063 [INFO] redscanner.report: JSON report: output/apex.api.macrocosmos.ai/20260831_144611/report.json
2026-08-31 14:50:40,064 [INFO] redscanner.report: Surface JSON: output/apex.api.macrocosmos.ai/20260831_144611/surface.json
2026-08-31 14:50:40,066 [INFO] redscanner.report: Markdown report: output/apex.api.macrocosmos.ai/20260831_144611/report.md
2026-08-31 14:50:40,069 [INFO] redscanner.report: HTML report: output/apex.api.macrocosmos.ai/20260831_144611/report.html
2026-08-31 14:50:40,069 [INFO] redscanner.report: Reports written to output/apex.api.macrocosmos.ai/20260831_144611
2026-08-31 14:50:40,069 [INFO] redscanner: 
2026-08-31 14:50:40,069 [INFO] redscanner: ============================================================
2026-08-31 14:50:40,070 [INFO] redscanner: SCAN COMPLETE — 20260831_144611
2026-08-31 14:50:40,070 [INFO] redscanner: Target: apex.api.macrocosmos.ai
2026-08-31 14:50:40,070 [INFO] redscanner: Duration: 268.8s
2026-08-31 14:50:40,070 [INFO] redscanner: Assets discovered: 0
2026-08-31 14:50:40,070 [INFO] redscanner: Total findings: 20
2026-08-31 14:50:40,070 [INFO] redscanner:   Critical: 4  High: 0  Medium: 3  Low: 9  Info: 4
2026-08-31 14:50:40,071 [INFO] redscanner: Reports saved to: output/apex.api.macrocosmos.ai/20260831_144611
2026-08-31 14:50:40,071 [INFO] redscanner: ============================================================
2026-08-31 14:50:40,071 [INFO] redscanner: Scan completed successfully — resume.cfg cleared
2026-08-31 15:24:57,927 [ERROR] redscanner: --fail-on high: 1 finding(s) at or above threshold (worst: high http_method_put on t) — exiting 2
2026-08-31 15:24:57,927 [INFO] redscanner: --fail-on critical: no findings at or above threshold — exiting 0
2026-08-31 15:29:02,506 [INFO] redscanner.runner: Running: curl -s -i -X OPTIONS -L --max-time 5 -A Mozilla/5.0 http://127.0.0.1:41599
2026-08-31 15:29:02,520 [INFO] redscanner.runner: Running: curl -s -i -X TRACE -L --max-time 5 -A Mozilla/5.0 http://127.0.0.1:41599
2026-08-31 15:29:02,532 [INFO] redscanner: HTTP methods scanner reported 4 findings
2026-08-31 15:29:02,534 [INFO] redscanner.report: JSON report: /tmp/tmpsu41umsd/report.json
2026-08-31 15:29:02,534 [INFO] redscanner.report: Surface JSON: /tmp/tmpsu41umsd/surface.json
2026-08-31 15:29:02,535 [INFO] redscanner.report: Markdown report: /tmp/tmpsu41umsd/report.md
2026-08-31 15:29:02,536 [INFO] redscanner.report: HTML report: /tmp/tmpsu41umsd/report.html
2026-08-31 15:29:02,537 [INFO] redscanner.report: SARIF report: /tmp/tmpsu41umsd/report.sarif
2026-08-31 15:29:02,537 [INFO] redscanner.report: Reports written to /tmp/tmpsu41umsd
2026-08-31 15:29:02,538 [ERROR] redscanner: --fail-on high: 2 finding(s) at or above threshold (worst: high http_method_delete on 127.0.0.1:41599) — exiting 2
2026-08-31 15:29:02,538 [INFO] redscanner: --fail-on critical: no findings at or above threshold — exiting 0
2026-08-31 15:29:52,161 [INFO] redscanner: RedScanner v0.4 — scan 20260831_152952 against freetodolist.com
2026-08-31 15:29:52,161 [INFO] redscanner: Engagement plan: Red team engagement plan
2026-08-31 15:29:52,161 [INFO] redscanner: Frameworks: MITRE ATT&CK (Enterprise + Cloud + Recon); PTES — Penetration Testing Execution Standard; OWASP Web Security Testing Guide (WSTG); NIST SP 800-115 — Technical Guide for Security Testing
2026-08-31 15:29:52,161 [INFO] redscanner: Modules (ordered): recon, wayback, naabu, nuclei, xss, sqli, api_leak, header_check, http_methods, cors, tls, dirbust, cdn_bypass, nikto
2026-08-31 15:29:52,161 [INFO] redscanner: Output: output/freetodolist.com/20260831_152952
2026-08-31 15:29:52,164 [INFO] redscanner: External tools on PATH: subfinder, httpx, assetfinder, xcrawl3r, waybackurls, gau, naabu, nuclei, dalfox, sqlmap, nikto, gobuster, ffuf, testssl.sh
2026-08-31 15:29:52,164 [INFO] redscanner: ============================================================
2026-08-31 15:29:52,164 [INFO] redscanner: PHASE: Reconnaissance (subfinder, assetfinder, httpx, xcrawl3r)
2026-08-31 15:29:52,164 [INFO] redscanner: ============================================================
2026-08-31 15:29:52,164 [INFO] redscanner.runner: Running: subfinder -d freetodolist.com -silent -all
2026-08-31 15:30:06,114 [INFO] redscanner: subfinder found 6 subdomains
2026-08-31 15:30:06,115 [INFO] redscanner.runner: Running: assetfinder freetodolist.com
2026-08-31 15:30:07,438 [INFO] redscanner: assetfinder added 2 hostnames
2026-08-31 15:30:07,440 [INFO] redscanner.runner: Running: httpx -l /tmp/tmprspobhaa.txt -json -status-code -title -tech-detect -silent
2026-08-31 15:30:07,734 [INFO] redscanner: Discovered 0 HTTP assets
2026-08-31 15:30:07,734 [INFO] redscanner: ============================================================
2026-08-31 15:30:07,735 [INFO] redscanner: PHASE: Historical URLs (waybackurls, gau)
2026-08-31 15:30:07,735 [INFO] redscanner: ============================================================
2026-08-31 15:30:07,736 [INFO] redscanner.runner: Running: waybackurls
2026-08-31 15:30:08,361 [INFO] redscanner.runner: Running: gau autodiscover.freetodolist.com
2026-08-31 15:30:32,898 [WARNING] asyncio: Loop <_UnixSelectorEventLoop running=False closed=True debug=False> that handles pid 2794064 is closed
2026-08-31 15:31:32,450 [INFO] redscanner: RedScanner v0.4 — scan 20260831_153132 against freetodolist.com
2026-08-31 15:31:32,450 [INFO] redscanner: Engagement plan: Red team engagement plan
2026-08-31 15:31:32,450 [INFO] redscanner: Frameworks: MITRE ATT&CK (Enterprise + Cloud + Recon); PTES — Penetration Testing Execution Standard; OWASP Web Security Testing Guide (WSTG); NIST SP 800-115 — Technical Guide for Security Testing
2026-08-31 15:31:32,450 [INFO] redscanner: Modules (ordered): recon, wayback, naabu, nuclei, xss, sqli, api_leak, header_check, http_methods, cors, tls, dirbust, cdn_bypass, nikto
2026-08-31 15:31:32,450 [INFO] redscanner: Output: output/freetodolist.com/20260831_153132
2026-08-31 15:31:32,453 [INFO] redscanner: External tools on PATH: subfinder, httpx, assetfinder, xcrawl3r, waybackurls, gau, naabu, nuclei, dalfox, sqlmap, nikto, gobuster, ffuf, testssl.sh
2026-08-31 15:31:32,453 [INFO] redscanner: ============================================================
2026-08-31 15:31:32,453 [INFO] redscanner: PHASE: Reconnaissance (subfinder, assetfinder, httpx, xcrawl3r)
2026-08-31 15:31:32,453 [INFO] redscanner: ============================================================
2026-08-31 15:31:32,453 [INFO] redscanner.runner: Running: subfinder -d freetodolist.com -silent -all
2026-08-31 15:31:46,353 [WARNING] asyncio: Loop <_UnixSelectorEventLoop running=False closed=True debug=False> that handles pid 2794800 is closed
2026-08-31 15:31:57,233 [INFO] redscanner: RedScanner v0.4 — scan 20260831_153157 against apex.api.macrocosmos.ai
2026-08-31 15:31:57,234 [INFO] redscanner: Engagement plan: Red team engagement plan
2026-08-31 15:31:57,234 [INFO] redscanner: Frameworks: MITRE ATT&CK (Enterprise + Cloud + Recon); PTES — Penetration Testing Execution Standard; OWASP Web Security Testing Guide (WSTG); NIST SP 800-115 — Technical Guide for Security Testing
2026-08-31 15:31:57,234 [INFO] redscanner: Modules (ordered): recon, wayback, naabu, nuclei, xss, sqli, api_leak, header_check, http_methods, cors, tls, dirbust, cdn_bypass, nikto
2026-08-31 15:31:57,234 [INFO] redscanner: Output: output/apex.api.macrocosmos.ai/20260831_153157
2026-08-31 15:31:57,236 [INFO] redscanner: External tools on PATH: subfinder, httpx, assetfinder, xcrawl3r, waybackurls, gau, naabu, nuclei, dalfox, sqlmap, nikto, gobuster, ffuf, testssl.sh
2026-08-31 15:31:57,237 [INFO] redscanner: ============================================================
2026-08-31 15:31:57,237 [INFO] redscanner: PHASE: Reconnaissance (subfinder, assetfinder, httpx, xcrawl3r)
2026-08-31 15:31:57,237 [INFO] redscanner: ============================================================
2026-08-31 15:31:57,237 [INFO] redscanner.runner: Running: subfinder -d apex.api.macrocosmos.ai -silent -all
2026-08-31 15:32:12,135 [INFO] redscanner: subfinder found 0 subdomains
2026-08-31 15:32:12,136 [INFO] redscanner.runner: Running: assetfinder apex.api.macrocosmos.ai
2026-08-31 15:32:19,506 [INFO] redscanner: assetfinder added 1 hostnames
2026-08-31 15:32:19,508 [INFO] redscanner.runner: Running: httpx -l /tmp/tmp3lji0_d6.txt -json -status-code -title -tech-detect -silent
2026-08-31 15:32:19,805 [INFO] redscanner: Discovered 0 HTTP assets
2026-08-31 15:32:19,806 [INFO] redscanner: ============================================================
2026-08-31 15:32:19,806 [INFO] redscanner: PHASE: Historical URLs (waybackurls, gau)
2026-08-31 15:32:19,806 [INFO] redscanner: ============================================================
2026-08-31 15:32:19,807 [INFO] redscanner.runner: Running: waybackurls
2026-08-31 15:32:20,214 [INFO] redscanner.runner: Running: gau apex.api.macrocosmos.ai
2026-08-31 15:34:01,739 [INFO] redscanner: Wayback/gau collected 0 URLs (cap 500)
2026-08-31 15:34:01,739 [INFO] redscanner: Collected 0 historical URLs for downstream scanners
2026-08-31 15:34:01,740 [INFO] redscanner: ============================================================
2026-08-31 15:34:01,740 [INFO] redscanner: PHASE: Port scan (naabu)
2026-08-31 15:34:01,740 [INFO] redscanner: ============================================================
2026-08-31 15:34:01,742 [INFO] redscanner.runner: Running: naabu -l output/apex.api.macrocosmos.ai/20260831_153157/recon/naabu_hosts.txt -silent -top-ports 1000 -rate 500
2026-08-31 15:34:13,616 [INFO] redscanner: naabu reported 2 open ports (info findings)
2026-08-31 15:34:13,624 [INFO] redscanner: ============================================================
2026-08-31 15:34:13,625 [INFO] redscanner: PHASE: Nuclei
2026-08-31 15:34:13,625 [INFO] redscanner: ============================================================
2026-08-31 15:34:13,625 [INFO] redscanner: Nuclei template exclude tags: dos,fuzz
2026-08-31 15:34:13,625 [INFO] redscanner.runner: Running: nuclei -l /tmp/tmp8tk7zhci.txt -json -silent -severity critical,high,medium,low -rate-limit 50 -c 10 -etags dos,fuzz
2026-08-31 15:34:13,914 [INFO] redscanner: Nuclei reported 0 findings
2026-08-31 15:34:13,914 [INFO] redscanner: ============================================================
2026-08-31 15:34:13,914 [INFO] redscanner: PHASE: XSS (dalfox)
2026-08-31 15:34:13,914 [INFO] redscanner: ============================================================
2026-08-31 15:34:13,915 [INFO] redscanner.runner: Running: dalfox url https://apex.api.macrocosmos.ai --format json --silence --timeout 30 --worker 10
2026-08-31 15:34:14,132 [INFO] redscanner: Dalfox reported 0 findings
2026-08-31 15:34:14,133 [INFO] redscanner: ============================================================
2026-08-31 15:34:14,133 [INFO] redscanner: PHASE: SQLi (sqlmap)
2026-08-31 15:34:14,133 [INFO] redscanner: ============================================================
2026-08-31 15:34:14,134 [INFO] redscanner.runner: Running: sqlmap -u https://apex.api.macrocosmos.ai --batch --smart --level 2 --risk 1 --output-dir output/apex.api.macrocosmos.ai/20260831_153157/sqlmap --forms --crawl=2
2026-08-31 15:34:19,960 [INFO] redscanner: SQLmap reported 0 findings
2026-08-31 15:34:19,960 [INFO] redscanner: ============================================================
2026-08-31 15:34:19,960 [INFO] redscanner: PHASE: API / secret patterns in JS
2026-08-31 15:34:19,961 [INFO] redscanner: ============================================================
2026-08-31 15:34:19,961 [INFO] redscanner.runner: Running: xcrawl3r -u https://apex.api.macrocosmos.ai
2026-08-31 15:34:20,743 [INFO] redscanner: API leak scan reported 0 findings
2026-08-31 15:34:20,743 [INFO] redscanner: ============================================================
2026-08-31 15:34:20,744 [INFO] redscanner: PHASE: HTTP Security Headers (curl HEAD)
2026-08-31 15:34:20,744 [INFO] redscanner: ============================================================
2026-08-31 15:34:20,744 [INFO] redscanner.runner: Running: curl -s -I -L --max-time 10 -A Mozilla/5.0 https://apex.api.macrocosmos.ai
2026-08-31 15:34:21,080 [INFO] redscanner: Header scanner reported 6 findings
2026-08-31 15:34:21,083 [INFO] redscanner: ============================================================
2026-08-31 15:34:21,083 [INFO] redscanner: PHASE: HTTP method audit (WSTG-CONF-06)
2026-08-31 15:34:21,083 [INFO] redscanner: ============================================================
2026-08-31 15:34:21,083 [INFO] redscanner.runner: Running: curl -s -i -X OPTIONS -L --max-time 30 -A Mozilla/5.0 https://apex.api.macrocosmos.ai
2026-08-31 15:34:21,379 [INFO] redscanner.runner: Running: curl -s -i -X TRACE -L --max-time 30 -A Mozilla/5.0 https://apex.api.macrocosmos.ai
2026-08-31 15:34:21,699 [INFO] redscanner: HTTP methods scanner reported 0 findings
2026-08-31 15:34:21,699 [INFO] redscanner: ============================================================
2026-08-31 15:34:21,700 [INFO] redscanner: PHASE: CORS misconfiguration (WSTG-CLIENT-07)
2026-08-31 15:34:21,700 [INFO] redscanner: ============================================================
2026-08-31 15:34:21,700 [INFO] redscanner.runner: Running: curl -s -I -L --max-time 30 -A Mozilla/5.0 https://apex.api.macrocosmos.ai
2026-08-31 15:34:21,981 [INFO] redscanner.runner: Running: curl -s -I -L --max-time 30 -A Mozilla/5.0 -H Origin: https://evil.example.com https://apex.api.macrocosmos.ai
2026-08-31 15:34:22,304 [INFO] redscanner.runner: Running: curl -s -I -L --max-time 30 -A Mozilla/5.0 -H Origin: null https://apex.api.macrocosmos.ai
2026-08-31 15:34:22,598 [INFO] redscanner.runner: Running: curl -s -I -L --max-time 30 -A Mozilla/5.0 -H Origin: https://attacker-apex.api.macrocosmos.ai https://apex.api.macrocosmos.ai
2026-08-31 15:34:22,884 [INFO] redscanner.runner: Running: curl -s -I -L --max-time 30 -A Mozilla/5.0 -H Origin: https://evil.apex.api.macrocosmos.ai https://apex.api.macrocosmos.ai
2026-08-31 15:34:23,176 [INFO] redscanner: CORS scanner reported 4 findings
2026-08-31 15:34:23,179 [INFO] redscanner: ============================================================
2026-08-31 15:34:23,179 [INFO] redscanner: PHASE: TLS/SSL assessment (WSTG-CRYP-01)
2026-08-31 15:34:23,179 [INFO] redscanner: ============================================================
2026-08-31 15:34:23,179 [INFO] redscanner: TLS scanner: using testssl.sh
2026-08-31 15:34:23,179 [INFO] redscanner.runner: Running: testssl.sh --jsonfile /tmp/tmpfdqb4we6.json --severity LOW --quiet --color 0 --warnings off apex.api.macrocosmos.ai:443
2026-08-31 15:37:03,000 [INFO] redscanner: TLS scanner reported 5 findings
2026-08-31 15:37:03,015 [INFO] redscanner: ============================================================
2026-08-31 15:37:03,015 [INFO] redscanner: PHASE: Directory / file brute-force (WSTG-CONF-05)
2026-08-31 15:37:03,015 [INFO] redscanner: ============================================================
2026-08-31 15:37:03,015 [WARNING] redscanner: dirbust: no wordlist found — falling back to built-in paths
2026-08-31 15:37:03,015 [INFO] redscanner.runner: Running: curl -s -o /dev/null -w %{http_code} --max-time 8 --max-redirs 3 -A Mozilla/5.0 https://apex.api.macrocosmos.ai/admin
2026-08-31 15:37:03,341 [INFO] redscanner.runner: Running: curl -s -o /dev/null -w %{http_code} --max-time 8 --max-redirs 3 -A Mozilla/5.0 https://apex.api.macrocosmos.ai/admin/
2026-08-31 15:37:03,651 [INFO] redscanner.runner: Running: curl -s -o /dev/null -w %{http_code} --max-time 8 --max-redirs 3 -A Mozilla/5.0 https://apex.api.macrocosmos.ai/administrator
2026-08-31 15:37:03,950 [INFO] redscanner.runner: Running: curl -s -o /dev/null -w %{http_code} --max-time 8 --max-redirs 3 -A Mozilla/5.0 https://apex.api.macrocosmos.ai/administrator/
2026-08-31 15:37:04,254 [INFO] redscanner.runner: Running: curl -s -o /dev/null -w %{http_code} --max-time 8 --max-redirs 3 -A Mozilla/5.0 https://apex.api.macrocosmos.ai/admin/login
2026-08-31 15:37:04,565 [INFO] redscanner.runner: Running: curl -s -o /dev/null -w %{http_code} --max-time 8 --max-redirs 3 -A Mozilla/5.0 https://apex.api.macrocosmos.ai/admin/login.php
2026-08-31 15:37:04,870 [INFO] redscanner.runner: Running: curl -s -o /dev/null -w %{http_code} --max-time 8 --max-redirs 3 -A Mozilla/5.0 https://apex.api.macrocosmos.ai/manager
2026-08-31 15:37:05,168 [INFO] redscanner.runner: Running: curl -s -o /dev/null -w %{http_code} --max-time 8 --max-redirs 3 -A Mozilla/5.0 https://apex.api.macrocosmos.ai/manager/
2026-08-31 15:37:05,444 [INFO] redscanner.runner: Running: curl -s -o /dev/null -w %{http_code} --max-time 8 --max-redirs 3 -A Mozilla/5.0 https://apex.api.macrocosmos.ai/console
2026-08-31 15:37:05,739 [INFO] redscanner.runner: Running: curl -s -o /dev/null -w %{http_code} --max-time 8 --max-redirs 3 -A Mozilla/5.0 https://apex.api.macrocosmos.ai/console/
2026-08-31 15:37:06,028 [INFO] redscanner.runner: Running: curl -s -o /dev/null -w %{http_code} --max-time 8 --max-redirs 3 -A Mozilla/5.0 https://apex.api.macrocosmos.ai/panel
2026-08-31 15:37:06,323 [INFO] redscanner.runner: Running: curl -s -o /dev/null -w %{http_code} --max-time 8 --max-redirs 3 -A Mozilla/5.0 https://apex.api.macrocosmos.ai/panel/
2026-08-31 15:37:06,616 [INFO] redscanner.runner: Running: curl -s -o /dev/null -w %{http_code} --max-time 8 --max-redirs 3 -A Mozilla/5.0 https://apex.api.macrocosmos.ai/dashboard
2026-08-31 15:37:06,892 [INFO] redscanner.runner: Running: curl -s -o /dev/null -w %{http_code} --max-time 8 --max-redirs 3 -A Mozilla/5.0 https://apex.api.macrocosmos.ai/dashboard/
2026-08-31 15:37:07,312 [INFO] redscanner.runner: Running: curl -s -o /dev/null -w %{http_code} --max-time 8 --max-redirs 3 -A Mozilla/5.0 https://apex.api.macrocosmos.ai/controlpanel
2026-08-31 15:37:07,594 [INFO] redscanner.runner: Running: curl -s -o /dev/null -w %{http_code} --max-time 8 --max-redirs 3 -A Mozilla/5.0 https://apex.api.macrocosmos.ai/control
2026-08-31 15:37:07,867 [INFO] redscanner.runner: Running: curl -s -o /dev/null -w %{http_code} --max-time 8 --max-redirs 3 -A Mozilla/5.0 https://apex.api.macrocosmos.ai/backend
2026-08-31 15:37:08,158 [INFO] redscanner.runner: Running: curl -s -o /dev/null -w %{http_code} --max-time 8 --max-redirs 3 -A Mozilla/5.0 https://apex.api.macrocosmos.ai/login
2026-08-31 15:37:08,463 [INFO] redscanner.runner: Running: curl -s -o /dev/null -w %{http_code} --max-time 8 --max-redirs 3 -A Mozilla/5.0 https://apex.api.macrocosmos.ai/login.php
2026-08-31 15:37:08,754 [INFO] redscanner.runner: Running: curl -s -o /dev/null -w %{http_code} --max-time 8 --max-redirs 3 -A Mozilla/5.0 https://apex.api.macrocosmos.ai/signin
2026-08-31 15:37:09,031 [INFO] redscanner.runner: Running: curl -s -o /dev/null -w %{http_code} --max-time 8 --max-redirs 3 -A Mozilla/5.0 https://apex.api.macrocosmos.ai/auth
2026-08-31 15:37:09,303 [INFO] redscanner.runner: Running: curl -s -o /dev/null -w %{http_code} --max-time 8 --max-redirs 3 -A Mozilla/5.0 https://apex.api.macrocosmos.ai/.env
2026-08-31 15:37:09,574 [INFO] redscanner.runner: Running: curl -s -o /dev/null -w %{http_code} --max-time 8 --max-redirs 3 -A Mozilla/5.0 https://apex.api.macrocosmos.ai/.env.local
2026-08-31 15:37:09,903 [INFO] redscanner.runner: Running: curl -s -o /dev/null -w %{http_code} --max-time 8 --max-redirs 3 -A Mozilla/5.0 https://apex.api.macrocosmos.ai/.env.production
2026-08-31 15:37:10,181 [INFO] redscanner.runner: Running: curl -s -o /dev/null -w %{http_code} --max-time 8 --max-redirs 3 -A Mozilla/5.0 https://apex.api.macrocosmos.ai/.env.backup
2026-08-31 15:37:10,470 [INFO] redscanner.runner: Running: curl -s -o /dev/null -w %{http_code} --max-time 8 --max-redirs 3 -A Mozilla/5.0 https://apex.api.macrocosmos.ai/.git
2026-08-31 15:37:10,765 [INFO] redscanner.runner: Running: curl -s -o /dev/null -w %{http_code} --max-time 8 --max-redirs 3 -A Mozilla/5.0 https://apex.api.macrocosmos.ai/.git/config
2026-08-31 15:37:11,055 [INFO] redscanner.runner: Running: curl -s -o /dev/null -w %{http_code} --max-time 8 --max-redirs 3 -A Mozilla/5.0 https://apex.api.macrocosmos.ai/.git/HEAD
2026-08-31 15:37:11,329 [INFO] redscanner.runner: Running: curl -s -o /dev/null -w %{http_code} --max-time 8 --max-redirs 3 -A Mozilla/5.0 https://apex.api.macrocosmos.ai/web.config
2026-08-31 15:37:11,609 [INFO] redscanner.runner: Running: curl -s -o /dev/null -w %{http_code} --max-time 8 --max-redirs 3 -A Mozilla/5.0 https://apex.api.macrocosmos.ai/.htaccess
2026-08-31 15:37:11,888 [INFO] redscanner.runner: Running: curl -s -o /dev/null -w %{http_code} --max-time 8 --max-redirs 3 -A Mozilla/5.0 https://apex.api.macrocosmos.ai/.htpasswd
2026-08-31 15:37:12,177 [INFO] redscanner.runner: Running: curl -s -o /dev/null -w %{http_code} --max-time 8 --max-redirs 3 -A Mozilla/5.0 https://apex.api.macrocosmos.ai/wp-config.php
2026-08-31 15:37:12,473 [INFO] redscanner.runner: Running: curl -s -o /dev/null -w %{http_code} --max-time 8 --max-redirs 3 -A Mozilla/5.0 https://apex.api.macrocosmos.ai/config.php
2026-08-31 15:37:12,764 [INFO] redscanner.runner: Running: curl -s -o /dev/null -w %{http_code} --max-time 8 --max-redirs 3 -A Mozilla/5.0 https://apex.api.macrocosmos.ai/config.inc.php
2026-08-31 15:37:13,055 [INFO] redscanner.runner: Running: curl -s -o /dev/null -w %{http_code} --max-time 8 --max-redirs 3 -A Mozilla/5.0 https://apex.api.macrocosmos.ai/configuration.php
2026-08-31 15:37:13,325 [INFO] redscanner.runner: Running: curl -s -o /dev/null -w %{http_code} --max-time 8 --max-redirs 3 -A Mozilla/5.0 https://apex.api.macrocosmos.ai/settings.php
2026-08-31 15:37:13,613 [INFO] redscanner.runner: Running: curl -s -o /dev/null -w %{http_code} --max-time 8 --max-redirs 3 -A Mozilla/5.0 https://apex.api.macrocosmos.ai/database.php
2026-08-31 15:37:13,895 [INFO] redscanner.runner: Running: curl -s -o /dev/null -w %{http_code} --max-time 8 --max-redirs 3 -A Mozilla/5.0 https://apex.api.macrocosmos.ai/app.config
2026-08-31 15:37:14,181 [INFO] redscanner.runner: Running: curl -s -o /dev/null -w %{http_code} --max-time 8 --max-redirs 3 -A Mozilla/5.0 https://apex.api.macrocosmos.ai/appsettings.json
2026-08-31 15:37:14,472 [INFO] redscanner.runner: Running: curl -s -o /dev/null -w %{http_code} --max-time 8 --max-redirs 3 -A Mozilla/5.0 https://apex.api.macrocosmos.ai/backup
2026-08-31 15:37:14,771 [INFO] redscanner.runner: Running: curl -s -o /dev/null -w %{http_code} --max-time 8 --max-redirs 3 -A Mozilla/5.0 https://apex.api.macrocosmos.ai/backup.zip
2026-08-31 15:37:15,055 [INFO] redscanner.runner: Running: curl -s -o /dev/null -w %{http_code} --max-time 8 --max-redirs 3 -A Mozilla/5.0 https://apex.api.macrocosmos.ai/backup.tar.gz
2026-08-31 15:37:15,340 [INFO] redscanner.runner: Running: curl -s -o /dev/null -w %{http_code} --max-time 8 --max-redirs 3 -A Mozilla/5.0 https://apex.api.macrocosmos.ai/backup.sql
2026-08-31 15:37:15,648 [INFO] redscanner.runner: Running: curl -s -o /dev/null -w %{http_code} --max-time 8 --max-redirs 3 -A Mozilla/5.0 https://apex.api.macrocosmos.ai/db.sql
2026-08-31 15:37:15,932 [INFO] redscanner.runner: Running: curl -s -o /dev/null -w %{http_code} --max-time 8 --max-redirs 3 -A Mozilla/5.0 https://apex.api.macrocosmos.ai/database.sql
2026-08-31 15:37:16,222 [INFO] redscanner.runner: Running: curl -s -o /dev/null -w %{http_code} --max-time 8 --max-redirs 3 -A Mozilla/5.0 https://apex.api.macrocosmos.ai/dump.sql
2026-08-31 15:37:16,506 [INFO] redscanner.runner: Running: curl -s -o /dev/null -w %{http_code} --max-time 8 --max-redirs 3 -A Mozilla/5.0 https://apex.api.macrocosmos.ai/db_backup.sql
2026-08-31 15:37:16,777 [INFO] redscanner.runner: Running: curl -s -o /dev/null -w %{http_code} --max-time 8 --max-redirs 3 -A Mozilla/5.0 https://apex.api.macrocosmos.ai/site.tar.gz
2026-08-31 15:37:17,047 [INFO] redscanner.runner: Running: curl -s -o /dev/null -w %{http_code} --max-time 8 --max-redirs 3 -A Mozilla/5.0 https://apex.api.macrocosmos.ai/site.zip
2026-08-31 15:37:17,338 [INFO] redscanner.runner: Running: curl -s -o /dev/null -w %{http_code} --max-time 8 --max-redirs 3 -A Mozilla/5.0 https://apex.api.macrocosmos.ai/www.zip
2026-08-31 15:37:17,617 [INFO] redscanner.runner: Running: curl -s -o /dev/null -w %{http_code} --max-time 8 --max-redirs 3 -A Mozilla/5.0 https://apex.api.macrocosmos.ai/phpinfo.php
2026-08-31 15:37:17,892 [INFO] redscanner.runner: Running: curl -s -o /dev/null -w %{http_code} --max-time 8 --max-redirs 3 -A Mozilla/5.0 https://apex.api.macrocosmos.ai/info.php
2026-08-31 15:37:18,180 [INFO] redscanner.runner: Running: curl -s -o /dev/null -w %{http_code} --max-time 8 --max-redirs 3 -A Mozilla/5.0 https://apex.api.macrocosmos.ai/test.php
2026-08-31 15:37:18,475 [INFO] redscanner.runner: Running: curl -s -o /dev/null -w %{http_code} --max-time 8 --max-redirs 3 -A Mozilla/5.0 https://apex.api.macrocosmos.ai/server-status
2026-08-31 15:37:18,744 [INFO] redscanner.runner: Running: curl -s -o /dev/null -w %{http_code} --max-time 8 --max-redirs 3 -A Mozilla/5.0 https://apex.api.macrocosmos.ai/server-info
2026-08-31 15:37:19,028 [INFO] redscanner.runner: Running: curl -s -o /dev/null -w %{http_code} --max-time 8 --max-redirs 3 -A Mozilla/5.0 https://apex.api.macrocosmos.ai/debug
2026-08-31 15:37:19,311 [INFO] redscanner.runner: Running: curl -s -o /dev/null -w %{http_code} --max-time 8 --max-redirs 3 -A Mozilla/5.0 https://apex.api.macrocosmos.ai/debug/
2026-08-31 15:37:19,598 [INFO] redscanner.runner: Running: curl -s -o /dev/null -w %{http_code} --max-time 8 --max-redirs 3 -A Mozilla/5.0 https://apex.api.macrocosmos.ai/test
2026-08-31 15:37:19,868 [INFO] redscanner.runner: Running: curl -s -o /dev/null -w %{http_code} --max-time 8 --max-redirs 3 -A Mozilla/5.0 https://apex.api.macrocosmos.ai/dev
2026-08-31 15:37:20,153 [INFO] redscanner.runner: Running: curl -s -o /dev/null -w %{http_code} --max-time 8 --max-redirs 3 -A Mozilla/5.0 https://apex.api.macrocosmos.ai/staging
2026-08-31 15:37:20,430 [INFO] redscanner.runner: Running: curl -s -o /dev/null -w %{http_code} --max-time 8 --max-redirs 3 -A Mozilla/5.0 https://apex.api.macrocosmos.ai/actuator
2026-08-31 15:37:20,718 [INFO] redscanner.runner: Running: curl -s -o /dev/null -w %{http_code} --max-time 8 --max-redirs 3 -A Mozilla/5.0 https://apex.api.macrocosmos.ai/actuator/health
2026-08-31 15:37:21,011 [INFO] redscanner.runner: Running: curl -s -o /dev/null -w %{http_code} --max-time 8 --max-redirs 3 -A Mozilla/5.0 https://apex.api.macrocosmos.ai/actuator/env
2026-08-31 15:37:21,281 [INFO] redscanner.runner: Running: curl -s -o /dev/null -w %{http_code} --max-time 8 --max-redirs 3 -A Mozilla/5.0 https://apex.api.macrocosmos.ai/actuator/beans
2026-08-31 15:37:21,562 [INFO] redscanner.runner: Running: curl -s -o /dev/null -w %{http_code} --max-time 8 --max-redirs 3 -A Mozilla/5.0 https://apex.api.macrocosmos.ai/actuator/mappings
2026-08-31 15:37:21,860 [INFO] redscanner.runner: Running: curl -s -o /dev/null -w %{http_code} --max-time 8 --max-redirs 3 -A Mozilla/5.0 https://apex.api.macrocosmos.ai/health
2026-08-31 15:37:22,158 [INFO] redscanner.runner: Running: curl -s -o /dev/null -w %{http_code} --max-time 8 --max-redirs 3 -A Mozilla/5.0 https://apex.api.macrocosmos.ai/healthz
2026-08-31 15:37:22,435 [INFO] redscanner.runner: Running: curl -s -o /dev/null -w %{http_code} --max-time 8 --max-redirs 3 -A Mozilla/5.0 https://apex.api.macrocosmos.ai/status
2026-08-31 15:37:22,708 [INFO] redscanner.runner: Running: curl -s -o /dev/null -w %{http_code} --max-time 8 --max-redirs 3 -A Mozilla/5.0 https://apex.api.macrocosmos.ai/metrics
2026-08-31 15:37:23,178 [INFO] redscanner.runner: Running: curl -s -o /dev/null -w %{http_code} --max-time 8 --max-redirs 3 -A Mozilla/5.0 https://apex.api.macrocosmos.ai/prometheus
2026-08-31 15:37:23,447 [INFO] redscanner.runner: Running: curl -s -o /dev/null -w %{http_code} --max-time 8 --max-redirs 3 -A Mozilla/5.0 https://apex.api.macrocosmos.ai/api
2026-08-31 15:37:23,736 [INFO] redscanner.runner: Running: curl -s -o /dev/null -w %{http_code} --max-time 8 --max-redirs 3 -A Mozilla/5.0 https://apex.api.macrocosmos.ai/api/v1
2026-08-31 15:37:24,005 [INFO] redscanner.runner: Running: curl -s -o /dev/null -w %{http_code} --max-time 8 --max-redirs 3 -A Mozilla/5.0 https://apex.api.macrocosmos.ai/api/v2
2026-08-31 15:37:24,293 [INFO] redscanner.runner: Running: curl -s -o /dev/null -w %{http_code} --max-time 8 --max-redirs 3 -A Mozilla/5.0 https://apex.api.macrocosmos.ai/api/v1/users
2026-08-31 15:37:24,591 [INFO] redscanner.runner: Running: curl -s -o /dev/null -w %{http_code} --max-time 8 --max-redirs 3 -A Mozilla/5.0 https://apex.api.macrocosmos.ai/api/v1/admin
2026-08-31 15:37:24,884 [INFO] redscanner.runner: Running: curl -s -o /dev/null -w %{http_code} --max-time 8 --max-redirs 3 -A Mozilla/5.0 https://apex.api.macrocosmos.ai/api/v1/config
2026-08-31 15:37:25,164 [INFO] redscanner.runner: Running: curl -s -o /dev/null -w %{http_code} --max-time 8 --max-redirs 3 -A Mozilla/5.0 https://apex.api.macrocosmos.ai/upload
2026-08-31 15:37:25,447 [INFO] redscanner.runner: Running: curl -s -o /dev/null -w %{http_code} --max-time 8 --max-redirs 3 -A Mozilla/5.0 https://apex.api.macrocosmos.ai/uploads
2026-08-31 15:37:25,725 [INFO] redscanner.runner: Running: curl -s -o /dev/null -w %{http_code} --max-time 8 --max-redirs 3 -A Mozilla/5.0 https://apex.api.macrocosmos.ai/files
2026-08-31 15:37:26,001 [INFO] redscanner.runner: Running: curl -s -o /dev/null -w %{http_code} --max-time 8 --max-redirs 3 -A Mozilla/5.0 https://apex.api.macrocosmos.ai/static
2026-08-31 15:37:26,292 [INFO] redscanner.runner: Running: curl -s -o /dev/null -w %{http_code} --max-time 8 --max-redirs 3 -A Mozilla/5.0 https://apex.api.macrocosmos.ai/assets
2026-08-31 15:37:26,582 [INFO] redscanner.runner: Running: curl -s -o /dev/null -w %{http_code} --max-time 8 --max-redirs 3 -A Mozilla/5.0 https://apex.api.macrocosmos.ai/robots.txt
2026-08-31 15:37:26,872 [INFO] redscanner.runner: Running: curl -s -o /dev/null -w %{http_code} --max-time 8 --max-redirs 3 -A Mozilla/5.0 https://apex.api.macrocosmos.ai/sitemap.xml
2026-08-31 15:37:27,164 [INFO] redscanner.runner: Running: curl -s -o /dev/null -w %{http_code} --max-time 8 --max-redirs 3 -A Mozilla/5.0 https://apex.api.macrocosmos.ai/crossdomain.xml
2026-08-31 15:37:27,456 [INFO] redscanner.runner: Running: curl -s -o /dev/null -w %{http_code} --max-time 8 --max-redirs 3 -A Mozilla/5.0 https://apex.api.macrocosmos.ai/.well-known/security.txt
2026-08-31 15:37:27,743 [INFO] redscanner: Dirbust scanner reported 2 findings
2026-08-31 15:37:27,752 [INFO] redscanner: ============================================================
2026-08-31 15:37:27,752 [INFO] redscanner: PHASE: CDN/WAF bypass tests
2026-08-31 15:37:27,752 [INFO] redscanner: ============================================================
2026-08-31 15:37:27,753 [INFO] redscanner.runner: Running: curl -s -I -L --max-time 30 --max-redirs 3 -A Mozilla/5.0 https://apex.api.macrocosmos.ai
2026-08-31 15:37:28,046 [INFO] redscanner.runner: Running: curl -s -I -L --max-time 30 --max-redirs 3 -A Mozilla/5.0 -H Host: apex.api.macrocosmos.ai https://38.60.218.193/
2026-08-31 15:37:28,099 [INFO] redscanner.runner: Running: curl -s -I -L --max-time 30 --max-redirs 3 -A Mozilla/5.0 -H X-Forwarded-For: 127.0.0.1 https://apex.api.macrocosmos.ai
2026-08-31 15:37:28,385 [INFO] redscanner.runner: Running: curl -s -I -L --max-time 30 --max-redirs 3 -A Mozilla/5.0 -H X-Real-IP: 127.0.0.1 https://apex.api.macrocosmos.ai
2026-08-31 15:37:28,652 [INFO] redscanner.runner: Running: curl -s -I -L --max-time 30 --max-redirs 3 -A Mozilla/5.0 -H X-Originating-IP: 127.0.0.1 https://apex.api.macrocosmos.ai
2026-08-31 15:37:28,916 [INFO] redscanner.runner: Running: curl -s -I -L --max-time 30 --max-redirs 3 -A Mozilla/5.0 -H True-Client-IP: 127.0.0.1 https://apex.api.macrocosmos.ai
2026-08-31 15:37:29,195 [INFO] redscanner.runner: Running: curl -s -I -L --max-time 30 --max-redirs 3 -A Mozilla/5.0 -H X-Client-IP: 127.0.0.1 https://apex.api.macrocosmos.ai
2026-08-31 15:37:29,480 [INFO] redscanner.runner: Running: curl -s -I -L --max-time 30 --max-redirs 3 -A Mozilla/5.0 -H CF-Connecting-IP: 127.0.0.1 https://apex.api.macrocosmos.ai
2026-08-31 15:37:29,768 [INFO] redscanner.runner: Running: curl -s -I -L --max-time 30 --max-redirs 3 -A Mozilla/5.0 -H Fastly-Client-Ip: 127.0.0.1 https://apex.api.macrocosmos.ai
2026-08-31 15:37:30,032 [INFO] redscanner.runner: Running: curl -s -I -L --max-time 30 --max-redirs 3 -A Mozilla/5.0 -H X-Cluster-Client-IP: 127.0.0.1 https://apex.api.macrocosmos.ai
2026-08-31 15:37:30,319 [INFO] redscanner.runner: Running: curl -s -I -L --max-time 30 --max-redirs 3 -A Mozilla/5.0 -H X-Forwarded-For: 0.0.0.0 https://apex.api.macrocosmos.ai
2026-08-31 15:37:30,605 [INFO] redscanner.runner: Running: curl -s -I -L --max-time 30 --max-redirs 3 -A Mozilla/5.0 -H X-Forwarded-For: ::1 https://apex.api.macrocosmos.ai
2026-08-31 15:37:30,894 [INFO] redscanner.runner: Running: curl -s -I -L --max-time 30 --max-redirs 3 -A Mozilla/5.0 -H Host: evil-canary-host.example.com https://apex.api.macrocosmos.ai
2026-08-31 15:37:31,156 [INFO] redscanner.runner: Running: curl -s -I -L --max-time 30 --max-redirs 3 -A Mozilla/5.0 https://apex.api.macrocosmos.ai
2026-08-31 15:37:31,441 [INFO] redscanner.runner: Running: curl -s -I -L --max-time 30 --max-redirs 3 -A Mozilla/5.0 https://apex.api.macrocosmos.ai
2026-08-31 15:37:31,727 [INFO] redscanner: CDN bypass scanner reported 1 findings
2026-08-31 15:37:31,730 [INFO] redscanner: ============================================================
2026-08-31 15:37:31,730 [INFO] redscanner: PHASE: Nikto
2026-08-31 15:37:31,730 [INFO] redscanner: ============================================================
2026-08-31 15:37:31,731 [INFO] redscanner.runner: Running: nikto -h https://apex.api.macrocosmos.ai -maxtime 120s -useragent Mozilla/5.0
2026-08-31 15:37:31,863 [INFO] redscanner: nikto pass complete (1 hosts), parsed 0 lines
2026-08-31 15:37:31,863 [INFO] redscanner: Nikto parsed 0 notable lines
2026-08-31 15:37:31,864 [INFO] redscanner: ============================================================
2026-08-31 15:37:31,864 [INFO] redscanner: Generating Reports
2026-08-31 15:37:31,864 [INFO] redscanner: ============================================================
2026-08-31 15:37:31,867 [INFO] redscanner.report: JSON report: output/apex.api.macrocosmos.ai/20260831_153157/report.json
2026-08-31 15:37:31,867 [INFO] redscanner.report: Surface JSON: output/apex.api.macrocosmos.ai/20260831_153157/surface.json
2026-08-31 15:37:31,869 [INFO] redscanner.report: Markdown report: output/apex.api.macrocosmos.ai/20260831_153157/report.md
2026-08-31 15:37:31,872 [INFO] redscanner.report: HTML report: output/apex.api.macrocosmos.ai/20260831_153157/report.html
2026-08-31 15:37:31,874 [INFO] redscanner.report: SARIF report: output/apex.api.macrocosmos.ai/20260831_153157/report.sarif
2026-08-31 15:37:31,874 [INFO] redscanner.report: Reports written to output/apex.api.macrocosmos.ai/20260831_153157
2026-08-31 15:37:31,875 [INFO] redscanner: 
2026-08-31 15:37:31,875 [INFO] redscanner: ============================================================
2026-08-31 15:37:31,875 [INFO] redscanner: SCAN COMPLETE — 20260831_153157
2026-08-31 15:37:31,875 [INFO] redscanner: Target: apex.api.macrocosmos.ai
2026-08-31 15:37:31,875 [INFO] redscanner: Duration: 334.6s
2026-08-31 15:37:31,875 [INFO] redscanner: Assets discovered: 0
2026-08-31 15:37:31,876 [INFO] redscanner: Total findings: 20
2026-08-31 15:37:31,876 [INFO] redscanner:   Critical: 4  High: 0  Medium: 3  Low: 9  Info: 4
2026-08-31 15:37:31,876 [INFO] redscanner: Reports saved to: output/apex.api.macrocosmos.ai/20260831_153157
2026-08-31 15:37:31,876 [INFO] redscanner: ============================================================
2026-08-31 15:37:31,876 [INFO] redscanner: Scan completed successfully — resume.cfg cleared
2026-08-31 15:53:20,261 [INFO] redscanner: RedScanner v0.4 — scan 20260831_155320 against apex.api.macrocosmos.ai
2026-08-31 15:53:20,261 [INFO] redscanner: Engagement plan: Red team engagement plan
2026-08-31 15:53:20,261 [INFO] redscanner: Frameworks: MITRE ATT&CK (Enterprise + Cloud + Recon); PTES — Penetration Testing Execution Standard; OWASP Web Security Testing Guide (WSTG); NIST SP 800-115 — Technical Guide for Security Testing
2026-08-31 15:53:20,261 [INFO] redscanner: Modules (ordered): recon, wayback, naabu, nuclei, xss, sqli, api_leak, header_check, http_methods, cors, tls, dirbust, cdn_bypass, nikto
2026-08-31 15:53:20,261 [INFO] redscanner: Output: output/apex.api.macrocosmos.ai/20260831_155320
2026-08-31 15:53:20,264 [INFO] redscanner: External tools on PATH: subfinder, httpx, assetfinder, xcrawl3r, waybackurls, gau, naabu, nuclei, dalfox, sqlmap, nikto, gobuster, ffuf, testssl.sh
2026-08-31 15:53:20,264 [INFO] redscanner: ============================================================
2026-08-31 15:53:20,264 [INFO] redscanner: PHASE: Reconnaissance (subfinder, assetfinder, httpx, xcrawl3r)
2026-08-31 15:53:20,264 [INFO] redscanner: ============================================================
2026-08-31 15:53:20,264 [INFO] redscanner.runner: Running: subfinder -d apex.api.macrocosmos.ai -silent -all
2026-08-31 15:53:37,495 [INFO] redscanner: subfinder found 0 subdomains
2026-08-31 15:53:37,496 [INFO] redscanner.runner: Running: assetfinder apex.api.macrocosmos.ai
2026-08-31 15:53:50,729 [INFO] redscanner: assetfinder added 1 hostnames
2026-08-31 15:53:50,731 [INFO] redscanner.runner: Running: httpx -l /tmp/tmp7c2gnk0h.txt -json -status-code -title -tech-detect -silent
2026-08-31 15:53:51,025 [INFO] redscanner: Discovered 0 HTTP assets
2026-08-31 15:53:51,026 [INFO] redscanner: ============================================================
2026-08-31 15:53:51,026 [INFO] redscanner: PHASE: Historical URLs (waybackurls, gau)
2026-08-31 15:53:51,026 [INFO] redscanner: ============================================================
2026-08-31 15:53:51,027 [INFO] redscanner.runner: Running: waybackurls
2026-08-31 15:53:51,326 [INFO] redscanner.runner: Running: gau apex.api.macrocosmos.ai
2026-08-31 15:54:59,333 [INFO] redscanner: Wayback/gau collected 0 URLs (cap 500)
2026-08-31 15:54:59,333 [INFO] redscanner: Collected 0 historical URLs for downstream scanners
2026-08-31 15:54:59,334 [INFO] redscanner: ============================================================
2026-08-31 15:54:59,334 [INFO] redscanner: PHASE: Port scan (naabu)
2026-08-31 15:54:59,334 [INFO] redscanner: ============================================================
2026-08-31 15:54:59,335 [INFO] redscanner.runner: Running: naabu -l output/apex.api.macrocosmos.ai/20260831_155320/recon/naabu_hosts.txt -silent -top-ports 1000 -rate 500
2026-08-31 15:55:11,192 [INFO] redscanner: naabu reported 2 open ports (info findings)
2026-08-31 15:55:11,200 [INFO] redscanner: ============================================================
2026-08-31 15:55:11,200 [INFO] redscanner: PHASE: Nuclei
2026-08-31 15:55:11,200 [INFO] redscanner: ============================================================
2026-08-31 15:55:11,201 [INFO] redscanner: Nuclei template exclude tags: dos,fuzz
2026-08-31 15:55:11,201 [INFO] redscanner.runner: Running: nuclei -l /tmp/tmpnpatob62.txt -json -silent -severity critical,high,medium,low -rate-limit 50 -c 10 -etags dos,fuzz
2026-08-31 15:55:11,512 [INFO] redscanner: Nuclei reported 0 findings
2026-08-31 15:55:11,513 [INFO] redscanner: ============================================================
2026-08-31 15:55:11,513 [INFO] redscanner: PHASE: XSS (dalfox)
2026-08-31 15:55:11,513 [INFO] redscanner: ============================================================
2026-08-31 15:55:11,514 [INFO] redscanner.runner: Running: dalfox url https://apex.api.macrocosmos.ai --format json --silence --timeout 30 --worker 10
2026-08-31 15:55:11,734 [INFO] redscanner: Dalfox reported 0 findings
2026-08-31 15:55:11,734 [INFO] redscanner: ============================================================
2026-08-31 15:55:11,735 [INFO] redscanner: PHASE: SQLi (sqlmap)
2026-08-31 15:55:11,735 [INFO] redscanner: ============================================================
2026-08-31 15:55:11,735 [INFO] redscanner.runner: Running: sqlmap -u https://apex.api.macrocosmos.ai --batch --smart --level 2 --risk 1 --output-dir output/apex.api.macrocosmos.ai/20260831_155320/sqlmap --forms --crawl=2
2026-08-31 15:55:17,526 [INFO] redscanner: SQLmap reported 0 findings
2026-08-31 15:55:17,527 [INFO] redscanner: ============================================================
2026-08-31 15:55:17,527 [INFO] redscanner: PHASE: API / secret patterns in JS
2026-08-31 15:55:17,527 [INFO] redscanner: ============================================================
2026-08-31 15:55:17,528 [INFO] redscanner.runner: Running: xcrawl3r -u https://apex.api.macrocosmos.ai
2026-08-31 15:55:18,335 [INFO] redscanner: API leak scan reported 0 findings
2026-08-31 15:55:18,336 [INFO] redscanner: ============================================================
2026-08-31 15:55:18,336 [INFO] redscanner: PHASE: HTTP Security Headers (curl HEAD)
2026-08-31 15:55:18,336 [INFO] redscanner: ============================================================
2026-08-31 15:55:18,337 [INFO] redscanner.runner: Running: curl -s -I -L --max-time 10 -A Mozilla/5.0 https://apex.api.macrocosmos.ai
2026-08-31 15:55:18,667 [INFO] redscanner: Header scanner reported 6 findings
2026-08-31 15:55:18,670 [INFO] redscanner: ============================================================
2026-08-31 15:55:18,670 [INFO] redscanner: PHASE: HTTP method audit (WSTG-CONF-06)
2026-08-31 15:55:18,670 [INFO] redscanner: ============================================================
2026-08-31 15:55:18,671 [INFO] redscanner.runner: Running: curl -s -i -X OPTIONS -L --max-time 30 -A Mozilla/5.0 https://apex.api.macrocosmos.ai
2026-08-31 15:55:19,002 [INFO] redscanner.runner: Running: curl -s -i -X TRACE -L --max-time 30 -A Mozilla/5.0 https://apex.api.macrocosmos.ai
2026-08-31 15:55:19,320 [INFO] redscanner: HTTP methods scanner reported 0 findings
2026-08-31 15:55:19,321 [INFO] redscanner: ============================================================
2026-08-31 15:55:19,321 [INFO] redscanner: PHASE: CORS misconfiguration (WSTG-CLIENT-07)
2026-08-31 15:55:19,321 [INFO] redscanner: ============================================================
2026-08-31 15:55:19,322 [INFO] redscanner.runner: Running: curl -s -I -L --max-time 30 -A Mozilla/5.0 https://apex.api.macrocosmos.ai
2026-08-31 15:55:19,615 [INFO] redscanner.runner: Running: curl -s -I -L --max-time 30 -A Mozilla/5.0 -H Origin: https://evil.example.com https://apex.api.macrocosmos.ai
2026-08-31 15:55:19,905 [INFO] redscanner.runner: Running: curl -s -I -L --max-time 30 -A Mozilla/5.0 -H Origin: null https://apex.api.macrocosmos.ai
2026-08-31 15:55:20,191 [INFO] redscanner.runner: Running: curl -s -I -L --max-time 30 -A Mozilla/5.0 -H Origin: https://attacker-apex.api.macrocosmos.ai https://apex.api.macrocosmos.ai
2026-08-31 15:55:20,473 [INFO] redscanner.runner: Running: curl -s -I -L --max-time 30 -A Mozilla/5.0 -H Origin: https://evil.apex.api.macrocosmos.ai https://apex.api.macrocosmos.ai
2026-08-31 15:55:20,779 [INFO] redscanner: CORS scanner reported 4 findings
2026-08-31 15:55:20,782 [INFO] redscanner: ============================================================
2026-08-31 15:55:20,782 [INFO] redscanner: PHASE: TLS/SSL assessment (WSTG-CRYP-01)
2026-08-31 15:55:20,783 [INFO] redscanner: ============================================================
2026-08-31 15:55:20,783 [INFO] redscanner: TLS scanner: using testssl.sh
2026-08-31 15:55:20,783 [INFO] redscanner.runner: Running: testssl.sh --jsonfile /tmp/tmpm73naow4.json --severity LOW --quiet --color 0 --warnings off apex.api.macrocosmos.ai:443
2026-08-31 15:58:00,968 [INFO] redscanner: TLS scanner reported 5 findings
2026-08-31 15:58:00,983 [INFO] redscanner: ============================================================
2026-08-31 15:58:00,983 [INFO] redscanner: PHASE: Directory / file brute-force (WSTG-CONF-05)
2026-08-31 15:58:00,983 [INFO] redscanner: ============================================================
2026-08-31 15:58:00,983 [INFO] redscanner.runner: Running: gobuster dir -u https://apex.api.macrocosmos.ai -w /home/red/assets/wordlists/all.txt -x php,html,txt,bak,zip,sql -q --no-progress -t 10 --timeout 30s -s 200,204,301,302,307,401,403
2026-08-31 15:58:01,011 [INFO] redscanner: Dirbust scanner reported 0 findings
2026-08-31 15:58:01,012 [INFO] redscanner: ============================================================
2026-08-31 15:58:01,012 [INFO] redscanner: PHASE: CDN/WAF bypass tests
2026-08-31 15:58:01,012 [INFO] redscanner: ============================================================
2026-08-31 15:58:01,012 [INFO] redscanner.runner: Running: curl -s -I -L --max-time 30 --max-redirs 3 -A Mozilla/5.0 https://apex.api.macrocosmos.ai
2026-08-31 15:58:01,284 [INFO] redscanner.runner: Running: curl -s -I -L --max-time 30 --max-redirs 3 -A Mozilla/5.0 -H Host: apex.api.macrocosmos.ai https://38.60.218.193/
2026-08-31 15:58:01,338 [INFO] redscanner.runner: Running: curl -s -I -L --max-time 30 --max-redirs 3 -A Mozilla/5.0 -H X-Forwarded-For: 127.0.0.1 https://apex.api.macrocosmos.ai
2026-08-31 15:58:01,625 [INFO] redscanner.runner: Running: curl -s -I -L --max-time 30 --max-redirs 3 -A Mozilla/5.0 -H X-Real-IP: 127.0.0.1 https://apex.api.macrocosmos.ai
2026-08-31 15:58:01,913 [INFO] redscanner.runner: Running: curl -s -I -L --max-time 30 --max-redirs 3 -A Mozilla/5.0 -H X-Originating-IP: 127.0.0.1 https://apex.api.macrocosmos.ai
2026-08-31 15:58:02,225 [INFO] redscanner.runner: Running: curl -s -I -L --max-time 30 --max-redirs 3 -A Mozilla/5.0 -H True-Client-IP: 127.0.0.1 https://apex.api.macrocosmos.ai
2026-08-31 15:58:02,514 [INFO] redscanner.runner: Running: curl -s -I -L --max-time 30 --max-redirs 3 -A Mozilla/5.0 -H X-Client-IP: 127.0.0.1 https://apex.api.macrocosmos.ai
2026-08-31 15:58:02,821 [INFO] redscanner.runner: Running: curl -s -I -L --max-time 30 --max-redirs 3 -A Mozilla/5.0 -H CF-Connecting-IP: 127.0.0.1 https://apex.api.macrocosmos.ai
2026-08-31 15:58:03,366 [INFO] redscanner.runner: Running: curl -s -I -L --max-time 30 --max-redirs 3 -A Mozilla/5.0 -H Fastly-Client-Ip: 127.0.0.1 https://apex.api.macrocosmos.ai
2026-08-31 15:58:03,648 [INFO] redscanner.runner: Running: curl -s -I -L --max-time 30 --max-redirs 3 -A Mozilla/5.0 -H X-Cluster-Client-IP: 127.0.0.1 https://apex.api.macrocosmos.ai
2026-08-31 15:58:03,928 [INFO] redscanner.runner: Running: curl -s -I -L --max-time 30 --max-redirs 3 -A Mozilla/5.0 -H X-Forwarded-For: 0.0.0.0 https://apex.api.macrocosmos.ai
2026-08-31 15:58:04,210 [INFO] redscanner.runner: Running: curl -s -I -L --max-time 30 --max-redirs 3 -A Mozilla/5.0 -H X-Forwarded-For: ::1 https://apex.api.macrocosmos.ai
2026-08-31 15:58:04,478 [INFO] redscanner.runner: Running: curl -s -I -L --max-time 30 --max-redirs 3 -A Mozilla/5.0 -H Host: evil-canary-host.example.com https://apex.api.macrocosmos.ai
2026-08-31 15:58:04,769 [INFO] redscanner.runner: Running: curl -s -I -L --max-time 30 --max-redirs 3 -A Mozilla/5.0 https://apex.api.macrocosmos.ai
2026-08-31 15:58:05,046 [INFO] redscanner.runner: Running: curl -s -I -L --max-time 30 --max-redirs 3 -A Mozilla/5.0 https://apex.api.macrocosmos.ai
2026-08-31 15:58:05,314 [INFO] redscanner: CDN bypass scanner reported 1 findings
2026-08-31 15:58:05,318 [INFO] redscanner: ============================================================
2026-08-31 15:58:05,318 [INFO] redscanner: PHASE: Nikto
2026-08-31 15:58:05,318 [INFO] redscanner: ============================================================
2026-08-31 15:58:05,318 [INFO] redscanner.runner: Running: nikto -h https://apex.api.macrocosmos.ai -maxtime 120s -useragent Mozilla/5.0
2026-08-31 15:58:05,450 [INFO] redscanner: nikto pass complete (1 hosts), parsed 0 lines
2026-08-31 15:58:05,451 [INFO] redscanner: Nikto parsed 0 notable lines
2026-08-31 15:58:05,451 [INFO] redscanner: ============================================================
2026-08-31 15:58:05,452 [INFO] redscanner: Generating Reports
2026-08-31 15:58:05,452 [INFO] redscanner: ============================================================
2026-08-31 15:58:05,454 [INFO] redscanner.report: JSON report: output/apex.api.macrocosmos.ai/20260831_155320/report.json
2026-08-31 15:58:05,454 [INFO] redscanner.report: Surface JSON: output/apex.api.macrocosmos.ai/20260831_155320/surface.json
2026-08-31 15:58:05,456 [INFO] redscanner.report: Markdown report: output/apex.api.macrocosmos.ai/20260831_155320/report.md
2026-08-31 15:58:05,459 [INFO] redscanner.report: HTML report: output/apex.api.macrocosmos.ai/20260831_155320/report.html
2026-08-31 15:58:05,460 [INFO] redscanner.report: SARIF report: output/apex.api.macrocosmos.ai/20260831_155320/report.sarif
2026-08-31 15:58:05,461 [INFO] redscanner.report: Reports written to output/apex.api.macrocosmos.ai/20260831_155320
2026-08-31 15:58:05,461 [INFO] redscanner: 
2026-08-31 15:58:05,461 [INFO] redscanner: ============================================================
2026-08-31 15:58:05,461 [INFO] redscanner: SCAN COMPLETE — 20260831_155320
2026-08-31 15:58:05,461 [INFO] redscanner: Target: apex.api.macrocosmos.ai
2026-08-31 15:58:05,462 [INFO] redscanner: Duration: 285.2s
2026-08-31 15:58:05,462 [INFO] redscanner: Assets discovered: 0
2026-08-31 15:58:05,462 [INFO] redscanner: Total findings: 18
2026-08-31 15:58:05,462 [INFO] redscanner:   Critical: 4  High: 0  Medium: 3  Low: 7  Info: 4
2026-08-31 15:58:05,462 [INFO] redscanner: Reports saved to: output/apex.api.macrocosmos.ai/20260831_155320
2026-08-31 15:58:05,462 [INFO] redscanner: ============================================================
2026-08-31 15:58:05,463 [INFO] redscanner: Scan completed successfully — resume.cfg cleared
2026-08-31 16:18:28,445 [INFO] redscanner: RedScanner v0.4 — scan 20260831_161828 against apex.api.macrocosmos.ai
2026-08-31 16:18:28,445 [INFO] redscanner: Engagement plan: Red team engagement plan
2026-08-31 16:18:28,445 [INFO] redscanner: Frameworks: MITRE ATT&CK (Enterprise + Cloud + Recon); PTES — Penetration Testing Execution Standard; OWASP Web Security Testing Guide (WSTG); NIST SP 800-115 — Technical Guide for Security Testing
2026-08-31 16:18:28,445 [INFO] redscanner: Modules (ordered): dirbust
2026-08-31 16:18:28,445 [INFO] redscanner: Output: output/apex.api.macrocosmos.ai/20260831_161828
2026-08-31 16:18:28,448 [INFO] redscanner: External tools on PATH: subfinder, httpx, assetfinder, xcrawl3r, waybackurls, gau, naabu, nuclei, dalfox, sqlmap, nikto, gobuster, ffuf, testssl.sh
2026-08-31 16:18:28,448 [INFO] redscanner: ============================================================
2026-08-31 16:18:28,448 [INFO] redscanner: PHASE: Directory / file brute-force (WSTG-CONF-05)
2026-08-31 16:18:28,448 [INFO] redscanner: ============================================================
2026-08-31 16:18:28,459 [INFO] redscanner: dirbust: detected gobuster v2-style CLI — using -m dir
2026-08-31 16:18:28,460 [INFO] redscanner.runner: Running: gobuster -m dir -u https://apex.api.macrocosmos.ai -w /home/red/assets/wordlists/all.txt -x php,html,txt,bak,zip,sql -q -np -t 10 -to 30s -s 200,204,301,302,307,401,403 -a Mozilla/5.0
2026-08-31 16:28:28,563 [ERROR] redscanner.runner: Tool timed out after 600s: gobuster
2026-08-31 16:28:28,564 [WARNING] redscanner: dirbust: gobuster returned no results (rc=-1) — relying on built-in probe. stderr: timeout
2026-08-31 16:28:28,564 [INFO] redscanner.runner: Running: curl -s -o /dev/null -w %{http_code} --max-time 8 --max-redirs 3 -A Mozilla/5.0 https://apex.api.macrocosmos.ai/admin
2026-08-31 16:28:28,863 [INFO] redscanner.runner: Running: curl -s -o /dev/null -w %{http_code} --max-time 8 --max-redirs 3 -A Mozilla/5.0 https://apex.api.macrocosmos.ai/admin/
2026-08-31 16:28:29,136 [INFO] redscanner.runner: Running: curl -s -o /dev/null -w %{http_code} --max-time 8 --max-redirs 3 -A Mozilla/5.0 https://apex.api.macrocosmos.ai/administrator
2026-08-31 16:28:29,403 [INFO] redscanner.runner: Running: curl -s -o /dev/null -w %{http_code} --max-time 8 --max-redirs 3 -A Mozilla/5.0 https://apex.api.macrocosmos.ai/administrator/
2026-08-31 16:28:29,694 [INFO] redscanner.runner: Running: curl -s -o /dev/null -w %{http_code} --max-time 8 --max-redirs 3 -A Mozilla/5.0 https://apex.api.macrocosmos.ai/admin/login
2026-08-31 16:28:30,001 [INFO] redscanner.runner: Running: curl -s -o /dev/null -w %{http_code} --max-time 8 --max-redirs 3 -A Mozilla/5.0 https://apex.api.macrocosmos.ai/admin/login.php
2026-08-31 16:28:30,276 [INFO] redscanner.runner: Running: curl -s -o /dev/null -w %{http_code} --max-time 8 --max-redirs 3 -A Mozilla/5.0 https://apex.api.macrocosmos.ai/manager
2026-08-31 16:28:30,583 [INFO] redscanner.runner: Running: curl -s -o /dev/null -w %{http_code} --max-time 8 --max-redirs 3 -A Mozilla/5.0 https://apex.api.macrocosmos.ai/manager/
2026-08-31 16:28:30,873 [INFO] redscanner.runner: Running: curl -s -o /dev/null -w %{http_code} --max-time 8 --max-redirs 3 -A Mozilla/5.0 https://apex.api.macrocosmos.ai/console
2026-08-31 16:28:31,141 [INFO] redscanner.runner: Running: curl -s -o /dev/null -w %{http_code} --max-time 8 --max-redirs 3 -A Mozilla/5.0 https://apex.api.macrocosmos.ai/console/
2026-08-31 16:28:31,417 [INFO] redscanner.runner: Running: curl -s -o /dev/null -w %{http_code} --max-time 8 --max-redirs 3 -A Mozilla/5.0 https://apex.api.macrocosmos.ai/panel
2026-08-31 16:28:31,719 [INFO] redscanner.runner: Running: curl -s -o /dev/null -w %{http_code} --max-time 8 --max-redirs 3 -A Mozilla/5.0 https://apex.api.macrocosmos.ai/panel/
2026-08-31 16:28:31,996 [INFO] redscanner.runner: Running: curl -s -o /dev/null -w %{http_code} --max-time 8 --max-redirs 3 -A Mozilla/5.0 https://apex.api.macrocosmos.ai/dashboard
2026-08-31 16:28:32,289 [INFO] redscanner.runner: Running: curl -s -o /dev/null -w %{http_code} --max-time 8 --max-redirs 3 -A Mozilla/5.0 https://apex.api.macrocosmos.ai/dashboard/
2026-08-31 16:28:32,581 [INFO] redscanner.runner: Running: curl -s -o /dev/null -w %{http_code} --max-time 8 --max-redirs 3 -A Mozilla/5.0 https://apex.api.macrocosmos.ai/controlpanel
2026-08-31 16:28:32,872 [INFO] redscanner.runner: Running: curl -s -o /dev/null -w %{http_code} --max-time 8 --max-redirs 3 -A Mozilla/5.0 https://apex.api.macrocosmos.ai/control
2026-08-31 16:28:33,171 [INFO] redscanner.runner: Running: curl -s -o /dev/null -w %{http_code} --max-time 8 --max-redirs 3 -A Mozilla/5.0 https://apex.api.macrocosmos.ai/backend
2026-08-31 16:28:33,459 [INFO] redscanner.runner: Running: curl -s -o /dev/null -w %{http_code} --max-time 8 --max-redirs 3 -A Mozilla/5.0 https://apex.api.macrocosmos.ai/login
2026-08-31 16:28:33,753 [INFO] redscanner.runner: Running: curl -s -o /dev/null -w %{http_code} --max-time 8 --max-redirs 3 -A Mozilla/5.0 https://apex.api.macrocosmos.ai/login.php
2026-08-31 16:28:34,062 [INFO] redscanner.runner: Running: curl -s -o /dev/null -w %{http_code} --max-time 8 --max-redirs 3 -A Mozilla/5.0 https://apex.api.macrocosmos.ai/signin
2026-08-31 16:28:34,358 [INFO] redscanner.runner: Running: curl -s -o /dev/null -w %{http_code} --max-time 8 --max-redirs 3 -A Mozilla/5.0 https://apex.api.macrocosmos.ai/auth
2026-08-31 16:28:34,632 [INFO] redscanner.runner: Running: curl -s -o /dev/null -w %{http_code} --max-time 8 --max-redirs 3 -A Mozilla/5.0 https://apex.api.macrocosmos.ai/.env
2026-08-31 16:28:34,926 [INFO] redscanner.runner: Running: curl -s -o /dev/null -w %{http_code} --max-time 8 --max-redirs 3 -A Mozilla/5.0 https://apex.api.macrocosmos.ai/.env.local
2026-08-31 16:28:35,221 [INFO] redscanner.runner: Running: curl -s -o /dev/null -w %{http_code} --max-time 8 --max-redirs 3 -A Mozilla/5.0 https://apex.api.macrocosmos.ai/.env.production
2026-08-31 16:28:35,489 [INFO] redscanner.runner: Running: curl -s -o /dev/null -w %{http_code} --max-time 8 --max-redirs 3 -A Mozilla/5.0 https://apex.api.macrocosmos.ai/.env.backup
2026-08-31 16:28:35,781 [INFO] redscanner.runner: Running: curl -s -o /dev/null -w %{http_code} --max-time 8 --max-redirs 3 -A Mozilla/5.0 https://apex.api.macrocosmos.ai/.git
2026-08-31 16:28:36,074 [INFO] redscanner.runner: Running: curl -s -o /dev/null -w %{http_code} --max-time 8 --max-redirs 3 -A Mozilla/5.0 https://apex.api.macrocosmos.ai/.git/config
2026-08-31 16:28:36,368 [INFO] redscanner.runner: Running: curl -s -o /dev/null -w %{http_code} --max-time 8 --max-redirs 3 -A Mozilla/5.0 https://apex.api.macrocosmos.ai/.git/HEAD
2026-08-31 16:28:36,685 [INFO] redscanner.runner: Running: curl -s -o /dev/null -w %{http_code} --max-time 8 --max-redirs 3 -A Mozilla/5.0 https://apex.api.macrocosmos.ai/web.config
2026-08-31 16:28:36,981 [INFO] redscanner.runner: Running: curl -s -o /dev/null -w %{http_code} --max-time 8 --max-redirs 3 -A Mozilla/5.0 https://apex.api.macrocosmos.ai/.htaccess
2026-08-31 16:28:37,267 [INFO] redscanner.runner: Running: curl -s -o /dev/null -w %{http_code} --max-time 8 --max-redirs 3 -A Mozilla/5.0 https://apex.api.macrocosmos.ai/.htpasswd
2026-08-31 16:28:37,556 [INFO] redscanner.runner: Running: curl -s -o /dev/null -w %{http_code} --max-time 8 --max-redirs 3 -A Mozilla/5.0 https://apex.api.macrocosmos.ai/wp-config.php
2026-08-31 16:28:37,851 [INFO] redscanner.runner: Running: curl -s -o /dev/null -w %{http_code} --max-time 8 --max-redirs 3 -A Mozilla/5.0 https://apex.api.macrocosmos.ai/config.php
2026-08-31 16:28:38,139 [INFO] redscanner.runner: Running: curl -s -o /dev/null -w %{http_code} --max-time 8 --max-redirs 3 -A Mozilla/5.0 https://apex.api.macrocosmos.ai/config.inc.php
2026-08-31 16:28:38,420 [INFO] redscanner.runner: Running: curl -s -o /dev/null -w %{http_code} --max-time 8 --max-redirs 3 -A Mozilla/5.0 https://apex.api.macrocosmos.ai/configuration.php
2026-08-31 16:28:38,693 [INFO] redscanner.runner: Running: curl -s -o /dev/null -w %{http_code} --max-time 8 --max-redirs 3 -A Mozilla/5.0 https://apex.api.macrocosmos.ai/settings.php
2026-08-31 16:28:38,958 [INFO] redscanner.runner: Running: curl -s -o /dev/null -w %{http_code} --max-time 8 --max-redirs 3 -A Mozilla/5.0 https://apex.api.macrocosmos.ai/database.php
2026-08-31 16:28:39,238 [INFO] redscanner.runner: Running: curl -s -o /dev/null -w %{http_code} --max-time 8 --max-redirs 3 -A Mozilla/5.0 https://apex.api.macrocosmos.ai/app.config
2026-08-31 16:28:39,511 [INFO] redscanner.runner: Running: curl -s -o /dev/null -w %{http_code} --max-time 8 --max-redirs 3 -A Mozilla/5.0 https://apex.api.macrocosmos.ai/appsettings.json
2026-08-31 16:28:39,812 [INFO] redscanner.runner: Running: curl -s -o /dev/null -w %{http_code} --max-time 8 --max-redirs 3 -A Mozilla/5.0 https://apex.api.macrocosmos.ai/backup
2026-08-31 16:28:40,079 [INFO] redscanner.runner: Running: curl -s -o /dev/null -w %{http_code} --max-time 8 --max-redirs 3 -A Mozilla/5.0 https://apex.api.macrocosmos.ai/backup.zip
2026-08-31 16:28:40,368 [INFO] redscanner.runner: Running: curl -s -o /dev/null -w %{http_code} --max-time 8 --max-redirs 3 -A Mozilla/5.0 https://apex.api.macrocosmos.ai/backup.tar.gz
2026-08-31 16:28:40,644 [INFO] redscanner.runner: Running: curl -s -o /dev/null -w %{http_code} --max-time 8 --max-redirs 3 -A Mozilla/5.0 https://apex.api.macrocosmos.ai/backup.sql
2026-08-31 16:28:40,916 [INFO] redscanner.runner: Running: curl -s -o /dev/null -w %{http_code} --max-time 8 --max-redirs 3 -A Mozilla/5.0 https://apex.api.macrocosmos.ai/db.sql
2026-08-31 16:28:41,204 [INFO] redscanner.runner: Running: curl -s -o /dev/null -w %{http_code} --max-time 8 --max-redirs 3 -A Mozilla/5.0 https://apex.api.macrocosmos.ai/database.sql
2026-08-31 16:28:41,489 [INFO] redscanner.runner: Running: curl -s -o /dev/null -w %{http_code} --max-time 8 --max-redirs 3 -A Mozilla/5.0 https://apex.api.macrocosmos.ai/dump.sql
2026-08-31 16:28:41,780 [INFO] redscanner.runner: Running: curl -s -o /dev/null -w %{http_code} --max-time 8 --max-redirs 3 -A Mozilla/5.0 https://apex.api.macrocosmos.ai/db_backup.sql
2026-08-31 16:28:42,073 [INFO] redscanner.runner: Running: curl -s -o /dev/null -w %{http_code} --max-time 8 --max-redirs 3 -A Mozilla/5.0 https://apex.api.macrocosmos.ai/site.tar.gz
2026-08-31 16:28:42,355 [INFO] redscanner.runner: Running: curl -s -o /dev/null -w %{http_code} --max-time 8 --max-redirs 3 -A Mozilla/5.0 https://apex.api.macrocosmos.ai/site.zip
2026-08-31 16:28:42,654 [INFO] redscanner.runner: Running: curl -s -o /dev/null -w %{http_code} --max-time 8 --max-redirs 3 -A Mozilla/5.0 https://apex.api.macrocosmos.ai/www.zip
2026-08-31 16:28:42,925 [INFO] redscanner.runner: Running: curl -s -o /dev/null -w %{http_code} --max-time 8 --max-redirs 3 -A Mozilla/5.0 https://apex.api.macrocosmos.ai/phpinfo.php
2026-08-31 16:28:43,197 [INFO] redscanner.runner: Running: curl -s -o /dev/null -w %{http_code} --max-time 8 --max-redirs 3 -A Mozilla/5.0 https://apex.api.macrocosmos.ai/info.php
2026-08-31 16:28:43,491 [INFO] redscanner.runner: Running: curl -s -o /dev/null -w %{http_code} --max-time 8 --max-redirs 3 -A Mozilla/5.0 https://apex.api.macrocosmos.ai/test.php
2026-08-31 16:28:43,757 [INFO] redscanner.runner: Running: curl -s -o /dev/null -w %{http_code} --max-time 8 --max-redirs 3 -A Mozilla/5.0 https://apex.api.macrocosmos.ai/server-status
2026-08-31 16:28:44,041 [INFO] redscanner.runner: Running: curl -s -o /dev/null -w %{http_code} --max-time 8 --max-redirs 3 -A Mozilla/5.0 https://apex.api.macrocosmos.ai/server-info
2026-08-31 16:28:44,337 [INFO] redscanner.runner: Running: curl -s -o /dev/null -w %{http_code} --max-time 8 --max-redirs 3 -A Mozilla/5.0 https://apex.api.macrocosmos.ai/debug
2026-08-31 16:28:44,623 [INFO] redscanner.runner: Running: curl -s -o /dev/null -w %{http_code} --max-time 8 --max-redirs 3 -A Mozilla/5.0 https://apex.api.macrocosmos.ai/debug/
2026-08-31 16:28:44,902 [INFO] redscanner.runner: Running: curl -s -o /dev/null -w %{http_code} --max-time 8 --max-redirs 3 -A Mozilla/5.0 https://apex.api.macrocosmos.ai/test
2026-08-31 16:28:45,178 [INFO] redscanner.runner: Running: curl -s -o /dev/null -w %{http_code} --max-time 8 --max-redirs 3 -A Mozilla/5.0 https://apex.api.macrocosmos.ai/dev
2026-08-31 16:28:45,461 [INFO] redscanner.runner: Running: curl -s -o /dev/null -w %{http_code} --max-time 8 --max-redirs 3 -A Mozilla/5.0 https://apex.api.macrocosmos.ai/staging
2026-08-31 16:28:45,746 [INFO] redscanner.runner: Running: curl -s -o /dev/null -w %{http_code} --max-time 8 --max-redirs 3 -A Mozilla/5.0 https://apex.api.macrocosmos.ai/actuator
2026-08-31 16:28:46,034 [INFO] redscanner.runner: Running: curl -s -o /dev/null -w %{http_code} --max-time 8 --max-redirs 3 -A Mozilla/5.0 https://apex.api.macrocosmos.ai/actuator/health
2026-08-31 16:28:46,315 [INFO] redscanner.runner: Running: curl -s -o /dev/null -w %{http_code} --max-time 8 --max-redirs 3 -A Mozilla/5.0 https://apex.api.macrocosmos.ai/actuator/env
2026-08-31 16:28:46,600 [INFO] redscanner.runner: Running: curl -s -o /dev/null -w %{http_code} --max-time 8 --max-redirs 3 -A Mozilla/5.0 https://apex.api.macrocosmos.ai/actuator/beans
2026-08-31 16:28:46,885 [INFO] redscanner.runner: Running: curl -s -o /dev/null -w %{http_code} --max-time 8 --max-redirs 3 -A Mozilla/5.0 https://apex.api.macrocosmos.ai/actuator/mappings
2026-08-31 16:28:47,171 [INFO] redscanner.runner: Running: curl -s -o /dev/null -w %{http_code} --max-time 8 --max-redirs 3 -A Mozilla/5.0 https://apex.api.macrocosmos.ai/health
2026-08-31 16:28:47,464 [INFO] redscanner.runner: Running: curl -s -o /dev/null -w %{http_code} --max-time 8 --max-redirs 3 -A Mozilla/5.0 https://apex.api.macrocosmos.ai/healthz
2026-08-31 16:28:47,758 [INFO] redscanner.runner: Running: curl -s -o /dev/null -w %{http_code} --max-time 8 --max-redirs 3 -A Mozilla/5.0 https://apex.api.macrocosmos.ai/status
2026-08-31 16:28:48,033 [INFO] redscanner.runner: Running: curl -s -o /dev/null -w %{http_code} --max-time 8 --max-redirs 3 -A Mozilla/5.0 https://apex.api.macrocosmos.ai/metrics
2026-08-31 16:28:48,522 [INFO] redscanner.runner: Running: curl -s -o /dev/null -w %{http_code} --max-time 8 --max-redirs 3 -A Mozilla/5.0 https://apex.api.macrocosmos.ai/prometheus
2026-08-31 16:28:48,809 [INFO] redscanner.runner: Running: curl -s -o /dev/null -w %{http_code} --max-time 8 --max-redirs 3 -A Mozilla/5.0 https://apex.api.macrocosmos.ai/api
2026-08-31 16:28:49,101 [INFO] redscanner.runner: Running: curl -s -o /dev/null -w %{http_code} --max-time 8 --max-redirs 3 -A Mozilla/5.0 https://apex.api.macrocosmos.ai/api/v1
2026-08-31 16:28:49,385 [INFO] redscanner.runner: Running: curl -s -o /dev/null -w %{http_code} --max-time 8 --max-redirs 3 -A Mozilla/5.0 https://apex.api.macrocosmos.ai/api/v2
2026-08-31 16:28:49,682 [INFO] redscanner.runner: Running: curl -s -o /dev/null -w %{http_code} --max-time 8 --max-redirs 3 -A Mozilla/5.0 https://apex.api.macrocosmos.ai/api/v1/users
2026-08-31 16:28:49,972 [INFO] redscanner.runner: Running: curl -s -o /dev/null -w %{http_code} --max-time 8 --max-redirs 3 -A Mozilla/5.0 https://apex.api.macrocosmos.ai/api/v1/admin
2026-08-31 16:28:50,248 [INFO] redscanner.runner: Running: curl -s -o /dev/null -w %{http_code} --max-time 8 --max-redirs 3 -A Mozilla/5.0 https://apex.api.macrocosmos.ai/api/v1/config
2026-08-31 16:28:50,540 [INFO] redscanner.runner: Running: curl -s -o /dev/null -w %{http_code} --max-time 8 --max-redirs 3 -A Mozilla/5.0 https://apex.api.macrocosmos.ai/upload
2026-08-31 16:28:50,832 [INFO] redscanner.runner: Running: curl -s -o /dev/null -w %{http_code} --max-time 8 --max-redirs 3 -A Mozilla/5.0 https://apex.api.macrocosmos.ai/uploads
2026-08-31 16:28:51,104 [INFO] redscanner.runner: Running: curl -s -o /dev/null -w %{http_code} --max-time 8 --max-redirs 3 -A Mozilla/5.0 https://apex.api.macrocosmos.ai/files
2026-08-31 16:28:51,371 [INFO] redscanner.runner: Running: curl -s -o /dev/null -w %{http_code} --max-time 8 --max-redirs 3 -A Mozilla/5.0 https://apex.api.macrocosmos.ai/static
2026-08-31 16:28:51,650 [INFO] redscanner.runner: Running: curl -s -o /dev/null -w %{http_code} --max-time 8 --max-redirs 3 -A Mozilla/5.0 https://apex.api.macrocosmos.ai/assets
2026-08-31 16:28:51,941 [INFO] redscanner.runner: Running: curl -s -o /dev/null -w %{http_code} --max-time 8 --max-redirs 3 -A Mozilla/5.0 https://apex.api.macrocosmos.ai/robots.txt
2026-08-31 16:28:52,231 [INFO] redscanner.runner: Running: curl -s -o /dev/null -w %{http_code} --max-time 8 --max-redirs 3 -A Mozilla/5.0 https://apex.api.macrocosmos.ai/sitemap.xml
2026-08-31 16:28:52,514 [INFO] redscanner.runner: Running: curl -s -o /dev/null -w %{http_code} --max-time 8 --max-redirs 3 -A Mozilla/5.0 https://apex.api.macrocosmos.ai/crossdomain.xml
2026-08-31 16:28:52,803 [INFO] redscanner.runner: Running: curl -s -o /dev/null -w %{http_code} --max-time 8 --max-redirs 3 -A Mozilla/5.0 https://apex.api.macrocosmos.ai/.well-known/security.txt
2026-08-31 16:28:53,075 [INFO] redscanner: Dirbust scanner reported 2 findings
2026-08-31 16:28:53,079 [INFO] redscanner: ============================================================
2026-08-31 16:28:53,079 [INFO] redscanner: Generating Reports
2026-08-31 16:28:53,079 [INFO] redscanner: ============================================================
2026-08-31 16:28:53,080 [INFO] redscanner.report: JSON report: output/apex.api.macrocosmos.ai/20260831_161828/report.json
2026-08-31 16:28:53,080 [INFO] redscanner.report: Surface JSON: output/apex.api.macrocosmos.ai/20260831_161828/surface.json
2026-08-31 16:28:53,080 [INFO] redscanner.report: Markdown report: output/apex.api.macrocosmos.ai/20260831_161828/report.md
2026-08-31 16:28:53,081 [INFO] redscanner.report: HTML report: output/apex.api.macrocosmos.ai/20260831_161828/report.html
2026-08-31 16:28:53,081 [INFO] redscanner.report: SARIF report: output/apex.api.macrocosmos.ai/20260831_161828/report.sarif
2026-08-31 16:28:53,081 [INFO] redscanner.report: Reports written to output/apex.api.macrocosmos.ai/20260831_161828
2026-08-31 16:28:53,081 [INFO] redscanner: 
2026-08-31 16:28:53,081 [INFO] redscanner: ============================================================
2026-08-31 16:28:53,081 [INFO] redscanner: SCAN COMPLETE — 20260831_161828
2026-08-31 16:28:53,081 [INFO] redscanner: Target: apex.api.macrocosmos.ai
2026-08-31 16:28:53,081 [INFO] redscanner: Duration: 624.6s
2026-08-31 16:28:53,082 [INFO] redscanner: Assets discovered: 0
2026-08-31 16:28:53,082 [INFO] redscanner: Total findings: 2
2026-08-31 16:28:53,082 [INFO] redscanner:   Critical: 0  High: 0  Medium: 2  Low: 0  Info: 0
2026-08-31 16:28:53,082 [INFO] redscanner: Reports saved to: output/apex.api.macrocosmos.ai/20260831_161828
2026-08-31 16:28:53,082 [INFO] redscanner: ============================================================
2026-08-31 16:28:53,082 [INFO] redscanner: Scan completed successfully — resume.cfg cleared
2026-08-31 16:30:47,014 [INFO] redscanner: RedScanner v0.4 — scan 20260831_163047 against apex.api.macrocosmos.ai
2026-08-31 16:30:47,014 [INFO] redscanner: Engagement plan: Red team engagement plan
2026-08-31 16:30:47,014 [INFO] redscanner: Frameworks: MITRE ATT&CK (Enterprise + Cloud + Recon); PTES — Penetration Testing Execution Standard; OWASP Web Security Testing Guide (WSTG); NIST SP 800-115 — Technical Guide for Security Testing
2026-08-31 16:30:47,014 [INFO] redscanner: Modules (ordered): recon, wayback, naabu, nuclei, xss, sqli, api_leak, header_check, http_methods, cors, tls, dirbust, cdn_bypass, nikto
2026-08-31 16:30:47,014 [INFO] redscanner: Output: output/apex.api.macrocosmos.ai/20260831_163047
2026-08-31 16:30:47,017 [INFO] redscanner: External tools on PATH: subfinder, httpx, assetfinder, xcrawl3r, waybackurls, gau, naabu, nuclei, dalfox, sqlmap, nikto, gobuster, ffuf, testssl.sh
2026-08-31 16:30:47,017 [INFO] redscanner: ============================================================
2026-08-31 16:30:47,017 [INFO] redscanner: PHASE: Reconnaissance (subfinder, assetfinder, httpx, xcrawl3r)
2026-08-31 16:30:47,017 [INFO] redscanner: ============================================================
2026-08-31 16:30:47,017 [INFO] redscanner.runner: Running: subfinder -d apex.api.macrocosmos.ai -silent -all
2026-08-31 16:31:13,748 [INFO] redscanner: subfinder found 0 subdomains
2026-08-31 16:31:13,750 [INFO] redscanner.runner: Running: assetfinder apex.api.macrocosmos.ai
2026-08-31 16:31:24,064 [INFO] redscanner: assetfinder added 1 hostnames
2026-08-31 16:31:24,066 [INFO] redscanner.runner: Running: httpx -l /tmp/tmppa5suu8s.txt -json -status-code -title -tech-detect -silent
2026-08-31 16:31:24,357 [INFO] redscanner: Discovered 0 HTTP assets
2026-08-31 16:31:24,358 [INFO] redscanner: ============================================================
2026-08-31 16:31:24,358 [INFO] redscanner: PHASE: Historical URLs (waybackurls, gau)
2026-08-31 16:31:24,358 [INFO] redscanner: ============================================================
2026-08-31 16:31:24,359 [INFO] redscanner.runner: Running: waybackurls
2026-08-31 16:31:24,659 [INFO] redscanner.runner: Running: gau apex.api.macrocosmos.ai
2026-08-31 16:32:47,666 [INFO] redscanner: Wayback/gau collected 0 URLs (cap 500)
2026-08-31 16:32:47,666 [INFO] redscanner: Collected 0 historical URLs for downstream scanners
2026-08-31 16:32:47,667 [INFO] redscanner: ============================================================
2026-08-31 16:32:47,667 [INFO] redscanner: PHASE: Port scan (naabu)
2026-08-31 16:32:47,667 [INFO] redscanner: ============================================================
2026-08-31 16:32:47,669 [INFO] redscanner.runner: Running: naabu -l output/apex.api.macrocosmos.ai/20260831_163047/recon/naabu_hosts.txt -silent -top-ports 1000 -rate 500
2026-08-31 16:32:59,463 [INFO] redscanner: naabu reported 2 open ports (info findings)
2026-08-31 16:32:59,466 [INFO] redscanner: ============================================================
2026-08-31 16:32:59,466 [INFO] redscanner: PHASE: Nuclei
2026-08-31 16:32:59,466 [INFO] redscanner: ============================================================
2026-08-31 16:32:59,467 [INFO] redscanner: Nuclei template exclude tags: dos,fuzz
2026-08-31 16:32:59,467 [INFO] redscanner.runner: Running: nuclei -l /tmp/tmpilowopzx.txt -json -silent -severity critical,high,medium,low -rate-limit 50 -c 10 -etags dos,fuzz
2026-08-31 16:32:59,778 [INFO] redscanner: Nuclei reported 0 findings
2026-08-31 16:32:59,778 [INFO] redscanner: ============================================================
2026-08-31 16:32:59,778 [INFO] redscanner: PHASE: XSS (dalfox)
2026-08-31 16:32:59,779 [INFO] redscanner: ============================================================
2026-08-31 16:32:59,779 [INFO] redscanner.runner: Running: dalfox url https://apex.api.macrocosmos.ai --format json --silence --timeout 30 --worker 10
2026-08-31 16:33:00,041 [INFO] redscanner: Dalfox reported 0 findings
2026-08-31 16:33:00,042 [INFO] redscanner: ============================================================
2026-08-31 16:33:00,042 [INFO] redscanner: PHASE: SQLi (sqlmap)
2026-08-31 16:33:00,042 [INFO] redscanner: ============================================================
2026-08-31 16:33:00,042 [INFO] redscanner.runner: Running: sqlmap -u https://apex.api.macrocosmos.ai --batch --smart --level 2 --risk 1 --output-dir output/apex.api.macrocosmos.ai/20260831_163047/sqlmap --forms --crawl=2
2026-08-31 16:33:05,711 [INFO] redscanner: SQLmap reported 0 findings
2026-08-31 16:33:05,712 [INFO] redscanner: ============================================================
2026-08-31 16:33:05,712 [INFO] redscanner: PHASE: API / secret patterns in JS
2026-08-31 16:33:05,712 [INFO] redscanner: ============================================================
2026-08-31 16:33:05,713 [INFO] redscanner.runner: Running: xcrawl3r -u https://apex.api.macrocosmos.ai
2026-08-31 16:33:06,477 [INFO] redscanner: API leak scan reported 0 findings
2026-08-31 16:33:06,478 [INFO] redscanner: ============================================================
2026-08-31 16:33:06,478 [INFO] redscanner: PHASE: HTTP Security Headers (curl HEAD)
2026-08-31 16:33:06,478 [INFO] redscanner: ============================================================
2026-08-31 16:33:06,479 [INFO] redscanner.runner: Running: curl -s -I -L --max-time 10 -A Mozilla/5.0 https://apex.api.macrocosmos.ai
2026-08-31 16:33:06,801 [INFO] redscanner: Header scanner reported 6 findings
2026-08-31 16:33:06,805 [INFO] redscanner: ============================================================
2026-08-31 16:33:06,805 [INFO] redscanner: PHASE: HTTP method audit (WSTG-CONF-06)
2026-08-31 16:33:06,805 [INFO] redscanner: ============================================================
2026-08-31 16:33:06,805 [INFO] redscanner.runner: Running: curl -s -i -X OPTIONS -L --max-time 30 -A Mozilla/5.0 https://apex.api.macrocosmos.ai
2026-08-31 16:33:07,111 [INFO] redscanner.runner: Running: curl -s -i -X TRACE -L --max-time 30 -A Mozilla/5.0 https://apex.api.macrocosmos.ai
2026-08-31 16:33:07,388 [INFO] redscanner: HTTP methods scanner reported 0 findings
2026-08-31 16:33:07,389 [INFO] redscanner: ============================================================
2026-08-31 16:33:07,390 [INFO] redscanner: PHASE: CORS misconfiguration (WSTG-CLIENT-07)
2026-08-31 16:33:07,390 [INFO] redscanner: ============================================================
2026-08-31 16:33:07,390 [INFO] redscanner.runner: Running: curl -s -I -L --max-time 30 -A Mozilla/5.0 https://apex.api.macrocosmos.ai
2026-08-31 16:33:07,688 [INFO] redscanner.runner: Running: curl -s -I -L --max-time 30 -A Mozilla/5.0 -H Origin: https://evil.example.com https://apex.api.macrocosmos.ai
2026-08-31 16:33:07,969 [INFO] redscanner.runner: Running: curl -s -I -L --max-time 30 -A Mozilla/5.0 -H Origin: null https://apex.api.macrocosmos.ai
2026-08-31 16:33:08,277 [INFO] redscanner.runner: Running: curl -s -I -L --max-time 30 -A Mozilla/5.0 -H Origin: https://attacker-apex.api.macrocosmos.ai https://apex.api.macrocosmos.ai
2026-08-31 16:33:08,570 [INFO] redscanner.runner: Running: curl -s -I -L --max-time 30 -A Mozilla/5.0 -H Origin: https://evil.apex.api.macrocosmos.ai https://apex.api.macrocosmos.ai
2026-08-31 16:33:08,877 [INFO] redscanner: CORS scanner reported 4 findings
2026-08-31 16:33:08,880 [INFO] redscanner: ============================================================
2026-08-31 16:33:08,880 [INFO] redscanner: PHASE: TLS/SSL assessment (WSTG-CRYP-01)
2026-08-31 16:33:08,880 [INFO] redscanner: ============================================================
2026-08-31 16:33:08,880 [INFO] redscanner: TLS scanner: using testssl.sh
2026-08-31 16:33:08,880 [INFO] redscanner.runner: Running: testssl.sh --jsonfile /tmp/tmpobel_k2b.json --severity LOW --quiet --color 0 --warnings off apex.api.macrocosmos.ai:443
2026-08-31 16:35:48,354 [INFO] redscanner: TLS scanner reported 5 findings
2026-08-31 16:35:48,368 [INFO] redscanner: ============================================================
2026-08-31 16:35:48,369 [INFO] redscanner: PHASE: Directory / file brute-force (WSTG-CONF-05)
2026-08-31 16:35:48,369 [INFO] redscanner: ============================================================
2026-08-31 16:35:48,380 [INFO] redscanner: dirbust: detected gobuster v2-style CLI — using -m dir
2026-08-31 16:35:48,381 [INFO] redscanner.runner: Running: gobuster -m dir -u https://apex.api.macrocosmos.ai -w /home/red/assets/wordlists/all.txt -x php,html,txt,bak,zip,sql -q -np -t 10 -to 30s -s 200,204,301,302,307,401,403 -a Mozilla/5.0
2026-08-31 16:45:48,409 [ERROR] redscanner.runner: Tool timed out after 600s: gobuster
2026-08-31 16:45:48,409 [WARNING] redscanner: dirbust: gobuster returned no results (rc=-1) — relying on built-in probe. stderr: timeout
2026-08-31 16:45:48,410 [INFO] redscanner.runner: Running: curl -s -o /dev/null -w %{http_code} --max-time 8 --max-redirs 3 -A Mozilla/5.0 https://apex.api.macrocosmos.ai/admin
2026-08-31 16:45:48,700 [INFO] redscanner.runner: Running: curl -s -o /dev/null -w %{http_code} --max-time 8 --max-redirs 3 -A Mozilla/5.0 https://apex.api.macrocosmos.ai/admin/
2026-08-31 16:45:48,990 [INFO] redscanner.runner: Running: curl -s -o /dev/null -w %{http_code} --max-time 8 --max-redirs 3 -A Mozilla/5.0 https://apex.api.macrocosmos.ai/administrator
2026-08-31 16:45:49,260 [INFO] redscanner.runner: Running: curl -s -o /dev/null -w %{http_code} --max-time 8 --max-redirs 3 -A Mozilla/5.0 https://apex.api.macrocosmos.ai/administrator/
2026-08-31 16:45:49,534 [INFO] redscanner.runner: Running: curl -s -o /dev/null -w %{http_code} --max-time 8 --max-redirs 3 -A Mozilla/5.0 https://apex.api.macrocosmos.ai/admin/login
2026-08-31 16:45:49,825 [INFO] redscanner.runner: Running: curl -s -o /dev/null -w %{http_code} --max-time 8 --max-redirs 3 -A Mozilla/5.0 https://apex.api.macrocosmos.ai/admin/login.php
2026-08-31 16:45:50,112 [INFO] redscanner.runner: Running: curl -s -o /dev/null -w %{http_code} --max-time 8 --max-redirs 3 -A Mozilla/5.0 https://apex.api.macrocosmos.ai/manager
2026-08-31 16:45:50,401 [INFO] redscanner.runner: Running: curl -s -o /dev/null -w %{http_code} --max-time 8 --max-redirs 3 -A Mozilla/5.0 https://apex.api.macrocosmos.ai/manager/
2026-08-31 16:45:50,684 [INFO] redscanner.runner: Running: curl -s -o /dev/null -w %{http_code} --max-time 8 --max-redirs 3 -A Mozilla/5.0 https://apex.api.macrocosmos.ai/console
2026-08-31 16:45:50,980 [INFO] redscanner.runner: Running: curl -s -o /dev/null -w %{http_code} --max-time 8 --max-redirs 3 -A Mozilla/5.0 https://apex.api.macrocosmos.ai/console/
2026-08-31 16:45:51,263 [INFO] redscanner.runner: Running: curl -s -o /dev/null -w %{http_code} --max-time 8 --max-redirs 3 -A Mozilla/5.0 https://apex.api.macrocosmos.ai/panel
2026-08-31 16:45:51,535 [INFO] redscanner.runner: Running: curl -s -o /dev/null -w %{http_code} --max-time 8 --max-redirs 3 -A Mozilla/5.0 https://apex.api.macrocosmos.ai/panel/
2026-08-31 16:45:51,818 [INFO] redscanner.runner: Running: curl -s -o /dev/null -w %{http_code} --max-time 8 --max-redirs 3 -A Mozilla/5.0 https://apex.api.macrocosmos.ai/dashboard
2026-08-31 16:45:52,092 [INFO] redscanner.runner: Running: curl -s -o /dev/null -w %{http_code} --max-time 8 --max-redirs 3 -A Mozilla/5.0 https://apex.api.macrocosmos.ai/dashboard/
2026-08-31 16:45:52,400 [INFO] redscanner.runner: Running: curl -s -o /dev/null -w %{http_code} --max-time 8 --max-redirs 3 -A Mozilla/5.0 https://apex.api.macrocosmos.ai/controlpanel
2026-08-31 16:45:52,685 [INFO] redscanner.runner: Running: curl -s -o /dev/null -w %{http_code} --max-time 8 --max-redirs 3 -A Mozilla/5.0 https://apex.api.macrocosmos.ai/control
2026-08-31 16:45:52,970 [INFO] redscanner.runner: Running: curl -s -o /dev/null -w %{http_code} --max-time 8 --max-redirs 3 -A Mozilla/5.0 https://apex.api.macrocosmos.ai/backend
2026-08-31 16:45:53,264 [INFO] redscanner.runner: Running: curl -s -o /dev/null -w %{http_code} --max-time 8 --max-redirs 3 -A Mozilla/5.0 https://apex.api.macrocosmos.ai/login
2026-08-31 16:45:53,538 [INFO] redscanner.runner: Running: curl -s -o /dev/null -w %{http_code} --max-time 8 --max-redirs 3 -A Mozilla/5.0 https://apex.api.macrocosmos.ai/login.php
2026-08-31 16:45:53,828 [INFO] redscanner.runner: Running: curl -s -o /dev/null -w %{http_code} --max-time 8 --max-redirs 3 -A Mozilla/5.0 https://apex.api.macrocosmos.ai/signin
2026-08-31 16:45:54,115 [INFO] redscanner.runner: Running: curl -s -o /dev/null -w %{http_code} --max-time 8 --max-redirs 3 -A Mozilla/5.0 https://apex.api.macrocosmos.ai/auth
2026-08-31 16:45:54,403 [INFO] redscanner.runner: Running: curl -s -o /dev/null -w %{http_code} --max-time 8 --max-redirs 3 -A Mozilla/5.0 https://apex.api.macrocosmos.ai/.env
2026-08-31 16:45:54,686 [INFO] redscanner.runner: Running: curl -s -o /dev/null -w %{http_code} --max-time 8 --max-redirs 3 -A Mozilla/5.0 https://apex.api.macrocosmos.ai/.env.local
2026-08-31 16:45:54,983 [INFO] redscanner.runner: Running: curl -s -o /dev/null -w %{http_code} --max-time 8 --max-redirs 3 -A Mozilla/5.0 https://apex.api.macrocosmos.ai/.env.production
2026-08-31 16:45:55,271 [INFO] redscanner.runner: Running: curl -s -o /dev/null -w %{http_code} --max-time 8 --max-redirs 3 -A Mozilla/5.0 https://apex.api.macrocosmos.ai/.env.backup
2026-08-31 16:45:55,726 [INFO] redscanner.runner: Running: curl -s -o /dev/null -w %{http_code} --max-time 8 --max-redirs 3 -A Mozilla/5.0 https://apex.api.macrocosmos.ai/.git
2026-08-31 16:45:56,034 [INFO] redscanner.runner: Running: curl -s -o /dev/null -w %{http_code} --max-time 8 --max-redirs 3 -A Mozilla/5.0 https://apex.api.macrocosmos.ai/.git/config
2026-08-31 16:45:56,317 [INFO] redscanner.runner: Running: curl -s -o /dev/null -w %{http_code} --max-time 8 --max-redirs 3 -A Mozilla/5.0 https://apex.api.macrocosmos.ai/.git/HEAD
2026-08-31 16:45:56,606 [INFO] redscanner.runner: Running: curl -s -o /dev/null -w %{http_code} --max-time 8 --max-redirs 3 -A Mozilla/5.0 https://apex.api.macrocosmos.ai/web.config
2026-08-31 16:45:56,909 [INFO] redscanner.runner: Running: curl -s -o /dev/null -w %{http_code} --max-time 8 --max-redirs 3 -A Mozilla/5.0 https://apex.api.macrocosmos.ai/.htaccess
2026-08-31 16:45:57,196 [INFO] redscanner.runner: Running: curl -s -o /dev/null -w %{http_code} --max-time 8 --max-redirs 3 -A Mozilla/5.0 https://apex.api.macrocosmos.ai/.htpasswd
2026-08-31 16:45:57,467 [INFO] redscanner.runner: Running: curl -s -o /dev/null -w %{http_code} --max-time 8 --max-redirs 3 -A Mozilla/5.0 https://apex.api.macrocosmos.ai/wp-config.php
2026-08-31 16:45:57,746 [INFO] redscanner.runner: Running: curl -s -o /dev/null -w %{http_code} --max-time 8 --max-redirs 3 -A Mozilla/5.0 https://apex.api.macrocosmos.ai/config.php
2026-08-31 16:45:58,037 [INFO] redscanner.runner: Running: curl -s -o /dev/null -w %{http_code} --max-time 8 --max-redirs 3 -A Mozilla/5.0 https://apex.api.macrocosmos.ai/config.inc.php
2026-08-31 16:45:58,313 [INFO] redscanner.runner: Running: curl -s -o /dev/null -w %{http_code} --max-time 8 --max-redirs 3 -A Mozilla/5.0 https://apex.api.macrocosmos.ai/configuration.php
2026-08-31 16:45:58,616 [INFO] redscanner.runner: Running: curl -s -o /dev/null -w %{http_code} --max-time 8 --max-redirs 3 -A Mozilla/5.0 https://apex.api.macrocosmos.ai/settings.php
2026-08-31 16:45:58,909 [INFO] redscanner.runner: Running: curl -s -o /dev/null -w %{http_code} --max-time 8 --max-redirs 3 -A Mozilla/5.0 https://apex.api.macrocosmos.ai/database.php
2026-08-31 16:45:59,193 [INFO] redscanner.runner: Running: curl -s -o /dev/null -w %{http_code} --max-time 8 --max-redirs 3 -A Mozilla/5.0 https://apex.api.macrocosmos.ai/app.config
2026-08-31 16:45:59,479 [INFO] redscanner.runner: Running: curl -s -o /dev/null -w %{http_code} --max-time 8 --max-redirs 3 -A Mozilla/5.0 https://apex.api.macrocosmos.ai/appsettings.json
2026-08-31 16:45:59,767 [INFO] redscanner.runner: Running: curl -s -o /dev/null -w %{http_code} --max-time 8 --max-redirs 3 -A Mozilla/5.0 https://apex.api.macrocosmos.ai/backup
2026-08-31 16:46:00,036 [INFO] redscanner.runner: Running: curl -s -o /dev/null -w %{http_code} --max-time 8 --max-redirs 3 -A Mozilla/5.0 https://apex.api.macrocosmos.ai/backup.zip
2026-08-31 16:46:00,331 [INFO] redscanner.runner: Running: curl -s -o /dev/null -w %{http_code} --max-time 8 --max-redirs 3 -A Mozilla/5.0 https://apex.api.macrocosmos.ai/backup.tar.gz
2026-08-31 16:46:00,629 [INFO] redscanner.runner: Running: curl -s -o /dev/null -w %{http_code} --max-time 8 --max-redirs 3 -A Mozilla/5.0 https://apex.api.macrocosmos.ai/backup.sql
2026-08-31 16:46:00,925 [INFO] redscanner.runner: Running: curl -s -o /dev/null -w %{http_code} --max-time 8 --max-redirs 3 -A Mozilla/5.0 https://apex.api.macrocosmos.ai/db.sql
2026-08-31 16:46:01,204 [INFO] redscanner.runner: Running: curl -s -o /dev/null -w %{http_code} --max-time 8 --max-redirs 3 -A Mozilla/5.0 https://apex.api.macrocosmos.ai/database.sql
2026-08-31 16:46:01,478 [INFO] redscanner.runner: Running: curl -s -o /dev/null -w %{http_code} --max-time 8 --max-redirs 3 -A Mozilla/5.0 https://apex.api.macrocosmos.ai/dump.sql
2026-08-31 16:46:01,767 [INFO] redscanner.runner: Running: curl -s -o /dev/null -w %{http_code} --max-time 8 --max-redirs 3 -A Mozilla/5.0 https://apex.api.macrocosmos.ai/db_backup.sql
2026-08-31 16:46:02,051 [INFO] redscanner.runner: Running: curl -s -o /dev/null -w %{http_code} --max-time 8 --max-redirs 3 -A Mozilla/5.0 https://apex.api.macrocosmos.ai/site.tar.gz
2026-08-31 16:46:02,335 [INFO] redscanner.runner: Running: curl -s -o /dev/null -w %{http_code} --max-time 8 --max-redirs 3 -A Mozilla/5.0 https://apex.api.macrocosmos.ai/site.zip
2026-08-31 16:46:02,619 [INFO] redscanner.runner: Running: curl -s -o /dev/null -w %{http_code} --max-time 8 --max-redirs 3 -A Mozilla/5.0 https://apex.api.macrocosmos.ai/www.zip
2026-08-31 16:46:02,904 [INFO] redscanner.runner: Running: curl -s -o /dev/null -w %{http_code} --max-time 8 --max-redirs 3 -A Mozilla/5.0 https://apex.api.macrocosmos.ai/phpinfo.php
2026-08-31 16:46:03,192 [INFO] redscanner.runner: Running: curl -s -o /dev/null -w %{http_code} --max-time 8 --max-redirs 3 -A Mozilla/5.0 https://apex.api.macrocosmos.ai/info.php
2026-08-31 16:46:03,481 [INFO] redscanner.runner: Running: curl -s -o /dev/null -w %{http_code} --max-time 8 --max-redirs 3 -A Mozilla/5.0 https://apex.api.macrocosmos.ai/test.php
2026-08-31 16:46:03,764 [INFO] redscanner.runner: Running: curl -s -o /dev/null -w %{http_code} --max-time 8 --max-redirs 3 -A Mozilla/5.0 https://apex.api.macrocosmos.ai/server-status
2026-08-31 16:46:04,035 [INFO] redscanner.runner: Running: curl -s -o /dev/null -w %{http_code} --max-time 8 --max-redirs 3 -A Mozilla/5.0 https://apex.api.macrocosmos.ai/server-info
2026-08-31 16:46:04,325 [INFO] redscanner.runner: Running: curl -s -o /dev/null -w %{http_code} --max-time 8 --max-redirs 3 -A Mozilla/5.0 https://apex.api.macrocosmos.ai/debug
2026-08-31 16:46:04,620 [INFO] redscanner.runner: Running: curl -s -o /dev/null -w %{http_code} --max-time 8 --max-redirs 3 -A Mozilla/5.0 https://apex.api.macrocosmos.ai/debug/
2026-08-31 16:46:04,892 [INFO] redscanner.runner: Running: curl -s -o /dev/null -w %{http_code} --max-time 8 --max-redirs 3 -A Mozilla/5.0 https://apex.api.macrocosmos.ai/test
2026-08-31 16:46:05,181 [INFO] redscanner.runner: Running: curl -s -o /dev/null -w %{http_code} --max-time 8 --max-redirs 3 -A Mozilla/5.0 https://apex.api.macrocosmos.ai/dev
2026-08-31 16:46:05,474 [INFO] redscanner.runner: Running: curl -s -o /dev/null -w %{http_code} --max-time 8 --max-redirs 3 -A Mozilla/5.0 https://apex.api.macrocosmos.ai/staging
2026-08-31 16:46:05,763 [INFO] redscanner.runner: Running: curl -s -o /dev/null -w %{http_code} --max-time 8 --max-redirs 3 -A Mozilla/5.0 https://apex.api.macrocosmos.ai/actuator
2026-08-31 16:46:06,361 [INFO] redscanner.runner: Running: curl -s -o /dev/null -w %{http_code} --max-time 8 --max-redirs 3 -A Mozilla/5.0 https://apex.api.macrocosmos.ai/actuator/health
2026-08-31 16:46:06,659 [INFO] redscanner.runner: Running: curl -s -o /dev/null -w %{http_code} --max-time 8 --max-redirs 3 -A Mozilla/5.0 https://apex.api.macrocosmos.ai/actuator/env
2026-08-31 16:46:06,951 [INFO] redscanner.runner: Running: curl -s -o /dev/null -w %{http_code} --max-time 8 --max-redirs 3 -A Mozilla/5.0 https://apex.api.macrocosmos.ai/actuator/beans
2026-08-31 16:46:07,227 [INFO] redscanner.runner: Running: curl -s -o /dev/null -w %{http_code} --max-time 8 --max-redirs 3 -A Mozilla/5.0 https://apex.api.macrocosmos.ai/actuator/mappings
2026-08-31 16:46:07,520 [INFO] redscanner.runner: Running: curl -s -o /dev/null -w %{http_code} --max-time 8 --max-redirs 3 -A Mozilla/5.0 https://apex.api.macrocosmos.ai/health
2026-08-31 16:46:07,820 [INFO] redscanner.runner: Running: curl -s -o /dev/null -w %{http_code} --max-time 8 --max-redirs 3 -A Mozilla/5.0 https://apex.api.macrocosmos.ai/healthz
2026-08-31 16:46:08,111 [INFO] redscanner.runner: Running: curl -s -o /dev/null -w %{http_code} --max-time 8 --max-redirs 3 -A Mozilla/5.0 https://apex.api.macrocosmos.ai/status
2026-08-31 16:46:08,379 [INFO] redscanner.runner: Running: curl -s -o /dev/null -w %{http_code} --max-time 8 --max-redirs 3 -A Mozilla/5.0 https://apex.api.macrocosmos.ai/metrics
2026-08-31 16:46:08,828 [INFO] redscanner.runner: Running: curl -s -o /dev/null -w %{http_code} --max-time 8 --max-redirs 3 -A Mozilla/5.0 https://apex.api.macrocosmos.ai/prometheus
2026-08-31 16:46:09,112 [INFO] redscanner.runner: Running: curl -s -o /dev/null -w %{http_code} --max-time 8 --max-redirs 3 -A Mozilla/5.0 https://apex.api.macrocosmos.ai/api
2026-08-31 16:46:09,405 [INFO] redscanner.runner: Running: curl -s -o /dev/null -w %{http_code} --max-time 8 --max-redirs 3 -A Mozilla/5.0 https://apex.api.macrocosmos.ai/api/v1
2026-08-31 16:46:09,727 [INFO] redscanner.runner: Running: curl -s -o /dev/null -w %{http_code} --max-time 8 --max-redirs 3 -A Mozilla/5.0 https://apex.api.macrocosmos.ai/api/v2
2026-08-31 16:46:10,033 [INFO] redscanner.runner: Running: curl -s -o /dev/null -w %{http_code} --max-time 8 --max-redirs 3 -A Mozilla/5.0 https://apex.api.macrocosmos.ai/api/v1/users
2026-08-31 16:46:10,315 [INFO] redscanner.runner: Running: curl -s -o /dev/null -w %{http_code} --max-time 8 --max-redirs 3 -A Mozilla/5.0 https://apex.api.macrocosmos.ai/api/v1/admin
2026-08-31 16:46:10,603 [INFO] redscanner.runner: Running: curl -s -o /dev/null -w %{http_code} --max-time 8 --max-redirs 3 -A Mozilla/5.0 https://apex.api.macrocosmos.ai/api/v1/config
2026-08-31 16:46:10,885 [INFO] redscanner.runner: Running: curl -s -o /dev/null -w %{http_code} --max-time 8 --max-redirs 3 -A Mozilla/5.0 https://apex.api.macrocosmos.ai/upload
2026-08-31 16:46:11,173 [INFO] redscanner.runner: Running: curl -s -o /dev/null -w %{http_code} --max-time 8 --max-redirs 3 -A Mozilla/5.0 https://apex.api.macrocosmos.ai/uploads
2026-08-31 16:46:11,463 [INFO] redscanner.runner: Running: curl -s -o /dev/null -w %{http_code} --max-time 8 --max-redirs 3 -A Mozilla/5.0 https://apex.api.macrocosmos.ai/files
2026-08-31 16:46:11,746 [INFO] redscanner.runner: Running: curl -s -o /dev/null -w %{http_code} --max-time 8 --max-redirs 3 -A Mozilla/5.0 https://apex.api.macrocosmos.ai/static
2026-08-31 16:46:12,017 [INFO] redscanner.runner: Running: curl -s -o /dev/null -w %{http_code} --max-time 8 --max-redirs 3 -A Mozilla/5.0 https://apex.api.macrocosmos.ai/assets
2026-08-31 16:46:12,286 [INFO] redscanner.runner: Running: curl -s -o /dev/null -w %{http_code} --max-time 8 --max-redirs 3 -A Mozilla/5.0 https://apex.api.macrocosmos.ai/robots.txt
2026-08-31 16:46:12,577 [INFO] redscanner.runner: Running: curl -s -o /dev/null -w %{http_code} --max-time 8 --max-redirs 3 -A Mozilla/5.0 https://apex.api.macrocosmos.ai/sitemap.xml
2026-08-31 16:46:12,868 [INFO] redscanner.runner: Running: curl -s -o /dev/null -w %{http_code} --max-time 8 --max-redirs 3 -A Mozilla/5.0 https://apex.api.macrocosmos.ai/crossdomain.xml
2026-08-31 16:46:13,155 [INFO] redscanner.runner: Running: curl -s -o /dev/null -w %{http_code} --max-time 8 --max-redirs 3 -A Mozilla/5.0 https://apex.api.macrocosmos.ai/.well-known/security.txt
2026-08-31 16:46:13,442 [INFO] redscanner: Dirbust scanner reported 2 findings
2026-08-31 16:46:13,446 [INFO] redscanner: ============================================================
2026-08-31 16:46:13,446 [INFO] redscanner: PHASE: CDN/WAF bypass tests
2026-08-31 16:46:13,446 [INFO] redscanner: ============================================================
2026-08-31 16:46:13,446 [INFO] redscanner.runner: Running: curl -s -I -L --max-time 30 --max-redirs 3 -A Mozilla/5.0 https://apex.api.macrocosmos.ai
2026-08-31 16:46:13,725 [INFO] redscanner.runner: Running: curl -s -I -L --max-time 30 --max-redirs 3 -A Mozilla/5.0 -H Host: apex.api.macrocosmos.ai https://38.60.218.193/
2026-08-31 16:46:13,777 [INFO] redscanner.runner: Running: curl -s -I -L --max-time 30 --max-redirs 3 -A Mozilla/5.0 -H X-Forwarded-For: 127.0.0.1 https://apex.api.macrocosmos.ai
2026-08-31 16:46:14,048 [INFO] redscanner.runner: Running: curl -s -I -L --max-time 30 --max-redirs 3 -A Mozilla/5.0 -H X-Real-IP: 127.0.0.1 https://apex.api.macrocosmos.ai
2026-08-31 16:46:14,317 [INFO] redscanner.runner: Running: curl -s -I -L --max-time 30 --max-redirs 3 -A Mozilla/5.0 -H X-Originating-IP: 127.0.0.1 https://apex.api.macrocosmos.ai
2026-08-31 16:46:14,591 [INFO] redscanner.runner: Running: curl -s -I -L --max-time 30 --max-redirs 3 -A Mozilla/5.0 -H True-Client-IP: 127.0.0.1 https://apex.api.macrocosmos.ai
2026-08-31 16:46:14,878 [INFO] redscanner.runner: Running: curl -s -I -L --max-time 30 --max-redirs 3 -A Mozilla/5.0 -H X-Client-IP: 127.0.0.1 https://apex.api.macrocosmos.ai
2026-08-31 16:46:15,169 [INFO] redscanner.runner: Running: curl -s -I -L --max-time 30 --max-redirs 3 -A Mozilla/5.0 -H CF-Connecting-IP: 127.0.0.1 https://apex.api.macrocosmos.ai
2026-08-31 16:46:15,445 [INFO] redscanner.runner: Running: curl -s -I -L --max-time 30 --max-redirs 3 -A Mozilla/5.0 -H Fastly-Client-Ip: 127.0.0.1 https://apex.api.macrocosmos.ai
2026-08-31 16:46:15,739 [INFO] redscanner.runner: Running: curl -s -I -L --max-time 30 --max-redirs 3 -A Mozilla/5.0 -H X-Cluster-Client-IP: 127.0.0.1 https://apex.api.macrocosmos.ai
2026-08-31 16:46:16,026 [INFO] redscanner.runner: Running: curl -s -I -L --max-time 30 --max-redirs 3 -A Mozilla/5.0 -H X-Forwarded-For: 0.0.0.0 https://apex.api.macrocosmos.ai
2026-08-31 16:46:16,313 [INFO] redscanner.runner: Running: curl -s -I -L --max-time 30 --max-redirs 3 -A Mozilla/5.0 -H X-Forwarded-For: ::1 https://apex.api.macrocosmos.ai
2026-08-31 16:46:16,605 [INFO] redscanner.runner: Running: curl -s -I -L --max-time 30 --max-redirs 3 -A Mozilla/5.0 -H Host: evil-canary-host.example.com https://apex.api.macrocosmos.ai
2026-08-31 16:46:16,893 [INFO] redscanner.runner: Running: curl -s -I -L --max-time 30 --max-redirs 3 -A Mozilla/5.0 https://apex.api.macrocosmos.ai
2026-08-31 16:46:17,206 [INFO] redscanner.runner: Running: curl -s -I -L --max-time 30 --max-redirs 3 -A Mozilla/5.0 https://apex.api.macrocosmos.ai
2026-08-31 16:46:17,490 [INFO] redscanner: CDN bypass scanner reported 1 findings
2026-08-31 16:46:17,493 [INFO] redscanner: ============================================================
2026-08-31 16:46:17,494 [INFO] redscanner: PHASE: Nikto
2026-08-31 16:46:17,494 [INFO] redscanner: ============================================================
2026-08-31 16:46:17,494 [INFO] redscanner.runner: Running: nikto -h https://apex.api.macrocosmos.ai -maxtime 120s -useragent Mozilla/5.0
2026-08-31 16:46:17,628 [INFO] redscanner: nikto pass complete (1 hosts), parsed 0 lines
2026-08-31 16:46:17,629 [INFO] redscanner: Nikto parsed 0 notable lines
2026-08-31 16:46:17,629 [INFO] redscanner: ============================================================
2026-08-31 16:46:17,629 [INFO] redscanner: Generating Reports
2026-08-31 16:46:17,630 [INFO] redscanner: ============================================================
2026-08-31 16:46:17,632 [INFO] redscanner.report: JSON report: output/apex.api.macrocosmos.ai/20260831_163047/report.json
2026-08-31 16:46:17,632 [INFO] redscanner.report: Surface JSON: output/apex.api.macrocosmos.ai/20260831_163047/surface.json
2026-08-31 16:46:17,634 [INFO] redscanner.report: Markdown report: output/apex.api.macrocosmos.ai/20260831_163047/report.md
2026-08-31 16:46:17,637 [INFO] redscanner.report: HTML report: output/apex.api.macrocosmos.ai/20260831_163047/report.html
2026-08-31 16:46:17,639 [INFO] redscanner.report: SARIF report: output/apex.api.macrocosmos.ai/20260831_163047/report.sarif
2026-08-31 16:46:17,639 [INFO] redscanner.report: Reports written to output/apex.api.macrocosmos.ai/20260831_163047
2026-08-31 16:46:17,640 [INFO] redscanner: 
2026-08-31 16:46:17,640 [INFO] redscanner: ============================================================
2026-08-31 16:46:17,640 [INFO] redscanner: SCAN COMPLETE — 20260831_163047
2026-08-31 16:46:17,640 [INFO] redscanner: Target: apex.api.macrocosmos.ai
2026-08-31 16:46:17,640 [INFO] redscanner: Duration: 930.6s
2026-08-31 16:46:17,641 [INFO] redscanner: Assets discovered: 0
2026-08-31 16:46:17,641 [INFO] redscanner: Total findings: 20
2026-08-31 16:46:17,641 [INFO] redscanner:   Critical: 4  High: 0  Medium: 5  Low: 7  Info: 4
2026-08-31 16:46:17,641 [INFO] redscanner: Reports saved to: output/apex.api.macrocosmos.ai/20260831_163047
2026-08-31 16:46:17,641 [INFO] redscanner: ============================================================
2026-08-31 16:46:17,642 [INFO] redscanner: Scan completed successfully — resume.cfg cleared
2026-08-31 16:59:35,650 [INFO] redscanner: RedScanner v0.4.0 — scan 20260831_165935 against apex.api.macrocosmos.ai
2026-08-31 16:59:35,650 [INFO] redscanner: Engagement plan: Red team engagement plan
2026-08-31 16:59:35,650 [INFO] redscanner: Frameworks: MITRE ATT&CK (Enterprise + Cloud + Recon); PTES — Penetration Testing Execution Standard; OWASP Web Security Testing Guide (WSTG); NIST SP 800-115 — Technical Guide for Security Testing
2026-08-31 16:59:35,650 [INFO] redscanner: Modules (ordered): recon, wayback, naabu, nuclei, xss, sqli, api_leak, header_check, http_methods, cors, tls, dirbust, cdn_bypass, nikto
2026-08-31 16:59:35,650 [INFO] redscanner: Output: output/apex.api.macrocosmos.ai/20260831_165935
2026-08-31 16:59:35,653 [INFO] redscanner: External tools on PATH: subfinder, httpx, assetfinder, xcrawl3r, waybackurls, gau, naabu, nuclei, dalfox, sqlmap, nikto, gobuster, ffuf, testssl.sh
2026-08-31 16:59:35,653 [INFO] redscanner: ============================================================
2026-08-31 16:59:35,653 [INFO] redscanner: PHASE: Reconnaissance (subfinder, assetfinder, httpx, xcrawl3r)
2026-08-31 16:59:35,653 [INFO] redscanner: ============================================================
2026-08-31 16:59:35,654 [INFO] redscanner.runner: Running: subfinder -d apex.api.macrocosmos.ai -silent -all
2026-08-31 17:00:01,342 [INFO] redscanner: subfinder found 0 subdomains
2026-08-31 17:00:01,343 [INFO] redscanner.runner: Running: assetfinder apex.api.macrocosmos.ai
2026-08-31 17:00:13,525 [INFO] redscanner: assetfinder added 1 hostnames
2026-08-31 17:00:13,527 [INFO] redscanner.runner: Running: httpx -l /tmp/tmpvga47fbh.txt -json -status-code -title -tech-detect -silent
2026-08-31 17:00:13,821 [INFO] redscanner: Discovered 0 HTTP assets
2026-08-31 17:00:13,821 [INFO] redscanner: ============================================================
2026-08-31 17:00:13,822 [INFO] redscanner: PHASE: Historical URLs (waybackurls, gau)
2026-08-31 17:00:13,822 [INFO] redscanner: ============================================================
2026-08-31 17:00:13,823 [INFO] redscanner.runner: Running: waybackurls
2026-08-31 17:00:14,123 [INFO] redscanner.runner: Running: gau apex.api.macrocosmos.ai
2026-08-31 17:00:35,790 [INFO] redscanner: Wayback/gau collected 0 URLs (cap 500)
2026-08-31 17:00:35,790 [INFO] redscanner: Collected 0 historical URLs for downstream scanners
2026-08-31 17:00:35,791 [INFO] redscanner: ============================================================
2026-08-31 17:00:35,791 [INFO] redscanner: PHASE: Port scan (naabu)
2026-08-31 17:00:35,791 [INFO] redscanner: ============================================================
2026-08-31 17:00:35,792 [INFO] redscanner.runner: Running: naabu -l output/apex.api.macrocosmos.ai/20260831_165935/recon/naabu_hosts.txt -silent -top-ports 1000 -rate 500
2026-08-31 17:00:47,639 [INFO] redscanner: naabu reported 2 open ports (info findings)
2026-08-31 17:00:47,647 [INFO] redscanner: ============================================================
2026-08-31 17:00:47,647 [INFO] redscanner: PHASE: Nuclei
2026-08-31 17:00:47,648 [INFO] redscanner: ============================================================
2026-08-31 17:00:47,648 [INFO] redscanner: Nuclei template exclude tags: dos,fuzz
2026-08-31 17:00:47,648 [INFO] redscanner.runner: Running: nuclei -l /tmp/tmpq1lq7dxg.txt -json -silent -severity critical,high,medium,low -rate-limit 50 -c 10 -etags dos,fuzz
2026-08-31 17:00:47,943 [INFO] redscanner: Nuclei reported 0 findings
2026-08-31 17:00:47,944 [INFO] redscanner: ============================================================
2026-08-31 17:00:47,944 [INFO] redscanner: PHASE: XSS (dalfox)
2026-08-31 17:00:47,944 [INFO] redscanner: ============================================================
2026-08-31 17:00:47,945 [INFO] redscanner.runner: Running: dalfox url https://apex.api.macrocosmos.ai --format json --silence --timeout 30 --worker 10
2026-08-31 17:00:48,178 [INFO] redscanner: Dalfox reported 0 findings
2026-08-31 17:00:48,178 [INFO] redscanner: ============================================================
2026-08-31 17:00:48,178 [INFO] redscanner: PHASE: SQLi (sqlmap)
2026-08-31 17:00:48,179 [INFO] redscanner: ============================================================
2026-08-31 17:00:48,179 [INFO] redscanner.runner: Running: sqlmap -u https://apex.api.macrocosmos.ai --batch --smart --level 2 --risk 1 --output-dir output/apex.api.macrocosmos.ai/20260831_165935/sqlmap --forms --crawl=2
2026-08-31 17:00:54,145 [INFO] redscanner: SQLmap reported 0 findings
2026-08-31 17:00:54,146 [INFO] redscanner: ============================================================
2026-08-31 17:00:54,146 [INFO] redscanner: PHASE: API / secret patterns in JS
2026-08-31 17:00:54,146 [INFO] redscanner: ============================================================
2026-08-31 17:00:54,147 [INFO] redscanner.runner: Running: xcrawl3r -u https://apex.api.macrocosmos.ai
2026-08-31 17:00:54,928 [INFO] redscanner: API leak scan reported 0 findings
2026-08-31 17:00:54,929 [INFO] redscanner: ============================================================
2026-08-31 17:00:54,929 [INFO] redscanner: PHASE: HTTP Security Headers (curl HEAD)
2026-08-31 17:00:54,929 [INFO] redscanner: ============================================================
2026-08-31 17:00:54,930 [INFO] redscanner.runner: Running: curl -s -I -L --max-time 10 -A Mozilla/5.0 https://apex.api.macrocosmos.ai
2026-08-31 17:00:55,235 [INFO] redscanner: Header scanner reported 6 findings
2026-08-31 17:00:55,239 [INFO] redscanner: ============================================================
2026-08-31 17:00:55,239 [INFO] redscanner: PHASE: HTTP method audit (WSTG-CONF-06)
2026-08-31 17:00:55,239 [INFO] redscanner: ============================================================
2026-08-31 17:00:55,239 [INFO] redscanner.runner: Running: curl -s -i -X OPTIONS -L --max-time 30 -A Mozilla/5.0 https://apex.api.macrocosmos.ai
2026-08-31 17:00:55,545 [INFO] redscanner.runner: Running: curl -s -i -X TRACE -L --max-time 30 -A Mozilla/5.0 https://apex.api.macrocosmos.ai
2026-08-31 17:00:55,825 [INFO] redscanner: HTTP methods scanner reported 0 findings
2026-08-31 17:00:55,826 [INFO] redscanner: ============================================================
2026-08-31 17:00:55,826 [INFO] redscanner: PHASE: CORS misconfiguration (WSTG-CLIENT-07)
2026-08-31 17:00:55,826 [INFO] redscanner: ============================================================
2026-08-31 17:00:55,827 [INFO] redscanner.runner: Running: curl -s -I -L --max-time 30 -A Mozilla/5.0 https://apex.api.macrocosmos.ai
2026-08-31 17:00:56,127 [INFO] redscanner.runner: Running: curl -s -I -L --max-time 30 -A Mozilla/5.0 -H Origin: https://evil.example.com https://apex.api.macrocosmos.ai
2026-08-31 17:00:56,433 [INFO] redscanner.runner: Running: curl -s -I -L --max-time 30 -A Mozilla/5.0 -H Origin: null https://apex.api.macrocosmos.ai
2026-08-31 17:00:56,729 [INFO] redscanner.runner: Running: curl -s -I -L --max-time 30 -A Mozilla/5.0 -H Origin: https://attacker-apex.api.macrocosmos.ai https://apex.api.macrocosmos.ai
2026-08-31 17:00:57,000 [INFO] redscanner.runner: Running: curl -s -I -L --max-time 30 -A Mozilla/5.0 -H Origin: https://evil.apex.api.macrocosmos.ai https://apex.api.macrocosmos.ai
2026-08-31 17:00:57,290 [INFO] redscanner: CORS scanner reported 4 findings
2026-08-31 17:00:57,293 [INFO] redscanner: ============================================================
2026-08-31 17:00:57,293 [INFO] redscanner: PHASE: TLS/SSL assessment (WSTG-CRYP-01)
2026-08-31 17:00:57,293 [INFO] redscanner: ============================================================
2026-08-31 17:00:57,294 [INFO] redscanner: TLS scanner: using testssl.sh
2026-08-31 17:00:57,294 [INFO] redscanner.runner: Running: testssl.sh --jsonfile /tmp/tmp8s7g8l44.json --severity LOW --quiet --color 0 --warnings off apex.api.macrocosmos.ai:443
2026-08-31 17:03:37,735 [INFO] redscanner: TLS scanner reported 5 findings
2026-08-31 17:03:37,745 [INFO] redscanner: ============================================================
2026-08-31 17:03:37,745 [INFO] redscanner: PHASE: Directory / file brute-force (WSTG-CONF-05)
2026-08-31 17:03:37,745 [INFO] redscanner: ============================================================
2026-08-31 17:03:37,756 [INFO] redscanner: dirbust: detected gobuster v2-style CLI — using -m dir
2026-08-31 17:03:37,756 [INFO] redscanner.runner: Running: gobuster -m dir -u https://apex.api.macrocosmos.ai -w /home/red/assets/wordlists/all.txt -x php,html,txt,bak,zip,sql -q -np -t 10 -to 30s -s 200,204,301,302,307,401,403 -a Mozilla/5.0
2026-08-31 17:13:37,836 [ERROR] redscanner.runner: Tool timed out after 600s: gobuster
2026-08-31 17:13:37,837 [WARNING] redscanner: dirbust: gobuster returned no results (rc=-1) — relying on built-in probe. stderr: timeout
2026-08-31 17:13:37,837 [INFO] redscanner.runner: Running: curl -s -o /dev/null -w %{http_code} --max-time 8 --max-redirs 3 -A Mozilla/5.0 https://apex.api.macrocosmos.ai/admin
2026-08-31 17:13:38,146 [INFO] redscanner.runner: Running: curl -s -o /dev/null -w %{http_code} --max-time 8 --max-redirs 3 -A Mozilla/5.0 https://apex.api.macrocosmos.ai/admin/
2026-08-31 17:13:38,427 [INFO] redscanner.runner: Running: curl -s -o /dev/null -w %{http_code} --max-time 8 --max-redirs 3 -A Mozilla/5.0 https://apex.api.macrocosmos.ai/administrator
2026-08-31 17:13:38,741 [INFO] redscanner.runner: Running: curl -s -o /dev/null -w %{http_code} --max-time 8 --max-redirs 3 -A Mozilla/5.0 https://apex.api.macrocosmos.ai/administrator/
2026-08-31 17:13:39,032 [INFO] redscanner.runner: Running: curl -s -o /dev/null -w %{http_code} --max-time 8 --max-redirs 3 -A Mozilla/5.0 https://apex.api.macrocosmos.ai/admin/login
2026-08-31 17:13:39,318 [INFO] redscanner.runner: Running: curl -s -o /dev/null -w %{http_code} --max-time 8 --max-redirs 3 -A Mozilla/5.0 https://apex.api.macrocosmos.ai/admin/login.php
2026-08-31 17:13:39,649 [INFO] redscanner.runner: Running: curl -s -o /dev/null -w %{http_code} --max-time 8 --max-redirs 3 -A Mozilla/5.0 https://apex.api.macrocosmos.ai/manager
2026-08-31 17:13:39,941 [INFO] redscanner.runner: Running: curl -s -o /dev/null -w %{http_code} --max-time 8 --max-redirs 3 -A Mozilla/5.0 https://apex.api.macrocosmos.ai/manager/
2026-08-31 17:13:40,244 [INFO] redscanner.runner: Running: curl -s -o /dev/null -w %{http_code} --max-time 8 --max-redirs 3 -A Mozilla/5.0 https://apex.api.macrocosmos.ai/console
2026-08-31 17:13:40,540 [INFO] redscanner.runner: Running: curl -s -o /dev/null -w %{http_code} --max-time 8 --max-redirs 3 -A Mozilla/5.0 https://apex.api.macrocosmos.ai/console/
2026-08-31 17:13:40,832 [INFO] redscanner.runner: Running: curl -s -o /dev/null -w %{http_code} --max-time 8 --max-redirs 3 -A Mozilla/5.0 https://apex.api.macrocosmos.ai/panel
2026-08-31 17:13:41,110 [INFO] redscanner.runner: Running: curl -s -o /dev/null -w %{http_code} --max-time 8 --max-redirs 3 -A Mozilla/5.0 https://apex.api.macrocosmos.ai/panel/
2026-08-31 17:13:41,405 [INFO] redscanner.runner: Running: curl -s -o /dev/null -w %{http_code} --max-time 8 --max-redirs 3 -A Mozilla/5.0 https://apex.api.macrocosmos.ai/dashboard
2026-08-31 17:13:41,698 [INFO] redscanner.runner: Running: curl -s -o /dev/null -w %{http_code} --max-time 8 --max-redirs 3 -A Mozilla/5.0 https://apex.api.macrocosmos.ai/dashboard/
2026-08-31 17:13:41,984 [INFO] redscanner.runner: Running: curl -s -o /dev/null -w %{http_code} --max-time 8 --max-redirs 3 -A Mozilla/5.0 https://apex.api.macrocosmos.ai/controlpanel
2026-08-31 17:13:42,273 [INFO] redscanner.runner: Running: curl -s -o /dev/null -w %{http_code} --max-time 8 --max-redirs 3 -A Mozilla/5.0 https://apex.api.macrocosmos.ai/control
2026-08-31 17:13:42,569 [INFO] redscanner.runner: Running: curl -s -o /dev/null -w %{http_code} --max-time 8 --max-redirs 3 -A Mozilla/5.0 https://apex.api.macrocosmos.ai/backend
2026-08-31 17:13:42,861 [INFO] redscanner.runner: Running: curl -s -o /dev/null -w %{http_code} --max-time 8 --max-redirs 3 -A Mozilla/5.0 https://apex.api.macrocosmos.ai/login
2026-08-31 17:13:43,132 [INFO] redscanner.runner: Running: curl -s -o /dev/null -w %{http_code} --max-time 8 --max-redirs 3 -A Mozilla/5.0 https://apex.api.macrocosmos.ai/login.php
2026-08-31 17:13:43,404 [INFO] redscanner.runner: Running: curl -s -o /dev/null -w %{http_code} --max-time 8 --max-redirs 3 -A Mozilla/5.0 https://apex.api.macrocosmos.ai/signin
2026-08-31 17:13:43,691 [INFO] redscanner.runner: Running: curl -s -o /dev/null -w %{http_code} --max-time 8 --max-redirs 3 -A Mozilla/5.0 https://apex.api.macrocosmos.ai/auth
2026-08-31 17:13:43,981 [INFO] redscanner.runner: Running: curl -s -o /dev/null -w %{http_code} --max-time 8 --max-redirs 3 -A Mozilla/5.0 https://apex.api.macrocosmos.ai/.env
2026-08-31 17:13:44,266 [INFO] redscanner.runner: Running: curl -s -o /dev/null -w %{http_code} --max-time 8 --max-redirs 3 -A Mozilla/5.0 https://apex.api.macrocosmos.ai/.env.local
2026-08-31 17:13:44,573 [INFO] redscanner.runner: Running: curl -s -o /dev/null -w %{http_code} --max-time 8 --max-redirs 3 -A Mozilla/5.0 https://apex.api.macrocosmos.ai/.env.production
2026-08-31 17:13:44,849 [INFO] redscanner.runner: Running: curl -s -o /dev/null -w %{http_code} --max-time 8 --max-redirs 3 -A Mozilla/5.0 https://apex.api.macrocosmos.ai/.env.backup
2026-08-31 17:13:45,145 [INFO] redscanner.runner: Running: curl -s -o /dev/null -w %{http_code} --max-time 8 --max-redirs 3 -A Mozilla/5.0 https://apex.api.macrocosmos.ai/.git
2026-08-31 17:13:45,437 [INFO] redscanner.runner: Running: curl -s -o /dev/null -w %{http_code} --max-time 8 --max-redirs 3 -A Mozilla/5.0 https://apex.api.macrocosmos.ai/.git/config
2026-08-31 17:13:45,711 [INFO] redscanner.runner: Running: curl -s -o /dev/null -w %{http_code} --max-time 8 --max-redirs 3 -A Mozilla/5.0 https://apex.api.macrocosmos.ai/.git/HEAD
2026-08-31 17:13:45,992 [INFO] redscanner.runner: Running: curl -s -o /dev/null -w %{http_code} --max-time 8 --max-redirs 3 -A Mozilla/5.0 https://apex.api.macrocosmos.ai/web.config
2026-08-31 17:13:46,286 [INFO] redscanner.runner: Running: curl -s -o /dev/null -w %{http_code} --max-time 8 --max-redirs 3 -A Mozilla/5.0 https://apex.api.macrocosmos.ai/.htaccess
2026-08-31 17:13:46,597 [INFO] redscanner.runner: Running: curl -s -o /dev/null -w %{http_code} --max-time 8 --max-redirs 3 -A Mozilla/5.0 https://apex.api.macrocosmos.ai/.htpasswd
2026-08-31 17:13:46,883 [INFO] redscanner.runner: Running: curl -s -o /dev/null -w %{http_code} --max-time 8 --max-redirs 3 -A Mozilla/5.0 https://apex.api.macrocosmos.ai/wp-config.php
2026-08-31 17:13:47,177 [INFO] redscanner.runner: Running: curl -s -o /dev/null -w %{http_code} --max-time 8 --max-redirs 3 -A Mozilla/5.0 https://apex.api.macrocosmos.ai/config.php
2026-08-31 17:13:47,461 [INFO] redscanner.runner: Running: curl -s -o /dev/null -w %{http_code} --max-time 8 --max-redirs 3 -A Mozilla/5.0 https://apex.api.macrocosmos.ai/config.inc.php
2026-08-31 17:13:47,730 [INFO] redscanner.runner: Running: curl -s -o /dev/null -w %{http_code} --max-time 8 --max-redirs 3 -A Mozilla/5.0 https://apex.api.macrocosmos.ai/configuration.php
2026-08-31 17:13:48,017 [INFO] redscanner.runner: Running: curl -s -o /dev/null -w %{http_code} --max-time 8 --max-redirs 3 -A Mozilla/5.0 https://apex.api.macrocosmos.ai/settings.php
2026-08-31 17:13:48,310 [INFO] redscanner.runner: Running: curl -s -o /dev/null -w %{http_code} --max-time 8 --max-redirs 3 -A Mozilla/5.0 https://apex.api.macrocosmos.ai/database.php
2026-08-31 17:13:48,600 [INFO] redscanner.runner: Running: curl -s -o /dev/null -w %{http_code} --max-time 8 --max-redirs 3 -A Mozilla/5.0 https://apex.api.macrocosmos.ai/app.config
2026-08-31 17:13:48,883 [INFO] redscanner.runner: Running: curl -s -o /dev/null -w %{http_code} --max-time 8 --max-redirs 3 -A Mozilla/5.0 https://apex.api.macrocosmos.ai/appsettings.json
2026-08-31 17:13:49,183 [INFO] redscanner.runner: Running: curl -s -o /dev/null -w %{http_code} --max-time 8 --max-redirs 3 -A Mozilla/5.0 https://apex.api.macrocosmos.ai/backup
2026-08-31 17:13:49,469 [INFO] redscanner.runner: Running: curl -s -o /dev/null -w %{http_code} --max-time 8 --max-redirs 3 -A Mozilla/5.0 https://apex.api.macrocosmos.ai/backup.zip
2026-08-31 17:13:49,758 [INFO] redscanner.runner: Running: curl -s -o /dev/null -w %{http_code} --max-time 8 --max-redirs 3 -A Mozilla/5.0 https://apex.api.macrocosmos.ai/backup.tar.gz
2026-08-31 17:13:50,050 [INFO] redscanner.runner: Running: curl -s -o /dev/null -w %{http_code} --max-time 8 --max-redirs 3 -A Mozilla/5.0 https://apex.api.macrocosmos.ai/backup.sql
2026-08-31 17:13:50,322 [INFO] redscanner.runner: Running: curl -s -o /dev/null -w %{http_code} --max-time 8 --max-redirs 3 -A Mozilla/5.0 https://apex.api.macrocosmos.ai/db.sql
2026-08-31 17:13:50,606 [INFO] redscanner.runner: Running: curl -s -o /dev/null -w %{http_code} --max-time 8 --max-redirs 3 -A Mozilla/5.0 https://apex.api.macrocosmos.ai/database.sql
2026-08-31 17:13:50,913 [INFO] redscanner.runner: Running: curl -s -o /dev/null -w %{http_code} --max-time 8 --max-redirs 3 -A Mozilla/5.0 https://apex.api.macrocosmos.ai/dump.sql
2026-08-31 17:13:51,198 [INFO] redscanner.runner: Running: curl -s -o /dev/null -w %{http_code} --max-time 8 --max-redirs 3 -A Mozilla/5.0 https://apex.api.macrocosmos.ai/db_backup.sql
2026-08-31 17:13:51,485 [INFO] redscanner.runner: Running: curl -s -o /dev/null -w %{http_code} --max-time 8 --max-redirs 3 -A Mozilla/5.0 https://apex.api.macrocosmos.ai/site.tar.gz
2026-08-31 17:13:51,775 [INFO] redscanner.runner: Running: curl -s -o /dev/null -w %{http_code} --max-time 8 --max-redirs 3 -A Mozilla/5.0 https://apex.api.macrocosmos.ai/site.zip
2026-08-31 17:13:52,065 [INFO] redscanner.runner: Running: curl -s -o /dev/null -w %{http_code} --max-time 8 --max-redirs 3 -A Mozilla/5.0 https://apex.api.macrocosmos.ai/www.zip
2026-08-31 17:13:52,356 [INFO] redscanner.runner: Running: curl -s -o /dev/null -w %{http_code} --max-time 8 --max-redirs 3 -A Mozilla/5.0 https://apex.api.macrocosmos.ai/phpinfo.php
2026-08-31 17:13:52,643 [INFO] redscanner.runner: Running: curl -s -o /dev/null -w %{http_code} --max-time 8 --max-redirs 3 -A Mozilla/5.0 https://apex.api.macrocosmos.ai/info.php
2026-08-31 17:13:52,910 [INFO] redscanner.runner: Running: curl -s -o /dev/null -w %{http_code} --max-time 8 --max-redirs 3 -A Mozilla/5.0 https://apex.api.macrocosmos.ai/test.php
2026-08-31 17:13:53,193 [INFO] redscanner.runner: Running: curl -s -o /dev/null -w %{http_code} --max-time 8 --max-redirs 3 -A Mozilla/5.0 https://apex.api.macrocosmos.ai/server-status
2026-08-31 17:13:53,483 [INFO] redscanner.runner: Running: curl -s -o /dev/null -w %{http_code} --max-time 8 --max-redirs 3 -A Mozilla/5.0 https://apex.api.macrocosmos.ai/server-info
2026-08-31 17:13:53,773 [INFO] redscanner.runner: Running: curl -s -o /dev/null -w %{http_code} --max-time 8 --max-redirs 3 -A Mozilla/5.0 https://apex.api.macrocosmos.ai/debug
2026-08-31 17:13:54,076 [INFO] redscanner.runner: Running: curl -s -o /dev/null -w %{http_code} --max-time 8 --max-redirs 3 -A Mozilla/5.0 https://apex.api.macrocosmos.ai/debug/
2026-08-31 17:13:54,353 [INFO] redscanner.runner: Running: curl -s -o /dev/null -w %{http_code} --max-time 8 --max-redirs 3 -A Mozilla/5.0 https://apex.api.macrocosmos.ai/test
2026-08-31 17:13:54,643 [INFO] redscanner.runner: Running: curl -s -o /dev/null -w %{http_code} --max-time 8 --max-redirs 3 -A Mozilla/5.0 https://apex.api.macrocosmos.ai/dev
2026-08-31 17:13:54,934 [INFO] redscanner.runner: Running: curl -s -o /dev/null -w %{http_code} --max-time 8 --max-redirs 3 -A Mozilla/5.0 https://apex.api.macrocosmos.ai/staging
2026-08-31 17:13:55,223 [INFO] redscanner.runner: Running: curl -s -o /dev/null -w %{http_code} --max-time 8 --max-redirs 3 -A Mozilla/5.0 https://apex.api.macrocosmos.ai/actuator
2026-08-31 17:13:55,507 [INFO] redscanner.runner: Running: curl -s -o /dev/null -w %{http_code} --max-time 8 --max-redirs 3 -A Mozilla/5.0 https://apex.api.macrocosmos.ai/actuator/health
2026-08-31 17:13:55,778 [INFO] redscanner.runner: Running: curl -s -o /dev/null -w %{http_code} --max-time 8 --max-redirs 3 -A Mozilla/5.0 https://apex.api.macrocosmos.ai/actuator/env
2026-08-31 17:13:56,058 [INFO] redscanner.runner: Running: curl -s -o /dev/null -w %{http_code} --max-time 8 --max-redirs 3 -A Mozilla/5.0 https://apex.api.macrocosmos.ai/actuator/beans
2026-08-31 17:13:56,333 [INFO] redscanner.runner: Running: curl -s -o /dev/null -w %{http_code} --max-time 8 --max-redirs 3 -A Mozilla/5.0 https://apex.api.macrocosmos.ai/actuator/mappings
2026-08-31 17:13:56,626 [INFO] redscanner.runner: Running: curl -s -o /dev/null -w %{http_code} --max-time 8 --max-redirs 3 -A Mozilla/5.0 https://apex.api.macrocosmos.ai/health
2026-08-31 17:13:56,927 [INFO] redscanner.runner: Running: curl -s -o /dev/null -w %{http_code} --max-time 8 --max-redirs 3 -A Mozilla/5.0 https://apex.api.macrocosmos.ai/healthz
2026-08-31 17:13:57,205 [INFO] redscanner.runner: Running: curl -s -o /dev/null -w %{http_code} --max-time 8 --max-redirs 3 -A Mozilla/5.0 https://apex.api.macrocosmos.ai/status
2026-08-31 17:13:57,498 [INFO] redscanner.runner: Running: curl -s -o /dev/null -w %{http_code} --max-time 8 --max-redirs 3 -A Mozilla/5.0 https://apex.api.macrocosmos.ai/metrics
2026-08-31 17:13:57,927 [INFO] redscanner.runner: Running: curl -s -o /dev/null -w %{http_code} --max-time 8 --max-redirs 3 -A Mozilla/5.0 https://apex.api.macrocosmos.ai/prometheus
2026-08-31 17:13:58,202 [INFO] redscanner.runner: Running: curl -s -o /dev/null -w %{http_code} --max-time 8 --max-redirs 3 -A Mozilla/5.0 https://apex.api.macrocosmos.ai/api
2026-08-31 17:13:58,497 [INFO] redscanner.runner: Running: curl -s -o /dev/null -w %{http_code} --max-time 8 --max-redirs 3 -A Mozilla/5.0 https://apex.api.macrocosmos.ai/api/v1
2026-08-31 17:13:58,799 [INFO] redscanner.runner: Running: curl -s -o /dev/null -w %{http_code} --max-time 8 --max-redirs 3 -A Mozilla/5.0 https://apex.api.macrocosmos.ai/api/v2
2026-08-31 17:13:59,080 [INFO] redscanner.runner: Running: curl -s -o /dev/null -w %{http_code} --max-time 8 --max-redirs 3 -A Mozilla/5.0 https://apex.api.macrocosmos.ai/api/v1/users
2026-08-31 17:13:59,357 [INFO] redscanner.runner: Running: curl -s -o /dev/null -w %{http_code} --max-time 8 --max-redirs 3 -A Mozilla/5.0 https://apex.api.macrocosmos.ai/api/v1/admin
2026-08-31 17:13:59,675 [INFO] redscanner.runner: Running: curl -s -o /dev/null -w %{http_code} --max-time 8 --max-redirs 3 -A Mozilla/5.0 https://apex.api.macrocosmos.ai/api/v1/config
2026-08-31 17:13:59,947 [INFO] redscanner.runner: Running: curl -s -o /dev/null -w %{http_code} --max-time 8 --max-redirs 3 -A Mozilla/5.0 https://apex.api.macrocosmos.ai/upload
2026-08-31 17:14:00,232 [INFO] redscanner.runner: Running: curl -s -o /dev/null -w %{http_code} --max-time 8 --max-redirs 3 -A Mozilla/5.0 https://apex.api.macrocosmos.ai/uploads
2026-08-31 17:14:00,522 [INFO] redscanner.runner: Running: curl -s -o /dev/null -w %{http_code} --max-time 8 --max-redirs 3 -A Mozilla/5.0 https://apex.api.macrocosmos.ai/files
2026-08-31 17:14:00,816 [INFO] redscanner.runner: Running: curl -s -o /dev/null -w %{http_code} --max-time 8 --max-redirs 3 -A Mozilla/5.0 https://apex.api.macrocosmos.ai/static
2026-08-31 17:14:01,082 [INFO] redscanner.runner: Running: curl -s -o /dev/null -w %{http_code} --max-time 8 --max-redirs 3 -A Mozilla/5.0 https://apex.api.macrocosmos.ai/assets
2026-08-31 17:14:01,355 [INFO] redscanner.runner: Running: curl -s -o /dev/null -w %{http_code} --max-time 8 --max-redirs 3 -A Mozilla/5.0 https://apex.api.macrocosmos.ai/robots.txt
2026-08-31 17:14:01,643 [INFO] redscanner.runner: Running: curl -s -o /dev/null -w %{http_code} --max-time 8 --max-redirs 3 -A Mozilla/5.0 https://apex.api.macrocosmos.ai/sitemap.xml
2026-08-31 17:14:01,928 [INFO] redscanner.runner: Running: curl -s -o /dev/null -w %{http_code} --max-time 8 --max-redirs 3 -A Mozilla/5.0 https://apex.api.macrocosmos.ai/crossdomain.xml
2026-08-31 17:14:02,209 [INFO] redscanner.runner: Running: curl -s -o /dev/null -w %{http_code} --max-time 8 --max-redirs 3 -A Mozilla/5.0 https://apex.api.macrocosmos.ai/.well-known/security.txt
2026-08-31 17:14:02,499 [INFO] redscanner: Dirbust scanner reported 2 findings
2026-08-31 17:14:02,503 [INFO] redscanner: ============================================================
2026-08-31 17:14:02,503 [INFO] redscanner: PHASE: CDN/WAF bypass tests
2026-08-31 17:14:02,503 [INFO] redscanner: ============================================================
2026-08-31 17:14:02,503 [INFO] redscanner.runner: Running: curl -s -I -L --max-time 30 --max-redirs 3 -A Mozilla/5.0 https://apex.api.macrocosmos.ai
2026-08-31 17:14:02,777 [INFO] redscanner.runner: Running: curl -s -I -L --max-time 30 --max-redirs 3 -A Mozilla/5.0 -H Host: apex.api.macrocosmos.ai https://38.60.218.193/
2026-08-31 17:14:02,830 [INFO] redscanner.runner: Running: curl -s -I -L --max-time 30 --max-redirs 3 -A Mozilla/5.0 -H X-Forwarded-For: 127.0.0.1 https://apex.api.macrocosmos.ai
2026-08-31 17:14:03,119 [INFO] redscanner.runner: Running: curl -s -I -L --max-time 30 --max-redirs 3 -A Mozilla/5.0 -H X-Real-IP: 127.0.0.1 https://apex.api.macrocosmos.ai
2026-08-31 17:14:03,400 [INFO] redscanner.runner: Running: curl -s -I -L --max-time 30 --max-redirs 3 -A Mozilla/5.0 -H X-Originating-IP: 127.0.0.1 https://apex.api.macrocosmos.ai
2026-08-31 17:14:03,683 [INFO] redscanner.runner: Running: curl -s -I -L --max-time 30 --max-redirs 3 -A Mozilla/5.0 -H True-Client-IP: 127.0.0.1 https://apex.api.macrocosmos.ai
2026-08-31 17:14:03,967 [INFO] redscanner.runner: Running: curl -s -I -L --max-time 30 --max-redirs 3 -A Mozilla/5.0 -H X-Client-IP: 127.0.0.1 https://apex.api.macrocosmos.ai
2026-08-31 17:14:04,250 [INFO] redscanner.runner: Running: curl -s -I -L --max-time 30 --max-redirs 3 -A Mozilla/5.0 -H CF-Connecting-IP: 127.0.0.1 https://apex.api.macrocosmos.ai
2026-08-31 17:14:04,513 [INFO] redscanner.runner: Running: curl -s -I -L --max-time 30 --max-redirs 3 -A Mozilla/5.0 -H Fastly-Client-Ip: 127.0.0.1 https://apex.api.macrocosmos.ai
2026-08-31 17:14:04,800 [INFO] redscanner.runner: Running: curl -s -I -L --max-time 30 --max-redirs 3 -A Mozilla/5.0 -H X-Cluster-Client-IP: 127.0.0.1 https://apex.api.macrocosmos.ai
2026-08-31 17:14:05,076 [INFO] redscanner.runner: Running: curl -s -I -L --max-time 30 --max-redirs 3 -A Mozilla/5.0 -H X-Forwarded-For: 0.0.0.0 https://apex.api.macrocosmos.ai
2026-08-31 17:14:05,370 [INFO] redscanner.runner: Running: curl -s -I -L --max-time 30 --max-redirs 3 -A Mozilla/5.0 -H X-Forwarded-For: ::1 https://apex.api.macrocosmos.ai
2026-08-31 17:14:05,646 [INFO] redscanner.runner: Running: curl -s -I -L --max-time 30 --max-redirs 3 -A Mozilla/5.0 -H Host: evil-canary-host.example.com https://apex.api.macrocosmos.ai
2026-08-31 17:14:05,921 [INFO] redscanner.runner: Running: curl -s -I -L --max-time 30 --max-redirs 3 -A Mozilla/5.0 https://apex.api.macrocosmos.ai
2026-08-31 17:14:06,205 [INFO] redscanner.runner: Running: curl -s -I -L --max-time 30 --max-redirs 3 -A Mozilla/5.0 https://apex.api.macrocosmos.ai
2026-08-31 17:14:06,493 [INFO] redscanner: CDN bypass scanner reported 1 findings
2026-08-31 17:14:06,496 [INFO] redscanner: ============================================================
2026-08-31 17:14:06,496 [INFO] redscanner: PHASE: Nikto
2026-08-31 17:14:06,496 [INFO] redscanner: ============================================================
2026-08-31 17:14:06,497 [INFO] redscanner.runner: Running: nikto -h https://apex.api.macrocosmos.ai -maxtime 120s -useragent Mozilla/5.0
2026-08-31 17:14:06,627 [INFO] redscanner: nikto pass complete (1 hosts), parsed 0 lines
2026-08-31 17:14:06,627 [INFO] redscanner: Nikto parsed 0 notable lines
2026-08-31 17:14:06,628 [INFO] redscanner: ============================================================
2026-08-31 17:14:06,628 [INFO] redscanner: Generating Reports
2026-08-31 17:14:06,628 [INFO] redscanner: ============================================================
2026-08-31 17:14:06,630 [INFO] redscanner.report: JSON report: output/apex.api.macrocosmos.ai/20260831_165935/report.json
2026-08-31 17:14:06,631 [INFO] redscanner.report: Surface JSON: output/apex.api.macrocosmos.ai/20260831_165935/surface.json
2026-08-31 17:14:06,633 [INFO] redscanner.report: Markdown report: output/apex.api.macrocosmos.ai/20260831_165935/report.md
2026-08-31 17:14:06,636 [INFO] redscanner.report: HTML report: output/apex.api.macrocosmos.ai/20260831_165935/report.html
2026-08-31 17:14:06,638 [INFO] redscanner.report: SARIF report: output/apex.api.macrocosmos.ai/20260831_165935/report.sarif
2026-08-31 17:14:06,638 [INFO] redscanner.report: Reports written to output/apex.api.macrocosmos.ai/20260831_165935
2026-08-31 17:14:06,638 [INFO] redscanner: 
2026-08-31 17:14:06,639 [INFO] redscanner: ============================================================
2026-08-31 17:14:06,639 [INFO] redscanner: SCAN COMPLETE — 20260831_165935
2026-08-31 17:14:06,639 [INFO] redscanner: Target: apex.api.macrocosmos.ai
2026-08-31 17:14:06,639 [INFO] redscanner: Duration: 871.0s
2026-08-31 17:14:06,639 [INFO] redscanner: Assets discovered: 0
2026-08-31 17:14:06,639 [INFO] redscanner: Total findings: 20
2026-08-31 17:14:06,640 [INFO] redscanner:   Critical: 4  High: 0  Medium: 5  Low: 7  Info: 4
2026-08-31 17:14:06,640 [INFO] redscanner: Reports saved to: output/apex.api.macrocosmos.ai/20260831_165935
2026-08-31 17:14:06,640 [INFO] redscanner: ============================================================
2026-08-31 17:14:06,640 [INFO] redscanner: Scan completed successfully — resume.cfg cleared
2026-08-31 17:28:16,317 [INFO] redscanner: RedScanner v0.4.0 — scan 20260831_172816 against apex.api.macrocosmos.ai
2026-08-31 17:28:16,317 [INFO] redscanner: Engagement plan: Red team engagement plan
2026-08-31 17:28:16,317 [INFO] redscanner: Frameworks: MITRE ATT&CK (Enterprise + Cloud + Recon); PTES — Penetration Testing Execution Standard; OWASP Web Security Testing Guide (WSTG); NIST SP 800-115 — Technical Guide for Security Testing
2026-08-31 17:28:16,317 [INFO] redscanner: Modules (ordered): recon, wayback, naabu, nuclei, xss, sqli, api_leak, header_check, http_methods, cors, tls, dirbust, cdn_bypass, nikto
2026-08-31 17:28:16,317 [INFO] redscanner: Output: output/apex.api.macrocosmos.ai/20260831_172816
2026-08-31 17:28:16,320 [INFO] redscanner: External tools on PATH: subfinder, httpx, assetfinder, xcrawl3r, waybackurls, gau, naabu, nuclei, dalfox, sqlmap, nikto, gobuster, ffuf, testssl.sh
2026-08-31 17:28:16,320 [INFO] redscanner: ============================================================
2026-08-31 17:28:16,320 [INFO] redscanner: PHASE: Reconnaissance (subfinder, assetfinder, httpx, xcrawl3r)
2026-08-31 17:28:16,320 [INFO] redscanner: ============================================================
2026-08-31 17:28:16,320 [INFO] redscanner.runner: Running: subfinder -d apex.api.macrocosmos.ai -silent -all
2026-08-31 17:28:36,844 [INFO] redscanner: subfinder found 0 subdomains
2026-08-31 17:28:36,846 [INFO] redscanner.runner: Running: assetfinder apex.api.macrocosmos.ai
2026-08-31 17:28:37,918 [INFO] redscanner: assetfinder added 1 hostnames
2026-08-31 17:28:37,920 [INFO] redscanner.runner: Running: httpx -l /tmp/tmpqosp5_6y.txt -json -status-code -title -tech-detect -silent
2026-08-31 17:28:38,213 [INFO] redscanner: Discovered 0 HTTP assets
2026-08-31 17:28:38,213 [INFO] redscanner: ============================================================
2026-08-31 17:28:38,214 [INFO] redscanner: PHASE: Historical URLs (waybackurls, gau)
2026-08-31 17:28:38,214 [INFO] redscanner: ============================================================
2026-08-31 17:28:38,215 [INFO] redscanner.runner: Running: waybackurls
2026-08-31 17:28:38,514 [INFO] redscanner.runner: Running: gau apex.api.macrocosmos.ai
2026-08-31 17:29:11,670 [INFO] redscanner: Wayback/gau collected 0 URLs (cap 500)
2026-08-31 17:29:11,670 [INFO] redscanner: Collected 0 historical URLs for downstream scanners
2026-08-31 17:29:11,671 [INFO] redscanner: ============================================================
2026-08-31 17:29:11,671 [INFO] redscanner: PHASE: Port scan (naabu)
2026-08-31 17:29:11,671 [INFO] redscanner: ============================================================
2026-08-31 17:29:11,673 [INFO] redscanner.runner: Running: naabu -l output/apex.api.macrocosmos.ai/20260831_172816/recon/naabu_hosts.txt -silent -top-ports 1000 -rate 500
2026-08-31 17:29:23,436 [INFO] redscanner: naabu reported 2 open ports (info findings)
2026-08-31 17:29:23,439 [INFO] redscanner: ============================================================
2026-08-31 17:29:23,440 [INFO] redscanner: PHASE: Nuclei
2026-08-31 17:29:23,440 [INFO] redscanner: ============================================================
2026-08-31 17:29:23,440 [INFO] redscanner: Nuclei template exclude tags: dos,fuzz
2026-08-31 17:29:23,440 [INFO] redscanner.runner: Running: nuclei -l /tmp/tmpw9g0q94q.txt -json -silent -severity critical,high,medium,low -rate-limit 50 -c 10 -etags dos,fuzz
2026-08-31 17:29:23,739 [INFO] redscanner: Nuclei reported 0 findings
2026-08-31 17:29:23,739 [INFO] redscanner: ============================================================
2026-08-31 17:29:23,740 [INFO] redscanner: PHASE: XSS (dalfox)
2026-08-31 17:29:23,740 [INFO] redscanner: ============================================================
2026-08-31 17:29:23,740 [INFO] redscanner.runner: Running: dalfox url https://apex.api.macrocosmos.ai --format json --silence --timeout 30 --worker 10
2026-08-31 17:29:23,970 [INFO] redscanner: Dalfox reported 0 findings
2026-08-31 17:29:23,971 [INFO] redscanner: ============================================================
2026-08-31 17:29:23,971 [INFO] redscanner: PHASE: SQLi (sqlmap)
2026-08-31 17:29:23,972 [INFO] redscanner: ============================================================
2026-08-31 17:29:23,972 [INFO] redscanner.runner: Running: sqlmap -u https://apex.api.macrocosmos.ai --batch --smart --level 2 --risk 1 --output-dir output/apex.api.macrocosmos.ai/20260831_172816/sqlmap --forms --crawl=2
2026-08-31 17:29:29,475 [INFO] redscanner: SQLmap reported 0 findings
2026-08-31 17:29:29,476 [INFO] redscanner: ============================================================
2026-08-31 17:29:29,476 [INFO] redscanner: PHASE: API / secret patterns in JS
2026-08-31 17:29:29,476 [INFO] redscanner: ============================================================
2026-08-31 17:29:29,477 [INFO] redscanner.runner: Running: xcrawl3r -u https://apex.api.macrocosmos.ai
2026-08-31 17:29:30,249 [INFO] redscanner: API leak scan reported 0 findings
2026-08-31 17:29:30,250 [INFO] redscanner: ============================================================
2026-08-31 17:29:30,250 [INFO] redscanner: PHASE: HTTP Security Headers (curl HEAD)
2026-08-31 17:29:30,250 [INFO] redscanner: ============================================================
2026-08-31 17:29:30,250 [INFO] redscanner.runner: Running: curl -s -I -L --max-time 10 -A Mozilla/5.0 https://apex.api.macrocosmos.ai
2026-08-31 17:29:30,585 [INFO] redscanner: Header scanner reported 6 findings
2026-08-31 17:29:30,588 [INFO] redscanner: ============================================================
2026-08-31 17:29:30,588 [INFO] redscanner: PHASE: HTTP method audit (WSTG-CONF-06)
2026-08-31 17:29:30,588 [INFO] redscanner: ============================================================
2026-08-31 17:29:30,588 [INFO] redscanner.runner: Running: curl -s -i -X OPTIONS -L --max-time 30 -A Mozilla/5.0 https://apex.api.macrocosmos.ai
2026-08-31 17:29:30,873 [INFO] redscanner.runner: Running: curl -s -i -X TRACE -L --max-time 30 -A Mozilla/5.0 https://apex.api.macrocosmos.ai
2026-08-31 17:29:31,163 [INFO] redscanner: HTTP methods scanner reported 0 findings
2026-08-31 17:29:31,164 [INFO] redscanner: ============================================================
2026-08-31 17:29:31,164 [INFO] redscanner: PHASE: CORS misconfiguration (WSTG-CLIENT-07)
2026-08-31 17:29:31,164 [INFO] redscanner: ============================================================
2026-08-31 17:29:31,164 [INFO] redscanner.runner: Running: curl -s -I -L --max-time 30 -A Mozilla/5.0 https://apex.api.macrocosmos.ai
2026-08-31 17:29:31,480 [INFO] redscanner.runner: Running: curl -s -I -L --max-time 30 -A Mozilla/5.0 -H Origin: https://evil.example.com https://apex.api.macrocosmos.ai
2026-08-31 17:29:31,754 [INFO] redscanner.runner: Running: curl -s -I -L --max-time 30 -A Mozilla/5.0 -H Origin: null https://apex.api.macrocosmos.ai
2026-08-31 17:29:32,044 [INFO] redscanner.runner: Running: curl -s -I -L --max-time 30 -A Mozilla/5.0 -H Origin: https://attacker-apex.api.macrocosmos.ai https://apex.api.macrocosmos.ai
2026-08-31 17:29:32,324 [INFO] redscanner.runner: Running: curl -s -I -L --max-time 30 -A Mozilla/5.0 -H Origin: https://evil.apex.api.macrocosmos.ai https://apex.api.macrocosmos.ai
2026-08-31 17:29:32,624 [INFO] redscanner: CORS scanner reported 4 findings
2026-08-31 17:29:32,627 [INFO] redscanner: ============================================================
2026-08-31 17:29:32,627 [INFO] redscanner: PHASE: TLS/SSL assessment (WSTG-CRYP-01)
2026-08-31 17:29:32,627 [INFO] redscanner: ============================================================
2026-08-31 17:29:32,628 [INFO] redscanner: TLS scanner: using testssl.sh
2026-08-31 17:29:32,628 [INFO] redscanner.runner: Running: testssl.sh --jsonfile /tmp/tmptck8gx6d.json --severity LOW --quiet --color 0 --warnings off apex.api.macrocosmos.ai:443
2026-08-31 17:32:13,316 [INFO] redscanner: TLS scanner reported 5 findings
2026-08-31 17:32:13,331 [INFO] redscanner: ============================================================
2026-08-31 17:32:13,331 [INFO] redscanner: PHASE: Directory / file brute-force (WSTG-CONF-05)
2026-08-31 17:32:13,331 [INFO] redscanner: ============================================================
2026-08-31 17:32:13,331 [INFO] redscanner: dirbust: built-in probe of 85 high-value paths (concurrent)
2026-08-31 17:32:15,961 [INFO] redscanner: dirbust: wordlist has 4752 lines — skipping -x extensions (use a smaller list to enable them)
2026-08-31 17:32:15,961 [INFO] redscanner: dirbust: gobuster wordlist=/home/red/assets/wordlists/common.txt extensions=(none) timeout=150s
2026-08-31 17:32:15,973 [INFO] redscanner: dirbust: detected gobuster v2-style CLI — using -m dir
2026-08-31 17:32:15,974 [INFO] redscanner.runner: Running: gobuster -m dir -u https://apex.api.macrocosmos.ai -w /home/red/assets/wordlists/common.txt -q -np -t 10 -to 10s -s 200,204,301,302,307,401,403 -a Mozilla/5.0
2026-08-31 17:32:57,822 [INFO] redscanner: Dirbust scanner reported 3 findings
2026-08-31 17:32:57,826 [INFO] redscanner: ============================================================
2026-08-31 17:32:57,826 [INFO] redscanner: PHASE: CDN/WAF bypass tests
2026-08-31 17:32:57,826 [INFO] redscanner: ============================================================
2026-08-31 17:32:57,826 [INFO] redscanner.runner: Running: curl -s -I -L --max-time 30 --max-redirs 3 -A Mozilla/5.0 https://apex.api.macrocosmos.ai
2026-08-31 17:32:58,097 [INFO] redscanner.runner: Running: curl -s -I -L --max-time 30 --max-redirs 3 -A Mozilla/5.0 -H Host: apex.api.macrocosmos.ai https://38.60.218.193/
2026-08-31 17:32:58,151 [INFO] redscanner.runner: Running: curl -s -I -L --max-time 30 --max-redirs 3 -A Mozilla/5.0 -H X-Forwarded-For: 127.0.0.1 https://apex.api.macrocosmos.ai
2026-08-31 17:32:58,441 [INFO] redscanner.runner: Running: curl -s -I -L --max-time 30 --max-redirs 3 -A Mozilla/5.0 -H X-Real-IP: 127.0.0.1 https://apex.api.macrocosmos.ai
2026-08-31 17:32:58,726 [INFO] redscanner.runner: Running: curl -s -I -L --max-time 30 --max-redirs 3 -A Mozilla/5.0 -H X-Originating-IP: 127.0.0.1 https://apex.api.macrocosmos.ai
2026-08-31 17:32:59,019 [INFO] redscanner.runner: Running: curl -s -I -L --max-time 30 --max-redirs 3 -A Mozilla/5.0 -H True-Client-IP: 127.0.0.1 https://apex.api.macrocosmos.ai
2026-08-31 17:32:59,316 [INFO] redscanner.runner: Running: curl -s -I -L --max-time 30 --max-redirs 3 -A Mozilla/5.0 -H X-Client-IP: 127.0.0.1 https://apex.api.macrocosmos.ai
2026-08-31 17:32:59,611 [INFO] redscanner.runner: Running: curl -s -I -L --max-time 30 --max-redirs 3 -A Mozilla/5.0 -H CF-Connecting-IP: 127.0.0.1 https://apex.api.macrocosmos.ai
2026-08-31 17:32:59,898 [INFO] redscanner.runner: Running: curl -s -I -L --max-time 30 --max-redirs 3 -A Mozilla/5.0 -H Fastly-Client-Ip: 127.0.0.1 https://apex.api.macrocosmos.ai
2026-08-31 17:33:00,171 [INFO] redscanner.runner: Running: curl -s -I -L --max-time 30 --max-redirs 3 -A Mozilla/5.0 -H X-Cluster-Client-IP: 127.0.0.1 https://apex.api.macrocosmos.ai
2026-08-31 17:33:00,450 [INFO] redscanner.runner: Running: curl -s -I -L --max-time 30 --max-redirs 3 -A Mozilla/5.0 -H X-Forwarded-For: 0.0.0.0 https://apex.api.macrocosmos.ai
2026-08-31 17:33:00,738 [INFO] redscanner.runner: Running: curl -s -I -L --max-time 30 --max-redirs 3 -A Mozilla/5.0 -H X-Forwarded-For: ::1 https://apex.api.macrocosmos.ai
2026-08-31 17:33:01,034 [INFO] redscanner.runner: Running: curl -s -I -L --max-time 30 --max-redirs 3 -A Mozilla/5.0 -H Host: evil-canary-host.example.com https://apex.api.macrocosmos.ai
2026-08-31 17:33:01,315 [INFO] redscanner.runner: Running: curl -s -I -L --max-time 30 --max-redirs 3 -A Mozilla/5.0 https://apex.api.macrocosmos.ai
2026-08-31 17:33:01,610 [INFO] redscanner.runner: Running: curl -s -I -L --max-time 30 --max-redirs 3 -A Mozilla/5.0 https://apex.api.macrocosmos.ai
2026-08-31 17:33:01,898 [INFO] redscanner: CDN bypass scanner reported 1 findings
2026-08-31 17:33:01,902 [INFO] redscanner: ============================================================
2026-08-31 17:33:01,902 [INFO] redscanner: PHASE: Nikto
2026-08-31 17:33:01,902 [INFO] redscanner: ============================================================
2026-08-31 17:33:01,903 [INFO] redscanner.runner: Running: nikto -h https://apex.api.macrocosmos.ai -maxtime 120s -useragent Mozilla/5.0
2026-08-31 17:33:02,033 [INFO] redscanner: nikto pass complete (1 hosts), parsed 0 lines
2026-08-31 17:33:02,033 [INFO] redscanner: Nikto parsed 0 notable lines
2026-08-31 17:33:02,034 [INFO] redscanner: ============================================================
2026-08-31 17:33:02,034 [INFO] redscanner: Generating Reports
2026-08-31 17:33:02,034 [INFO] redscanner: ============================================================
2026-08-31 17:33:02,037 [INFO] redscanner.report: JSON report: output/apex.api.macrocosmos.ai/20260831_172816/report.json
2026-08-31 17:33:02,037 [INFO] redscanner.report: Surface JSON: output/apex.api.macrocosmos.ai/20260831_172816/surface.json
2026-08-31 17:33:02,039 [INFO] redscanner.report: Markdown report: output/apex.api.macrocosmos.ai/20260831_172816/report.md
2026-08-31 17:33:02,042 [INFO] redscanner.report: HTML report: output/apex.api.macrocosmos.ai/20260831_172816/report.html
2026-08-31 17:33:02,044 [INFO] redscanner.report: SARIF report: output/apex.api.macrocosmos.ai/20260831_172816/report.sarif
2026-08-31 17:33:02,045 [INFO] redscanner.report: Reports written to output/apex.api.macrocosmos.ai/20260831_172816
2026-08-31 17:33:02,045 [INFO] redscanner: 
2026-08-31 17:33:02,045 [INFO] redscanner: ============================================================
2026-08-31 17:33:02,045 [INFO] redscanner: SCAN COMPLETE — 20260831_172816
2026-08-31 17:33:02,045 [INFO] redscanner: Target: apex.api.macrocosmos.ai
2026-08-31 17:33:02,045 [INFO] redscanner: Duration: 285.7s
2026-08-31 17:33:02,045 [INFO] redscanner: Assets discovered: 0
2026-08-31 17:33:02,045 [INFO] redscanner: Total findings: 21
2026-08-31 17:33:02,046 [INFO] redscanner:   Critical: 4  High: 0  Medium: 5  Low: 8  Info: 4
2026-08-31 17:33:02,046 [INFO] redscanner: Reports saved to: output/apex.api.macrocosmos.ai/20260831_172816
2026-08-31 17:33:02,046 [INFO] redscanner: ============================================================
2026-08-31 17:33:02,046 [INFO] redscanner: Scan completed successfully — resume.cfg cleared
2026-08-31 17:50:50,365 [ERROR] redscanner: Unknown profile 'full192.142.44.53'. Use --list-profiles.
